$MeshFormat
4.1 0 8
$EndMeshFormat
$Entities
1799 37 14 0
1 0.7829102873802185 0.002783912932500243 0 0 
2 0.9979081153869629 0.0001503930543549359 0 0 
3 1.007562637329102 0.1497041136026382 0 0 
4 0.7674340009689331 0.1288758218288422 0 0 
5 0.6876575350761414 -0.0008356063044629991 0 0 
6 0.6996259093284607 0.152695819735527 0 0 
7 0.5256545543670654 -0.006187261082231998 0 0 
8 0.5209264755249023 0.20259128510952 0 0 
9 -0.005776906386017799 0.007989771664142609 0 0 
10 -0.005486062727868557 0.1795939654111862 0 0 
11 1.006133437156677 0.1978701651096344 0 0 
12 0.786832869052887 0.1928712576627731 0 0 
13 0.7446178197860718 0.2314154356718063 0 0 
14 0.6108152866363525 0.2997453510761261 0 0 
15 1.003130555152893 0.2967852056026459 0 0 
16 -0.008369813673198223 0.7141110301017761 0 0 
17 0.1903094202280045 0.737523078918457 0 0 
18 0.2717505395412445 0.7810909748077393 0 0 
19 0.9987697005271912 0.8713825941085815 0 0 
20 0.1787996292114258 1.008493065834045 0 0 
21 0.007005431223660707 1.006470680236816 0 0 
22 0.2296079993247986 0.9987280964851379 0 0 
23 1.016476273536682 0.9904466271400452 0 0 
24 0.7875805497169495 0.002922772895544767 0 0 
25 0.7922154664993286 0.003037557238712907 0 0 
26 0.7968165874481201 0.003129290416836739 0 0 
27 0.8013854026794434 0.00319899688474834 0 0 
28 0.8059234023094177 0.003247701330110431 0 0 
29 0.8104321360588074 0.003276427974924445 0 0 
30 0.8149130344390869 0.00328620127402246 0 0 
31 0.8193675875663757 0.00327804614789784 0 0 
32 0.8237974047660828 0.003252986818552017 0 0 
33 0.8282039165496826 0.003212047507986426 0 0 
34 0.8325886130332947 0.003156253369525075 0 0 
35 0.8369529843330383 0.003086628392338753 0 0 
36 0.8412986397743225 0.003004197031259537 0 0 
37 0.8456270098686218 0.002909984206780791 0 0 
38 0.8499395251274109 0.00280501414090395 0 0 
39 0.8542378544807434 0.002690311288461089 0 0 
40 0.8585233688354492 0.00256690033711493 0 0 
41 0.8627976179122925 0.002435805508866906 0 0 
42 0.8670620918273926 0.002298051491379738 0 0 
43 0.8713182806968689 0.002154662739485502 0 0 
44 0.8755677342414856 0.002006663708016276 0 0 
45 0.8798118829727173 0.001855079084634781 0 0 
46 0.8840523362159729 0.001700933091342449 0 0 
47 0.8882904648780823 0.001545250415802002 0 0 
48 0.8925279378890991 0.001389055512845516 0 0 
49 0.8967660665512085 0.001233372837305069 0 0 
50 0.9010065197944641 0.001079226960428059 0 0 
51 0.9052506685256958 0.0009276422206312418 0 0 
52 0.9095001220703125 0.0007796432473696768 0 0 
53 0.9137563109397888 0.0006362545536831021 0 0 
54 0.9180207848548889 0.0004985005361959338 0 0 
55 0.9222950339317322 0.0003674057661555707 0 0 
56 0.926580548286438 0.0002439947129460052 0 0 
57 0.9308788776397705 0.0001292918750550598 0 0 
58 0.9351913928985596 2.432176370348316e-05 0 0 
59 0.9395197629928589 -6.989113899180666e-05 0 0 
60 0.9438654184341431 -0.0001523223472759128 0 0 
61 0.9482297897338867 -0.0002219473390141502 0 0 
62 0.9526144862174988 -0.0002777416375465691 0 0 
63 0.9570209980010986 -0.0003186807443853468 0 0 
64 0.9614508152008057 -0.00034374013193883 0 0 
65 0.9659053683280945 -0.0003518953744787723 0 0 
66 0.970386266708374 -0.0003421219007577747 0 0 
67 0.9748950004577637 -0.0003133952559437603 0 0 
68 0.979433000087738 -0.000264690926996991 0 0 
69 0.9840018153190613 -0.0001949844299815595 0 0 
70 0.9886029362678528 -0.000103251266409643 0 0 
71 0.9932378530502319 1.153306129708653e-05 0 0 
72 0.770098090171814 0.1286350935697556 0 0 
73 0.772468626499176 0.1281027942895889 0 0 
74 0.7745581865310669 0.1272913217544556 0 0 
75 0.7763791084289551 0.1262131035327911 0 0 
76 0.777944028377533 0.1248805299401283 0 0 
77 0.7792654037475586 0.1233060136437416 0 0 
78 0.7803556323051453 0.1215019673109055 0 0 
79 0.7812272906303406 0.1194807887077332 0 0 
80 0.7818928956985474 0.1172548905014992 0 0 
81 0.7823648452758789 0.1148366779088974 0 0 
82 0.7826557159423828 0.1122385561466217 0 0 
83 0.7827779650688171 0.1094729378819466 0 0 
84 0.7827440500259399 0.1065522283315659 0 0 
85 0.7825665473937988 0.1034888327121735 0 0 
86 0.7822578549385071 0.1002951636910439 0 0 
87 0.7818304896354675 0.09698362648487091 0 0 
88 0.781296968460083 0.09356662631034851 0 0 
89 0.7806697487831116 0.09005656838417053 0 0 
90 0.7799614071846008 0.08646586537361145 0 0 
91 0.7791842818260193 0.08280692249536514 0 0 
92 0.7783510088920593 0.07909214496612549 0 0 
93 0.7774739861488342 0.07533393800258636 0 0 
94 0.7765657305717468 0.07154471427202225 0 0 
95 0.7756387591362 0.06773688644170761 0 0 
96 0.7747055292129517 0.06392285227775574 0 0 
97 0.7737785577774048 0.0601150169968605 0 0 
98 0.7728703022003174 0.05632579699158669 0 0 
99 0.7719932794570923 0.05256759375333786 0 0 
100 0.7711600065231323 0.04885281622409821 0 0 
101 0.7703828811645508 0.0451938696205616 0 0 
102 0.76967453956604 0.04160316661000252 0 0 
103 0.7690473198890686 0.03809310868382454 0 0 
104 0.7685137987136841 0.03467610850930214 0 0 
105 0.7680864334106445 0.0313645675778389 0 0 
106 0.7677777409553528 0.02817089855670929 0 0 
107 0.7676002383232117 0.02510750479996204 0 0 
108 0.7675663232803345 0.02218679524958134 0 0 
109 0.7676885724067688 0.01942117884755135 0 0 
110 0.7679794430732727 0.0168230589479208 0 0 
111 0.7684513926506042 0.01440484635531902 0 0 
112 0.769116997718811 0.01217894721776247 0 0 
113 0.7699886560440063 0.01015776861459017 0 0 
114 0.771078884601593 0.008353717625141144 0 0 
115 0.7724002599716187 0.006779202725738287 0 0 
116 0.7739651799201965 0.00544663006439805 0 0 
117 0.7757861018180847 0.004368407651782036 0 0 
118 0.7778756618499756 0.003556942334398627 0 0 
119 0.7802461981773376 0.003024641657248139 0 0 
120 0.6895397901535034 -0.0007742137531749904 0 0 
121 0.6914297938346863 -0.000711261760443449 0 0 
122 0.6933271288871765 -0.0006468167412094772 0 0 
123 0.695231556892395 -0.0005809450522065163 0 0 
124 0.6971427202224731 -0.0005137130501680076 0 0 
125 0.6990602612495422 -0.0004451870627235621 0 0 
126 0.7009838223457336 -0.0003754334757104516 0 0 
127 0.7029131650924683 -0.000304518616758287 0 0 
128 0.7048479318618774 -0.0002325088862562552 0 0 
129 0.7067877650260925 -0.0001594706118339673 0 0 
130 0.7087323665618896 -8.547016477677971e-05 0 0 
131 0.7106813788414001 -1.057388726621866e-05 0 0 
132 0.7126345038414001 6.515185668831691e-05 0 0 
133 0.714591383934021 0.000141640703077428 0 0 
134 0.7165517210960388 0.000218826302443631 0 0 
135 0.718515157699585 0.000296642305329442 0 0 
136 0.7204813957214355 0.0003750223258975893 0 0 
137 0.7224500775337219 0.0004539000510703772 0 0 
138 0.7244209051132202 0.0005332090659067035 0 0 
139 0.7263935208320618 0.0006128830718807876 0 0 
140 0.7283676266670227 0.0006928556831553578 0 0 
141 0.7303429245948792 0.0007730605429969728 0 0 
142 0.7323189973831177 0.0008534312946721911 0 0 
143 0.7342955470085144 0.0009339015814475715 0 0 
144 0.7362722754478455 0.001014405046589673 0 0 
145 0.7382488250732422 0.001094875275157392 0 0 
146 0.7402248978614807 0.001175246085040271 0 0 
147 0.7422001957893372 0.001255450886674225 0 0 
148 0.7441743016242981 0.001335423556156456 0 0 
149 0.7461469173431396 0.00141509750392288 0 0 
150 0.7481177449226379 0.001494406606070697 0 0 
151 0.7500864267349243 0.001573284273035824 0 0 
152 0.7520526647567749 0.001651664380915463 0 0 
153 0.754016101360321 0.001729480340145528 0 0 
154 0.7559764385223389 0.001806665910407901 0 0 
155 0.7579333186149597 0.001883154734969139 0 0 
156 0.7598864436149597 0.001958880573511124 0 0 
157 0.7618354558944702 0.002033776836469769 0 0 
158 0.7637800574302673 0.002107777167111635 0 0 
159 0.7657198905944824 0.002180815441533923 0 0 
160 0.7676546573638916 0.002252825303003192 0 0 
161 0.7695840001106262 0.002323740161955357 0 0 
162 0.7715075612068176 0.002393493661656976 0 0 
163 0.7734251022338867 0.002462019678205252 0 0 
164 0.7753362655639648 0.002529251622036099 0 0 
165 0.7772406935691833 0.002595123369246721 0 0 
166 0.7791380286216736 0.002659568330273032 0 0 
167 0.7810280323028564 0.002722520381212234 0 0 
168 0.9978346824645996 0.002979727229103446 0 0 
169 0.997795045375824 0.005836909636855125 0 0 
170 0.9977878332138062 0.008720754645764828 0 0 
171 0.997811496257782 0.01163007691502571 0 0 
172 0.9978646636009216 0.01456369273364544 0 0 
173 0.9979459047317505 0.01752041466534138 0 0 
174 0.9980537295341492 0.02049906179308891 0 0 
175 0.9981867671012878 0.02349844574928284 0 0 
176 0.9983435273170471 0.02651738189160824 0 0 
177 0.9985225796699524 0.02955468557775021 0 0 
178 0.9987224340438843 0.03260917216539383 0 0 
179 0.9989417791366577 0.0356796570122242 0 0 
180 0.9991791248321533 0.03876495361328125 0 0 
181 0.9994329810142517 0.04186387732625008 0 0 
182 0.9997019171714783 0.04497524723410606 0 0 
183 0.9999845623970032 0.0480978712439537 0 0 
184 1.000279426574707 0.05123056843876839 0 0 
185 1.000585079193115 0.0543721541762352 0 0 
186 1.000900030136108 0.05752144008874893 0 0 
187 1.001222968101501 0.06067724898457527 0 0 
188 1.00155234336853 0.06383838504552841 0 0 
189 1.00188672542572 0.06700366735458374 0 0 
190 1.002224802970886 0.07017192244529724 0 0 
191 1.002564907073975 0.07334194332361221 0 0 
192 1.00290584564209 0.07651256024837494 0 0 
193 1.003245949745178 0.07968258857727051 0 0 
194 1.003584027290344 0.08285083621740341 0 0 
195 1.003918409347534 0.08601611852645874 0 0 
196 1.004247784614563 0.08917725831270218 0 0 
197 1.004570722579956 0.09233306348323822 0 0 
198 1.004885673522949 0.09548234939575195 0 0 
199 1.005191326141357 0.09862393885850906 0 0 
200 1.005486249923706 0.1017566323280334 0 0 
201 1.005768775939941 0.1048792600631714 0 0 
202 1.006037831306458 0.1079906299710274 0 0 
203 1.006291627883911 0.1110895499587059 0 0 
204 1.006528973579407 0.1141748502850533 0 0 
205 1.00674831867218 0.1172453314065933 0 0 
206 1.006948232650757 0.1202998235821724 0 0 
207 1.007127285003662 0.1233371272683144 0 0 
208 1.007284045219421 0.1263560652732849 0 0 
209 1.007416963577271 0.1293554455041885 0 0 
210 1.007524847984314 0.1323340982198715 0 0 
211 1.007606029510498 0.1352908164262772 0 0 
212 1.007659196853638 0.1382244229316711 0 0 
213 1.007682919502258 0.1411337554454803 0 0 
214 1.007675647735596 0.1440175920724869 0 0 
215 1.007636070251465 0.1468747854232788 0 0 
216 1.007266640663147 0.1453128308057785 0 0 
217 1.006395101547241 0.1410535275936127 0 0 
218 1.004972577095032 0.1369283199310303 0 0 
219 1.003023266792297 0.132939338684082 0 0 
220 1.000571966171265 0.1290887147188187 0 0 
221 0.9976431131362915 0.1253785490989685 0 0 
222 0.9942610263824463 0.1218109950423241 0 0 
223 0.990450382232666 0.1183881610631943 0 0 
224 0.9862356185913086 0.1151121705770493 0 0 
225 0.9816411733627319 0.1119851544499397 0 0 
226 0.9766916036605835 0.1090092286467552 0 0 
227 0.971411406993866 0.106186531484127 0 0 
228 0.9658250212669373 0.1035191714763641 0 0 
229 0.9599569439888 0.1010092869400978 0 0 
230 0.9538317322731018 0.09865899384021759 0 0 
231 0.9474738240242004 0.0964704155921936 0 0 
232 0.9409077763557434 0.09444568306207657 0 0 
233 0.9341579675674438 0.09258691221475601 0 0 
234 0.9272489547729492 0.09089624136686325 0 0 
235 0.920205295085907 0.08937577903270721 0 0 
236 0.9130513668060303 0.08802766352891922 0 0 
237 0.9058117270469666 0.08685401082038879 0 0 
238 0.8985108733177185 0.08585694432258606 0 0 
239 0.891173243522644 0.08503859490156174 0 0 
240 0.8838233947753906 0.08440108597278595 0 0 
241 0.8764857649803162 0.08394653350114822 0 0 
242 0.8691849112510681 0.08367706835269928 0 0 
243 0.8619452714920044 0.08359482139348984 0 0 
244 0.8547913432121277 0.08370190858840942 0 0 
245 0.8477476835250854 0.08400045335292816 0 0 
246 0.8408386707305908 0.08449257910251617 0 0 
247 0.8340888619422913 0.08518042415380478 0 0 
248 0.8275228142738342 0.08606609702110291 0 0 
249 0.8211649060249329 0.08715172857046127 0 0 
250 0.8150396943092346 0.08843944221735001 0 0 
251 0.8091716170310974 0.08993136137723923 0 0 
252 0.8035852313041687 0.09162961691617966 0 0 
253 0.7983050346374512 0.09353632479906082 0 0 
254 0.7933554649353027 0.09565361589193344 0 0 
255 0.7887610197067261 0.09798361361026764 0 0 
256 0.7845462560653687 0.1005284339189529 0 0 
257 0.7807356119155884 0.1032902151346207 0 0 
258 0.7773535251617432 0.1062710657715797 0 0 
259 0.7744246125221252 0.1094731315970421 0 0 
260 0.7719733119010925 0.112898513674736 0 0 
261 0.7700241208076477 0.1165493503212929 0 0 
262 0.7686014771461487 0.1204277649521828 0 0 
263 0.7677299380302429 0.1245358809828758 0 0 
264 1.007525205612183 0.1508682519197464 0 0 
265 1.00748884677887 0.1520097553730011 0 0 
266 1.007453441619873 0.1531295776367188 0 0 
267 1.007418990135193 0.1542286723852158 0 0 
268 1.007385492324829 0.1553080081939697 0 0 
269 1.007352828979492 0.1563685685396194 0 0 
270 1.007320880889893 0.1574112921953201 0 0 
271 1.00728976726532 0.1584371477365494 0 0 
272 1.007259368896484 0.159447118639946 0 0 
273 1.007229685783386 0.1604421436786652 0 0 
274 1.007200598716736 0.1614231914281845 0 0 
275 1.007172107696533 0.1623912453651428 0 0 
276 1.007144212722778 0.1633472442626953 0 0 
277 1.007116794586182 0.1642921566963196 0 0 
278 1.007089734077454 0.1652269512414932 0 0 
279 1.007063150405884 0.1661525964736938 0 0 
280 1.007037043571472 0.167070060968399 0 0 
281 1.00701117515564 0.167980283498764 0 0 
282 1.006985545158386 0.1688842475414276 0 0 
283 1.006960272789001 0.1697829067707062 0 0 
284 1.006935119628906 0.1706772297620773 0 0 
285 1.006910085678101 0.1715681850910187 0 0 
286 1.006885290145874 0.1724567264318466 0 0 
287 1.006860375404358 0.1733438372612 0 0 
288 1.006835699081421 0.1742304414510727 0 0 
289 1.006810784339905 0.175117552280426 0 0 
290 1.006785988807678 0.176006093621254 0 0 
291 1.006760954856873 0.1768970489501953 0 0 
292 1.006735801696777 0.1777913719415665 0 0 
293 1.006710529327393 0.178690031170845 0 0 
294 1.006684899330139 0.1795939952135086 0 0 
295 1.006659030914307 0.1805042177438736 0 0 
296 1.006632924079895 0.1814216822385788 0 0 
297 1.006606340408325 0.1823473274707794 0 0 
298 1.006579279899597 0.1832821220159531 0 0 
299 1.006551861763 0.1842270344495773 0 0 
300 1.006523966789246 0.1851830333471298 0 0 
301 1.006495475769043 0.1861510872840881 0 0 
302 1.006466388702393 0.1871321350336075 0 0 
303 1.006436705589294 0.1881271600723267 0 0 
304 1.006406307220459 0.1891371309757233 0 0 
305 1.006375193595886 0.1901629865169525 0 0 
306 1.006343245506287 0.1912057101726532 0 0 
307 1.00631058216095 0.1922662705183029 0 0 
308 1.006277084350586 0.1933456063270569 0 0 
309 1.006242632865906 0.1944447010755539 0 0 
310 1.006207227706909 0.1955645233392715 0 0 
311 1.006170868873596 0.1967060267925262 0 0 
312 0.7675464749336243 0.1304383426904678 0 0 
313 0.7674718499183655 0.1318663209676743 0 0 
314 0.7672181725502014 0.1331654787063599 0 0 
315 0.766793429851532 0.1343415230512619 0 0 
316 0.7662054896354675 0.1354002058506012 0 0 
317 0.765462338924408 0.136347234249115 0 0 
318 0.7645719647407532 0.1371883451938629 0 0 
319 0.7635422945022583 0.1379292458295822 0 0 
320 0.7623813152313232 0.1385756880044937 0 0 
321 0.7610969543457031 0.1391333788633347 0 0 
322 0.7596971988677979 0.1396080553531647 0 0 
323 0.7581899762153625 0.140005424618721 0 0 
324 0.7565833330154419 0.1403312385082245 0 0 
325 0.7548850774765015 0.1405912041664124 0 0 
326 0.7531033158302307 0.140791043639183 0 0 
327 0.75124591588974 0.1409364938735962 0 0 
328 0.7493208646774292 0.1410332769155502 0 0 
329 0.7473360896110535 0.1410871297121048 0 0 
330 0.7452996373176575 0.1411037445068359 0 0 
331 0.7432193756103516 0.1410888880491257 0 0 
332 0.7411033511161804 0.14104825258255 0 0 
333 0.7389593720436096 0.1409875899553299 0 0 
334 0.7367956042289734 0.1409126073122025 0 0 
335 0.7346197962760925 0.1408290416002274 0 0 
336 0.7324401140213013 0.1407425999641418 0 0 
337 0.7302643060684204 0.1406590342521667 0 0 
338 0.7281005382537842 0.1405840516090393 0 0 
339 0.7259565591812134 0.1405233889818192 0 0 
340 0.7238405346870422 0.1404827535152435 0 0 
341 0.7217602729797363 0.1404678970575333 0 0 
342 0.7197238206863403 0.1404845118522644 0 0 
343 0.7177390456199646 0.140538364648819 0 0 
344 0.7158139944076538 0.140635147690773 0 0 
345 0.7139565944671631 0.1407805979251862 0 0 
346 0.7121748328208923 0.1409804373979568 0 0 
347 0.7104765772819519 0.1412404030561447 0 0 
348 0.7088699340820312 0.1415662169456482 0 0 
349 0.7073627114295959 0.1419635862112045 0 0 
350 0.7059629559516907 0.1424382627010345 0 0 
351 0.7046785950660706 0.1429959535598755 0 0 
352 0.7035176157951355 0.143642395734787 0 0 
353 0.7024879455566406 0.1443832963705063 0 0 
354 0.7015975713729858 0.1452244073152542 0 0 
355 0.7008544206619263 0.146171435713768 0 0 
356 0.7002664804458618 0.1472301185131073 0 0 
357 0.6998417377471924 0.1484061628580093 0 0 
358 0.6995880603790283 0.1497053205966949 0 0 
359 0.6995134353637695 0.1511332988739014 0 0 
360 0.7876901030540466 0.1927074640989304 0 0 
361 0.7883906364440918 0.1924008876085281 0 0 
362 0.7889412641525269 0.1919576227664948 0 0 
363 0.7893485426902771 0.1913837045431137 0 0 
364 0.7896192073822021 0.1906852573156357 0 0 
365 0.7897598743438721 0.1898683160543442 0 0 
366 0.7897772789001465 0.1889389902353287 0 0 
367 0.7896779775619507 0.1879033297300339 0 0 
368 0.7894687056541443 0.1867674142122269 0 0 
369 0.7891561388969421 0.1855373382568359 0 0 
370 0.7887468934059143 0.1842191517353058 0 0 
371 0.7882477045059204 0.1828189492225647 0 0 
372 0.7876651883125305 0.1813427954912186 0 0 
373 0.7870059609413147 0.1797967851161957 0 0 
374 0.7862768173217773 0.1781869679689407 0 0 
375 0.7854843139648438 0.176519438624382 0 0 
376 0.7846351861953735 0.1748002469539642 0 0 
377 0.7837360501289368 0.1730355024337769 0 0 
378 0.7827935814857483 0.1712312698364258 0 0 
379 0.7818144559860229 0.1693936139345169 0 0 
380 0.7808053493499756 0.1675286144018173 0 0 
381 0.7797728776931763 0.1656423509120941 0 0 
382 0.7787237763404846 0.1637409031391144 0 0 
383 0.7776646614074707 0.161830335855484 0 0 
384 0.7766022086143494 0.1599167436361313 0 0 
385 0.7755430936813354 0.1580061763525009 0 0 
386 0.7744939923286438 0.1561047285795212 0 0 
387 0.7734615206718445 0.154218465089798 0 0 
388 0.7724524140357971 0.1523534655570984 0 0 
389 0.7714732885360718 0.1505158096551895 0 0 
390 0.7705308198928833 0.1487115770578384 0 0 
391 0.7696316838264465 0.1469468325376511 0 0 
392 0.7687825560569763 0.1452276408672333 0 0 
393 0.7679900527000427 0.1435601115226746 0 0 
394 0.7672609090805054 0.1419502943754196 0 0 
395 0.7666016817092896 0.1404042840003967 0 0 
396 0.7660191655158997 0.1389281302690506 0 0 
397 0.7655199766159058 0.1375279277563095 0 0 
398 0.7651107311248779 0.1362097412347794 0 0 
399 0.7647981643676758 0.1349796652793884 0 0 
400 0.7645888924598694 0.1338437497615814 0 0 
401 0.7644895911216736 0.1328080892562866 0 0 
402 0.764506995677948 0.1318787634372711 0 0 
403 0.7646476626396179 0.1310618221759796 0 0 
404 0.764918327331543 0.1303633749485016 0 0 
405 0.7653256058692932 0.1297894567251205 0 0 
406 0.7658762335777283 0.1293461918830872 0 0 
407 0.7665767669677734 0.1290396153926849 0 0 
408 0.7024545669555664 0.1521430611610413 0 0 
409 0.7048990726470947 0.1512677222490311 0 0 
410 0.7069758176803589 0.1500835567712784 0 0 
411 0.7087011933326721 0.1486042737960815 0 0 
412 0.7100914716720581 0.1468435972929001 0 0 
413 0.7111629843711853 0.1448152661323547 0 0 
414 0.7119321227073669 0.142533004283905 0 0 
415 0.7124152183532715 0.1400105208158493 0 0 
416 0.7126286625862122 0.1372615545988083 0 0 
417 0.7125887274742126 0.1342998445034027 0 0 
418 0.7123117446899414 0.1311390995979309 0 0 
419 0.7118141651153564 0.1277930438518524 0 0 
420 0.7111122608184814 0.124275416135788 0 0 
421 0.7102223634719849 0.1205999329686165 0 0 
422 0.7091608643531799 0.1167803332209587 0 0 
423 0.7079440355300903 0.112830325961113 0 0 
424 0.7065883278846741 0.1087636500597 0 0 
425 0.7051100134849548 0.1045940220355988 0 0 
426 0.7035254836082458 0.1003351807594299 0 0 
427 0.7018510103225708 0.09600084275007248 0 0 
428 0.7001029849052429 0.09160473197698593 0 0 
429 0.6982977986335754 0.08716057986021042 0 0 
430 0.696451723575592 0.08268211781978607 0 0 
431 0.6945810914039612 0.07818306237459183 0 0 
432 0.6927023530006409 0.07367714494466782 0 0 
433 0.69083172082901 0.06917809695005417 0 0 
434 0.6889856457710266 0.06469962745904922 0 0 
435 0.6871804594993591 0.06025548279285431 0 0 
436 0.6854324340820312 0.05585937201976776 0 0 
437 0.6837579607963562 0.05152503401041031 0 0 
438 0.6821734309196472 0.04726618900895119 0 0 
439 0.680695116519928 0.04309656471014023 0 0 
440 0.6793394088745117 0.03902988880872726 0 0 
441 0.6781225800514221 0.03507988154888153 0 0 
442 0.6770610809326172 0.03126027807593346 0 0 
443 0.6761711835861206 0.02758479677140713 0 0 
444 0.6754692792892456 0.02406716719269753 0 0 
445 0.6749716997146606 0.02072111703455448 0 0 
446 0.6746947169303894 0.01756037026643753 0 0 
447 0.6746547818183899 0.01459865365177393 0 0 
448 0.6748682260513306 0.01184969395399094 0 0 
449 0.6753513216972351 0.009327216073870659 0 0 
450 0.6761204600334167 0.00704494770616293 0 0 
451 0.6771919727325439 0.005016614682972431 0 0 
452 0.6785822510719299 0.003255942603573203 0 0 
453 0.6803076267242432 0.001776658464223146 0 0 
454 0.6823843717575073 0.0005924880388192832 0 0 
455 0.6848288774490356 -0.0002828422875609249 0 0 
456 0.5291593074798584 -0.006074048578739166 0 0 
457 0.5326392650604248 -0.005961335729807615 0 0 
458 0.5360954999923706 -0.005849101115018129 0 0 
459 0.5395289659500122 -0.005737322848290205 0 0 
460 0.5429407358169556 -0.005625980440527201 0 0 
461 0.5463320016860962 -0.0055150524713099 0 0 
462 0.5497036576271057 -0.005404517520219088 0 0 
463 0.5530568361282349 -0.005294354632496834 0 0 
464 0.5563926100730896 -0.005184542387723923 0 0 
465 0.5597119927406311 -0.005075058899819851 0 0 
466 0.5630160570144653 -0.004965884145349264 0 0 
467 0.5663058757781982 -0.004856996238231659 0 0 
468 0.569582462310791 -0.004748373758047819 0 0 
469 0.5728469491004944 -0.004639995750039816 0 0 
470 0.5761002898216248 -0.004531840328127146 0 0 
471 0.5793436169624329 -0.004423887468874454 0 0 
472 0.5825780034065247 -0.004316114820539951 0 0 
473 0.5858044028282166 -0.004208501894026995 0 0 
474 0.5890240073204041 -0.004101026803255081 0 0 
475 0.5922377109527588 -0.003993668593466282 0 0 
476 0.5954467058181763 -0.003886406309902668 0 0 
477 0.5986520051956177 -0.003779218066483736 0 0 
478 0.601854681968689 -0.003672083141282201 0 0 
479 0.6050557494163513 -0.003564979881048203 0 0 
480 0.6082563400268555 -0.003457887331023812 0 0 
481 0.6114574074745178 -0.003350784303620458 0 0 
482 0.6146600842475891 -0.003243649378418922 0 0 
483 0.6178653836250305 -0.00313646113499999 0 0 
484 0.621074378490448 -0.003029198618605733 0 0 
485 0.6242880821228027 -0.002921840641647577 0 0 
486 0.6275076866149902 -0.002814365550875664 0 0 
487 0.6307340860366821 -0.002706752391532063 0 0 
488 0.6339684724807739 -0.002598979976028204 0 0 
489 0.637211799621582 -0.002491026883944869 0 0 
490 0.6404651403427124 -0.002382871927693486 0 0 
491 0.6437296271324158 -0.002274493686854839 0 0 
492 0.6470062136650085 -0.002165871206671 0 0 
493 0.6502960324287415 -0.002056983299553394 0 0 
494 0.6536000967025757 -0.001947808312252164 0 0 
495 0.6569194793701172 -0.001838325173594058 0 0 
496 0.6602552533149719 -0.001728512812405825 0 0 
497 0.6636084318161011 -0.001618349691852927 0 0 
498 0.6669800877571106 -0.001507814857177436 0 0 
499 0.6703713536262512 -0.001396886771544814 0 0 
500 0.6737831234931946 -0.001285544480197132 0 0 
501 0.6772165894508362 -0.001173766446299851 0 0 
502 0.680672824382782 -0.001061531598679721 0 0 
503 0.6841527819633484 -0.0009488186333328485 0 0 
504 0.7003175020217896 0.1561643928289413 0 0 
505 0.7004667520523071 0.1593266725540161 0 0 
506 0.7000967860221863 0.162195697426796 0 0 
507 0.6992306709289551 0.1647845059633255 0 0 
508 0.6978914737701416 0.1671061217784882 0 0 
509 0.6961022615432739 0.1691735982894897 0 0 
510 0.6938861608505249 0.1709999442100525 0 0 
511 0.6912661194801331 0.1725982129573822 0 0 
512 0.6882653832435608 0.1739814281463623 0 0 
513 0.6849068999290466 0.1751626133918762 0 0 
514 0.6812138557434082 0.1761548221111298 0 0 
515 0.677209198474884 0.1769710779190063 0 0 
516 0.6729161143302917 0.1776244193315506 0 0 
517 0.6683576703071594 0.1781278699636459 0 0 
518 0.6635568737983704 0.178494468331337 0 0 
519 0.6585368514060974 0.1787372529506683 0 0 
520 0.6533206701278687 0.1788692474365234 0 0 
521 0.6479313969612122 0.1789035052061081 0 0 
522 0.6423921585083008 0.1788530349731445 0 0 
523 0.6367259621620178 0.1787308752536774 0 0 
524 0.6309559345245361 0.1785500645637512 0 0 
525 0.6251051425933838 0.1783236563205719 0 0 
526 0.6191966533660889 0.1780646443367004 0 0 
527 0.6132535338401794 0.1777860820293427 0 0 
528 0.6072988510131836 0.1775010228157043 0 0 
529 0.6013557314872742 0.1772224605083466 0 0 
530 0.5954472422599792 0.1769634485244751 0 0 
531 0.5895964503288269 0.1767370402812958 0 0 
532 0.5838264226913452 0.1765562295913696 0 0 
533 0.5781602263450623 0.1764340698719025 0 0 
534 0.5726209878921509 0.1763835996389389 0 0 
535 0.5672317147254944 0.1764178574085236 0 0 
536 0.5620155334472656 0.1765498518943787 0 0 
537 0.5569955110549927 0.17679263651371 0 0 
538 0.5521947145462036 0.1771592348814011 0 0 
539 0.5476362705230713 0.1776626855134964 0 0 
540 0.543343186378479 0.1783160269260406 0 0 
541 0.5393385291099548 0.1791322827339172 0 0 
542 0.5356454849243164 0.1801244914531708 0 0 
543 0.5322870016098022 0.1813056766986847 0 0 
544 0.52928626537323 0.1826888918876648 0 0 
545 0.5266662240028381 0.1842871606349945 0 0 
546 0.5244501233100891 0.1861135065555573 0 0 
547 0.5226609110832214 0.1881809830665588 0 0 
548 0.521321713924408 0.1905025988817215 0 0 
549 0.5204555988311768 0.193091407418251 0 0 
550 0.5200856328010559 0.1959604322910309 0 0 
551 0.5202348828315735 0.1991227120161057 0 0 
552 0.7460218667984009 0.2303245067596436 0 0 
553 0.7471356391906738 0.2291691303253174 0 0 
554 0.7479715347290039 0.2279520481824875 0 0 
555 0.7485417723655701 0.2266759872436523 0 0 
556 0.7488588094711304 0.225343719124794 0 0 
557 0.7489349842071533 0.2239579707384109 0 0 
558 0.7487826347351074 0.2225214838981628 0 0 
559 0.748414158821106 0.2210370004177094 0 0 
560 0.7478417754173279 0.2195072621107101 0 0 
561 0.747078001499176 0.2179350256919861 0 0 
562 0.7461351156234741 0.2163230180740356 0 0 
563 0.7450254559516907 0.2146739810705185 0 0 
564 0.7437613606452942 0.2129906713962555 0 0 
565 0.7423552274703979 0.2112758159637451 0 0 
566 0.7408193945884705 0.2095321714878082 0 0 
567 0.739166259765625 0.2077624648809433 0 0 
568 0.7374080419540405 0.2059694528579712 0 0 
569 0.7355572581291199 0.2041558772325516 0 0 
570 0.733626127243042 0.2023244649171829 0 0 
571 0.7316271066665649 0.2004779726266861 0 0 
572 0.7295724749565125 0.1986191421747208 0 0 
573 0.7274746298789978 0.1967507004737854 0 0 
574 0.7253458499908447 0.1948754191398621 0 0 
575 0.7231985926628113 0.192996010184288 0 0 
576 0.7210451364517212 0.1911152452230453 0 0 
577 0.7188978791236877 0.1892358362674713 0 0 
578 0.7167690992355347 0.187360554933548 0 0 
579 0.71467125415802 0.1854921132326126 0 0 
580 0.7126166224479675 0.1836332827806473 0 0 
581 0.7106176018714905 0.1817867904901505 0 0 
582 0.7086864709854126 0.1799553781747818 0 0 
583 0.7068356871604919 0.1781418025493622 0 0 
584 0.7050774693489075 0.1763487905263901 0 0 
585 0.703424334526062 0.1745790839195251 0 0 
586 0.7018885016441345 0.1728354394435883 0 0 
587 0.7004823684692383 0.1711205840110779 0 0 
588 0.6992182731628418 0.1694372743368149 0 0 
589 0.6981086134910583 0.1677882373332977 0 0 
590 0.6971657276153564 0.1661762297153473 0 0 
591 0.6964019536972046 0.1646039932966232 0 0 
592 0.6958295702934265 0.163074254989624 0 0 
593 0.695461094379425 0.1615897715091705 0 0 
594 0.6953087449073792 0.1601532846689224 0 0 
595 0.6953849196434021 0.1587675362825394 0 0 
596 0.6957019567489624 0.157435268163681 0 0 
597 0.6962721943855286 0.1561592072248459 0 0 
598 0.6971080899238586 0.154942125082016 0 0 
599 0.6982218623161316 0.1537867486476898 0 0 
600 0.5246774554252625 0.2022131532430649 0 0 
601 0.5279716849327087 0.2013496905565262 0 0 
602 0.5308284759521484 0.2000215649604797 0 0 
603 0.5332673788070679 0.1982493847608566 0 0 
604 0.535307765007019 0.1960538476705551 0 0 
605 0.5369690656661987 0.1934555768966675 0 0 
606 0.5382707715034485 0.1904752403497696 0 0 
607 0.5392323136329651 0.1871334910392761 0 0 
608 0.5398730635643005 0.1834509819746017 0 0 
609 0.5402125716209412 0.1794483512639999 0 0 
610 0.5402701497077942 0.1751462519168854 0 0 
611 0.5400653481483459 0.1705653518438339 0 0 
612 0.5396175384521484 0.1657263040542603 0 0 
613 0.5389462113380432 0.1606497466564178 0 0 
614 0.5380707383155823 0.1553563326597214 0 0 
615 0.537010669708252 0.1498667299747467 0 0 
616 0.5357852578163147 0.1442015767097473 0 0 
617 0.5344141125679016 0.1383815258741379 0 0 
618 0.5329166650772095 0.1324272453784943 0 0 
619 0.5313122272491455 0.1263593584299088 0 0 
620 0.529620349407196 0.120198555290699 0 0 
621 0.5278604030609131 0.1139654591679573 0 0 
622 0.5260518789291382 0.1076807305216789 0 0 
623 0.5242142081260681 0.1013650298118591 0 0 
624 0.5223668217658997 0.0950389951467514 0 0 
625 0.5205291509628296 0.08872329443693161 0 0 
626 0.5187206268310547 0.08243856579065323 0 0 
627 0.5169606804847717 0.07620546966791153 0 0 
628 0.5152688026428223 0.07004465907812119 0 0 
629 0.5136643648147583 0.06397678703069687 0 0 
630 0.5121669173240662 0.05802249908447266 0 0 
631 0.5107957720756531 0.05220245197415352 0 0 
632 0.5095703601837158 0.04653729870915413 0 0 
633 0.5085102915763855 0.04104769229888916 0 0 
634 0.5076348185539246 0.03575428202748299 0 0 
635 0.5069634914398193 0.03067772462964058 0 0 
636 0.5065156817436218 0.02583866938948631 0 0 
637 0.5063108801841736 0.02125777117908001 0 0 
638 0.5063684582710266 0.01695567928254604 0 0 
639 0.5067079663276672 0.01295304764062166 0 0 
640 0.5073487162590027 0.009270529262721539 0 0 
641 0.5083102583885193 0.005928776226937771 0 0 
642 0.509611964225769 0.002948441077023745 0 0 
643 0.5112732648849487 0.0003501760365907103 0 0 
644 0.5133136510848999 -0.001845366437919438 0 0 
645 0.5157525539398193 -0.003617533715441823 0 0 
646 0.518609344959259 -0.004945673514157534 0 0 
647 0.5219035744667053 -0.005809133406728506 0 0 
648 0.004784181714057922 0.008291850797832012 0 0 
649 0.01538082584738731 0.008520004339516163 0 0 
650 0.0260115135461092 0.008677377365529537 0 0 
651 0.03667473420500755 0.008767115883529186 0 0 
652 0.04736896976828575 0.008792366832494736 0 0 
653 0.05809270963072777 0.008756274357438087 0 0 
654 0.06884443759918213 0.008661985397338867 0 0 
655 0.07962264865636826 0.008512645959854126 0 0 
656 0.09042582660913467 0.008311400189995766 0 0 
657 0.1012524515390396 0.008061395026743412 0 0 
658 0.1121010184288025 0.007765776477754116 0 0 
659 0.1229700073599815 0.007427689619362354 0 0 
660 0.1338579207658768 0.007050280924886465 0 0 
661 0.1447632163763046 0.006636695470660925 0 0 
662 0.1556844115257263 0.006190079264342785 0 0 
663 0.1666199713945389 0.005713578313589096 0 0 
664 0.1775684058666229 0.005210338160395622 0 0 
665 0.1885281801223755 0.004683504812419415 0 0 
666 0.199497789144516 0.004136223811656237 0 0 
667 0.2104757130146027 0.003571640932932496 0 0 
668 0.2214604616165161 0.002992902183905244 0 0 
669 0.2324505001306534 0.002403153339400887 0 0 
670 0.2434443086385727 0.001805539824999869 0 0 
671 0.2544403970241547 0.001203207764774561 0 0 
672 0.2654372453689575 0.0005993028171360493 0 0 
673 0.2764333486557007 -3.029278786925715e-06 0 0 
674 0.28742715716362 -0.0006006426992826164 0 0 
675 0.2984171807765961 -0.001190391718409956 0 0 
676 0.3094019293785095 -0.001769130467437208 0 0 
677 0.3203798532485962 -0.002333713229745626 0 0 
678 0.3313494622707367 -0.002880994230508804 0 0 
679 0.3423092365264893 -0.003407827578485012 0 0 
680 0.3532576560974121 -0.003911067731678486 0 0 
681 0.3641932308673859 -0.004387568682432175 0 0 
682 0.3751144409179688 -0.004834184888750315 0 0 
683 0.3860197365283966 -0.005247770342975855 0 0 
684 0.39690762758255 -0.005625179037451744 0 0 
685 0.4077766239643097 -0.005963265895843506 0 0 
686 0.4186252057552338 -0.006258884444832802 0 0 
687 0.4294518232345581 -0.006508889608085155 0 0 
688 0.4402549862861633 -0.006710134912282228 0 0 
689 0.4510332047939301 -0.006859475281089544 0 0 
690 0.4617849290370941 -0.006953764241188765 0 0 
691 0.4725086688995361 -0.006989856250584126 0 0 
692 0.4832029044628143 -0.006964605767279863 0 0 
693 0.4938661456108093 -0.006874866783618927 0 0 
694 0.5044968128204346 -0.006717493291944265 0 0 
695 0.5150934457778931 -0.006489340215921402 0 0 
696 0.5237816572189331 0.1932917386293411 0 0 
697 0.5249370336532593 0.185095950961113 0 0 
698 0.5244649648666382 0.1779569983482361 0 0 
699 0.5224378108978271 0.1718278676271439 0 0 
700 0.5189278125762939 0.1666616052389145 0 0 
701 0.5140073895454407 0.162411242723465 0 0 
702 0.5077487826347351 0.1590298265218735 0 0 
703 0.5002244114875793 0.1564703583717346 0 0 
704 0.4915066063404083 0.1546858847141266 0 0 
705 0.4816676378250122 0.1536294370889664 0 0 
706 0.4707798659801483 0.153254047036171 0 0 
707 0.4589155912399292 0.1535127311944962 0 0 
708 0.4461472034454346 0.1543585360050201 0 0 
709 0.432547003030777 0.1557444930076599 0 0 
710 0.4181873202323914 0.1576236188411713 0 0 
711 0.403140515089035 0.1599489599466324 0 0 
712 0.3874788582324982 0.1626735329627991 0 0 
713 0.3712747395038605 0.1657503843307495 0 0 
714 0.3546004593372345 0.1691325306892395 0 0 
715 0.3375283479690552 0.172773003578186 0 0 
716 0.3201307356357574 0.1766248345375061 0 0 
717 0.3024799823760986 0.1806410700082779 0 0 
718 0.2846484184265137 0.1847747266292572 0 0 
719 0.2667083442211151 0.188978835940361 0 0 
720 0.2487320899963379 0.1932064145803452 0 0 
721 0.2307920008897781 0.197410523891449 0 0 
722 0.212960422039032 0.2015441805124283 0 0 
723 0.1953096687793732 0.2055604159832001 0 0 
724 0.1779120713472366 0.2094122469425201 0 0 
725 0.1608399599790573 0.2130527198314667 0 0 
726 0.1441656798124313 0.2164348661899567 0 0 
727 0.1279615461826324 0.2195117175579071 0 0 
728 0.1122999042272568 0.2222362905740738 0 0 
729 0.09725307673215866 0.2245616316795349 0 0 
730 0.08289340138435364 0.2264407575130463 0 0 
731 0.06929320096969604 0.227826714515686 0 0 
732 0.05652480944991112 0.22867251932621 0 0 
733 0.04466056078672409 0.2289312034845352 0 0 
734 0.0337727852165699 0.2285558134317398 0 0 
735 0.02393381297588348 0.2274993658065796 0 0 
736 0.0152159770950675 0.2257148921489716 0 0 
737 0.007691608741879463 0.2231554239988327 0 0 
738 0.001433038269169629 0.2197740077972412 0 0 
739 -0.003487402340397239 0.2155236452817917 0 0 
740 -0.006997381802648306 0.2103573828935623 0 0 
741 -0.00902456883341074 0.2042282521724701 0 0 
742 -0.009496632032096386 0.1970892995595932 0 0 
743 -0.00834124069660902 0.1888935118913651 0 0 
744 0.6126587986946106 0.2978412210941315 0 0 
745 0.6140425801277161 0.2959272861480713 0 0 
746 0.6149861812591553 0.2940039336681366 0 0 
747 0.6155091524124146 0.2920715808868408 0 0 
748 0.615631103515625 0.2901306748390198 0 0 
749 0.6153715252876282 0.2881816029548645 0 0 
750 0.6147500276565552 0.2862247824668884 0 0 
751 0.6137861013412476 0.2842606604099274 0 0 
752 0.612499475479126 0.2822896242141724 0 0 
753 0.6109095215797424 0.2803121209144592 0 0 
754 0.6090359687805176 0.278328537940979 0 0 
755 0.6068982481956482 0.2763393223285675 0 0 
756 0.6045159697532654 0.2743448913097382 0 0 
757 0.6019087433815002 0.272345632314682 0 0 
758 0.5990961194038391 0.2703419923782349 0 0 
759 0.5960975885391235 0.2683343589305878 0 0 
760 0.5929327607154846 0.2663232088088989 0 0 
761 0.5896212458610535 0.264308899641037 0 0 
762 0.5861825346946716 0.2622918486595154 0 0 
763 0.5826362371444702 0.2602725327014923 0 0 
764 0.5790019035339355 0.2582513391971588 0 0 
765 0.575299084186554 0.2562286555767059 0 0 
766 0.5715473890304565 0.2542049288749695 0 0 
767 0.5677663087844849 0.2521806061267853 0 0 
768 0.56397545337677 0.250156044960022 0 0 
769 0.5601943731307983 0.2481316924095154 0 0 
770 0.5564426779747009 0.2461079806089401 0 0 
771 0.5527398586273193 0.2440853118896484 0 0 
772 0.5491055250167847 0.2420641034841537 0 0 
773 0.5455592274665833 0.2400447726249695 0 0 
774 0.5421205163002014 0.2380277514457703 0 0 
775 0.5388090014457703 0.2360134422779083 0 0 
776 0.5356441736221313 0.2340022623538971 0 0 
777 0.5326456427574158 0.2319946438074112 0 0 
778 0.5298330187797546 0.2299910038709641 0 0 
779 0.5272257924079895 0.2279917448759079 0 0 
780 0.5248435139656067 0.2259972989559174 0 0 
781 0.5227057933807373 0.2240080833435059 0 0 
782 0.5208322405815125 0.2220245152711868 0 0 
783 0.5192422866821289 0.2200470119714737 0 0 
784 0.5179556608200073 0.2180759757757187 0 0 
785 0.5169917345046997 0.2161118537187576 0 0 
786 0.5163702368736267 0.2141550481319427 0 0 
787 0.5161106586456299 0.2122059762477875 0 0 
788 0.5162326097488403 0.2102650552988052 0 0 
789 0.5167555809020996 0.2083327025175095 0 0 
790 0.5176991820335388 0.2064093500375748 0 0 
791 0.5190829634666443 0.2044954001903534 0 0 
792 0.5309913754463196 0.2093373090028763 0 0 
793 0.5389546751976013 0.2166046947240829 0 0 
794 0.544905960559845 0.2243712693452835 0 0 
795 0.5489345788955688 0.2326148450374603 0 0 
796 0.551129937171936 0.2413132190704346 0 0 
797 0.5515814423561096 0.250444233417511 0 0 
798 0.5503786206245422 0.2599856853485107 0 0 
799 0.5476107597351074 0.269915372133255 0 0 
800 0.5433674454689026 0.2802111506462097 0 0 
801 0.5377379655838013 0.290850818157196 0 0 
802 0.5308118462562561 0.3018121421337128 0 0 
803 0.5226784348487854 0.3130730092525482 0 0 
804 0.513427197933197 0.3246111869812012 0 0 
805 0.5031476020812988 0.3364045023918152 0 0 
806 0.4919289946556091 0.3484307825565338 0 0 
807 0.4798608124256134 0.3606678247451782 0 0 
808 0.4670325517654419 0.3730934262275696 0 0 
809 0.4535335600376129 0.3856854438781738 0 0 
810 0.4394533038139343 0.3984216749668121 0 0 
811 0.4248812198638916 0.4112799167633057 0 0 
812 0.4099067151546478 0.424237996339798 0 0 
813 0.3946191966533661 0.4372737407684326 0 0 
814 0.3791081309318542 0.4503649175167084 0 0 
815 0.3634629249572754 0.4634893834590912 0 0 
816 0.3477729856967926 0.4766249656677246 0 0 
817 0.3321277797222137 0.4897494316101074 0 0 
818 0.3166167140007019 0.5028406381607056 0 0 
819 0.3013291954994202 0.5158763527870178 0 0 
820 0.2863546907901764 0.5288344621658325 0 0 
821 0.2717825770378113 0.5416926741600037 0 0 
822 0.2577023208141327 0.5544289350509644 0 0 
823 0.2442033588886261 0.5670209527015686 0 0 
824 0.2313750684261322 0.57944655418396 0 0 
825 0.2193069159984589 0.591683566570282 0 0 
826 0.2080883085727692 0.603709876537323 0 0 
827 0.1978086829185486 0.615503191947937 0 0 
828 0.1885574460029602 0.6270413398742676 0 0 
829 0.1804240494966507 0.638302206993103 0 0 
830 0.1734979152679443 0.6492635607719421 0 0 
831 0.1678684651851654 0.6599032282829285 0 0 
832 0.163625106215477 0.6701989769935608 0 0 
833 0.160857304930687 0.6801286935806274 0 0 
834 0.1596544533967972 0.6896701455116272 0 0 
835 0.1601059883832932 0.6988011598587036 0 0 
836 0.1623013317584991 0.7074995040893555 0 0 
837 0.1663299351930618 0.7157430648803711 0 0 
838 0.1722811907529831 0.723509669303894 0 0 
839 0.1802445501089096 0.7307770848274231 0 0 
840 -0.005379804875701666 0.1760773509740829 0 0 
841 -0.005287570878863335 0.1725625544786453 0 0 
842 -0.005208764225244522 0.1690494865179062 0 0 
843 -0.005142788402736187 0.1655380725860596 0 0 
844 -0.005089046899229288 0.1620282530784607 0 0 
845 -0.005046941805630922 0.1585199236869812 0 0 
846 -0.005015877541154623 0.1550130099058151 0 0 
847 -0.004995256662368774 0.1515074670314789 0 0 
848 -0.004984482657164335 0.1480031758546829 0 0 
849 -0.004982958547770977 0.1445000916719437 0 0 
850 -0.004990087356418371 0.1409981101751328 0 0 
851 -0.005005273036658764 0.1374971866607666 0 0 
852 -0.005027918610721827 0.1339972168207169 0 0 
853 -0.005057426635175943 0.1304981261491776 0 0 
854 -0.00509320106357336 0.1269998550415039 0 0 
855 -0.005134644452482462 0.1235023140907288 0 0 
856 -0.005181160755455494 0.1200054287910461 0 0 
857 -0.005232152994722128 0.1165091171860695 0 0 
858 -0.005287024192512035 0.1130133047699928 0 0 
859 -0.005345177371054888 0.1095179244875908 0 0 
860 -0.005406016483902931 0.1060228869318962 0 0 
861 -0.005468943621963263 0.1025281175971031 0 0 
862 -0.005533363204449415 0.09903354197740555 0 0 
863 -0.005598678253591061 0.09553907811641693 0 0 
864 -0.005664290860295296 0.0920446589589119 0 0 
865 -0.005729605909436941 0.08855019509792328 0 0 
866 -0.005794025491923094 0.08505561947822571 0 0 
867 -0.005856952629983425 0.08156085014343262 0 0 
868 -0.005917791742831469 0.07806581258773804 0 0 
869 -0.005975944921374321 0.074570432305336 0 0 
870 -0.006030816119164228 0.07107461988925934 0 0 
871 -0.006081808358430862 0.06757830828428268 0 0 
872 -0.006128324661403894 0.06408142298460007 0 0 
873 -0.006169768050312996 0.06058388203382492 0 0 
874 -0.006205542478710413 0.05708560720086098 0 0 
875 -0.00623505050316453 0.05358652397990227 0 0 
876 -0.006257696077227592 0.05008655413985252 0 0 
877 -0.006272881757467985 0.04658562317490578 0 0 
878 -0.006280010566115379 0.04308364912867546 0 0 
879 -0.006278486456722021 0.0395805612206459 0 0 
880 -0.006267712451517582 0.03607627749443054 0 0 
881 -0.006247091572731733 0.0325707234442234 0 0 
882 -0.006216027308255434 0.02906381897628307 0 0 
883 -0.006173922214657068 0.02555549144744873 0 0 
884 -0.006120180711150169 0.02204565890133381 0 0 
885 -0.006054204888641834 0.01853424869477749 0 0 
886 -0.005975398235023022 0.0150211825966835 0 0 
887 -0.00588316423818469 0.01150638237595558 0 0 
888 -0.008025414310395718 0.7028860449790955 0 0 
889 -0.00771670788526535 0.6917006373405457 0 0 
890 -0.007442176342010498 0.6805530786514282 0 0 
891 -0.007200300227850676 0.6694416999816895 0 0 
892 -0.00698956148698926 0.6583648324012756 0 0 
893 -0.006808440200984478 0.6473208069801331 0 0 
894 -0.006655418314039707 0.636307954788208 0 0 
895 -0.006528976373374462 0.6253244876861572 0 0 
896 -0.006427595857530832 0.6143688559532166 0 0 
897 -0.006349758245050907 0.6034393310546875 0 0 
898 -0.006293943617492914 0.5925341844558716 0 0 
899 -0.006258634384721518 0.5816517472267151 0 0 
900 -0.006242310628294945 0.5707903504371643 0 0 
901 -0.006243453826755285 0.5599483251571655 0 0 
902 -0.006260545458644629 0.549124002456665 0 0 
903 -0.006292066071182489 0.5383156538009644 0 0 
904 -0.006336497142910957 0.5275216102600098 0 0 
905 -0.006392319686710835 0.5167402029037476 0 0 
906 -0.006458014715462923 0.505969762802124 0 0 
907 -0.0065320641733706 0.4952085316181183 0 0 
908 -0.006612948141992092 0.484454870223999 0 0 
909 -0.00669914809986949 0.4737071394920349 0 0 
910 -0.006789145059883595 0.4629636108875275 0 0 
911 -0.006881420500576496 0.4522225856781006 0 0 
912 -0.006974455900490284 0.4414824247360229 0 0 
913 -0.007066731341183186 0.4307413995265961 0 0 
914 -0.00715672830119729 0.4199978709220886 0 0 
915 -0.007242928259074688 0.4092501103878021 0 0 
916 -0.00732381222769618 0.3984964787960052 0 0 
917 -0.007397861685603857 0.3877352476119995 0 0 
918 -0.007463556714355946 0.3769647777080536 0 0 
919 -0.007519379258155823 0.3661833703517914 0 0 
920 -0.007563810329884291 0.3553893268108368 0 0 
921 -0.007595330942422152 0.3445809781551361 0 0 
922 -0.007612422574311495 0.3337566554546356 0 0 
923 -0.007613565772771835 0.3229146301746368 0 0 
924 -0.007597242016345263 0.3120532631874084 0 0 
925 -0.007561932783573866 0.301170825958252 0 0 
926 -0.007506118156015873 0.290265679359436 0 0 
927 -0.007428280543535948 0.2793361246585846 0 0 
928 -0.007326900027692318 0.2683804929256439 0 0 
929 -0.007200458087027073 0.2573970556259155 0 0 
930 -0.007047436200082302 0.2463841736316681 0 0 
931 -0.00686631491407752 0.2353401482105255 0 0 
932 -0.006655576173216105 0.2242632955312729 0 0 
933 -0.006413700059056282 0.2131519466638565 0 0 
934 -0.00613916851580143 0.2020043879747391 0 0 
935 -0.00583046255633235 0.1908189505338669 0 0 
936 1.006557464599609 0.1937345415353775 0 0 
937 1.006369113922119 0.1901031285524368 0 0 
938 1.005594253540039 0.186954453587532 0 0 
939 1.00425922870636 0.1842670738697052 0 0 
940 1.002389788627625 0.1820195317268372 0 0 
941 1.000012278556824 0.1801903545856476 0 0 
942 0.99715256690979 0.1787581145763397 0 0 
943 0.9938367605209351 0.177701324224472 0 0 
944 0.9900909662246704 0.1769985556602478 0 0 
945 0.9859412312507629 0.1766283512115479 0 0 
946 0.9814136028289795 0.1765692383050919 0 0 
947 0.9765341281890869 0.1767997741699219 0 0 
948 0.9713288545608521 0.17729851603508 0 0 
949 0.9658238887786865 0.1780439764261246 0 0 
950 0.960045337677002 0.179014727473259 0 0 
951 0.9540191292762756 0.1801892966032028 0 0 
952 0.947771430015564 0.1815462410449982 0 0 
953 0.941328227519989 0.1830641031265259 0 0 
954 0.9347156882286072 0.1847214102745056 0 0 
955 0.9279597997665405 0.1864967346191406 0 0 
956 0.9210866093635559 0.1883686035871506 0 0 
957 0.9141221642494202 0.1903155744075775 0 0 
958 0.9070926308631897 0.1923161745071411 0 0 
959 0.9000239968299866 0.1943489611148834 0 0 
960 0.8929423093795776 0.1963924616575241 0 0 
961 0.8858736753463745 0.1984252482652664 0 0 
962 0.878844141960144 0.20042584836483 0 0 
963 0.8718796968460083 0.202372819185257 0 0 
964 0.8650065064430237 0.2042446881532669 0 0 
965 0.858250617980957 0.2060200124979019 0 0 
966 0.8516380786895752 0.2076773196458817 0 0 
967 0.8451948761940002 0.2091951817274094 0 0 
968 0.8389471769332886 0.2105521261692047 0 0 
969 0.8329209685325623 0.2117266952991486 0 0 
970 0.8271424174308777 0.212697446346283 0 0 
971 0.8216374516487122 0.2134429067373276 0 0 
972 0.8164321780204773 0.2139416486024857 0 0 
973 0.8115527033805847 0.2141721844673157 0 0 
974 0.8070250749588013 0.2141130715608597 0 0 
975 0.8028753399848938 0.2137428671121597 0 0 
976 0.7991295456886292 0.2130400985479355 0 0 
977 0.7958137392997742 0.2119833081960678 0 0 
978 0.7929540276527405 0.2105510681867599 0 0 
979 0.7905764579772949 0.2087218910455704 0 0 
980 0.7887070775032043 0.2064743489027023 0 0 
981 0.7873719930648804 0.2037869691848755 0 0 
982 0.7865971922874451 0.2006382942199707 0 0 
983 0.7864088416099548 0.19700688123703 0 0 
984 1.006072759628296 0.1997569501399994 0 0 
985 1.006012082099915 0.201660230755806 0 0 
986 1.005951285362244 0.2035792917013168 0 0 
987 1.005890488624573 0.2055134326219559 0 0 
988 1.005829453468323 0.207461953163147 0 0 
989 1.005768537521362 0.209424152970314 0 0 
990 1.005707383155823 0.2113993316888809 0 0 
991 1.005646347999573 0.2133867889642715 0 0 
992 1.005585074424744 0.2153858244419098 0 0 
993 1.005523920059204 0.2173957377672195 0 0 
994 1.005462527275085 0.2194158136844635 0 0 
995 1.005401253700256 0.2214453518390656 0 0 
996 1.005339860916138 0.223483681678772 0 0 
997 1.005278468132019 0.2255300581455231 0 0 
998 1.005216956138611 0.2275838106870651 0 0 
999 1.005155444145203 0.2296442240476608 0 0 
1000 1.005093932151794 0.2317105978727341 0 0 
1001 1.005032420158386 0.2337822318077087 0 0 
1002 1.004970908164978 0.2358584403991699 0 0 
1003 1.00490927696228 0.2379384934902191 0 0 
1004 1.004847645759583 0.2400217056274414 0 0 
1005 1.004786014556885 0.2421073764562607 0 0 
1006 1.004724383354187 0.2441947907209396 0 0 
1007 1.004662752151489 0.2462832778692245 0 0 
1008 1.004601240158081 0.2483720928430557 0 0 
1009 1.004539608955383 0.2504605650901794 0 0 
1010 1.004477977752686 0.2525480091571808 0 0 
1011 1.004416346549988 0.2546336650848389 0 0 
1012 1.00435471534729 0.2567168772220612 0 0 
1013 1.004293084144592 0.2587969303131104 0 0 
1014 1.004231572151184 0.2608731389045715 0 0 
1015 1.004170060157776 0.262944757938385 0 0 
1016 1.004108548164368 0.2650111615657806 0 0 
1017 1.004047036170959 0.2670715749263763 0 0 
1018 1.003985524177551 0.2691253125667572 0 0 
1019 1.003924131393433 0.2711716890335083 0 0 
1020 1.003862738609314 0.2732100188732147 0 0 
1021 1.003801465034485 0.2752395570278168 0 0 
1022 1.003740072250366 0.2772596478462219 0 0 
1023 1.003678917884827 0.2792695462703705 0 0 
1024 1.003617644309998 0.2812685668468475 0 0 
1025 1.003556609153748 0.2832560241222382 0 0 
1026 1.003495454788208 0.2852312028408051 0 0 
1027 1.003434538841248 0.2871934175491333 0 0 
1028 1.003373503684998 0.2891419231891632 0 0 
1029 1.003312706947327 0.2910760939121246 0 0 
1030 1.003251910209656 0.2929951250553131 0 0 
1031 1.003191232681274 0.2948984205722809 0 0 
1032 0.7875185012817383 0.1937516927719116 0 0 
1033 0.7879951000213623 0.1946543604135513 0 0 
1034 0.788271963596344 0.1955775916576385 0 0 
1035 0.788358211517334 0.196519747376442 0 0 
1036 0.7882631421089172 0.1974791139364243 0 0 
1037 0.7879959940910339 0.1984540522098541 0 0 
1038 0.7875659465789795 0.1994428932666779 0 0 
1039 0.7869822382926941 0.2004439532756805 0 0 
1040 0.7862541079521179 0.2014555782079697 0 0 
1041 0.7853907942771912 0.2024760693311691 0 0 
1042 0.7844014763832092 0.2035038024187088 0 0 
1043 0.7832953929901123 0.2045370787382126 0 0 
1044 0.7820818424224854 0.2055742293596268 0 0 
1045 0.780769944190979 0.2066135853528976 0 0 
1046 0.779369056224823 0.2076534926891327 0 0 
1047 0.7778882384300232 0.208692267537117 0 0 
1048 0.7763368487358093 0.2097282558679581 0 0 
1049 0.7747240662574768 0.210759773850441 0 0 
1050 0.7730591297149658 0.211785152554512 0 0 
1051 0.7713512182235718 0.2128027379512787 0 0 
1052 0.7696096301078796 0.2138108462095261 0 0 
1053 0.7678435444831848 0.2148078083992004 0 0 
1054 0.7660622000694275 0.2157919555902481 0 0 
1055 0.7642748355865479 0.2167616337537766 0 0 
1056 0.7624906897544861 0.2177151590585709 0 0 
1057 0.7607189416885376 0.2186508625745773 0 0 
1058 0.7589688301086426 0.2195670902729034 0 0 
1059 0.7572495937347412 0.2204621583223343 0 0 
1060 0.7555704712867737 0.2213343977928162 0 0 
1061 0.7539406418800354 0.2221821397542953 0 0 
1062 0.7523694038391113 0.2230037152767181 0 0 
1063 0.7508659362792969 0.223797470331192 0 0 
1064 0.7494394779205322 0.2245617061853409 0 0 
1065 0.7480992674827576 0.2252947837114334 0 0 
1066 0.7468544840812683 0.2259950190782547 0 0 
1067 0.7457144260406494 0.226660743355751 0 0 
1068 0.7446882724761963 0.2272903025150299 0 0 
1069 0.7437852025032043 0.2278819978237152 0 0 
1070 0.7430145740509033 0.2284341901540756 0 0 
1071 0.7423855066299438 0.228945180773735 0 0 
1072 0.7419072389602661 0.2294133305549622 0 0 
1073 0.7415890097618103 0.2298369556665421 0 0 
1074 0.7414401173591614 0.2302143722772598 0 0 
1075 0.7414696216583252 0.2305439412593842 0 0 
1076 0.7416869401931763 0.2308239787817001 0 0 
1077 0.7421011328697205 0.2310528159141541 0 0 
1078 0.7427215576171875 0.2312287837266922 0 0 
1079 0.7435573935508728 0.2313502132892609 0 0 
1080 0.7420206069946289 0.2298987060785294 0 0 
1081 0.7393932342529297 0.228595569729805 0 0 
1082 0.7367373704910278 0.2275001257658005 0 0 
1083 0.7340545654296875 0.2266065031290054 0 0 
1084 0.7313463687896729 0.2259088009595871 0 0 
1085 0.7286142706871033 0.2254011332988739 0 0 
1086 0.7258599996566772 0.2250776141881943 0 0 
1087 0.7230849862098694 0.2249323278665543 0 0 
1088 0.7202908396720886 0.2249594032764435 0 0 
1089 0.7174791097640991 0.2251529395580292 0 0 
1090 0.7146514058113098 0.2255070507526398 0 0 
1091 0.7118092179298401 0.2260158509016037 0 0 
1092 0.7089542150497437 0.2266734540462494 0 0 
1093 0.7060878872871399 0.2274739444255829 0 0 
1094 0.7032118439674377 0.2284114509820938 0 0 
1095 0.7003276348114014 0.2294800728559494 0 0 
1096 0.6974368095397949 0.2306739240884781 0 0 
1097 0.6945409178733826 0.2319871187210083 0 0 
1098 0.6916415691375732 0.2334137558937073 0 0 
1099 0.6887403726577759 0.2349479347467422 0 0 
1100 0.6858387589454651 0.236583799123764 0 0 
1101 0.6829383969306946 0.2383154183626175 0 0 
1102 0.6800408363342285 0.2401369363069534 0 0 
1103 0.6771476864814758 0.2420424371957779 0 0 
1104 0.6742603778839111 0.2440260350704193 0 0 
1105 0.6713805794715881 0.2460818439722061 0 0 
1106 0.6685099005699158 0.2482039630413055 0 0 
1107 0.6656497716903687 0.250386506319046 0 0 
1108 0.6628018617630005 0.252623587846756 0 0 
1109 0.6599677205085754 0.254909336566925 0 0 
1110 0.6571488976478577 0.2572378218173981 0 0 
1111 0.6543469429016113 0.2596031427383423 0 0 
1112 0.6515634059906006 0.2619994580745697 0 0 
1113 0.6487999558448792 0.2644208669662476 0 0 
1114 0.6460580825805664 0.2668614387512207 0 0 
1115 0.6433393359184265 0.2693153321743011 0 0 
1116 0.6406453251838684 0.2717766165733337 0 0 
1117 0.6379776000976562 0.2742394208908081 0 0 
1118 0.6353377103805542 0.2766978442668915 0 0 
1119 0.6327272653579712 0.2791459858417511 0 0 
1120 0.6301477551460266 0.281578004360199 0 0 
1121 0.6276008486747742 0.2839879393577576 0 0 
1122 0.6250880360603333 0.2863699495792389 0 0 
1123 0.6226109266281128 0.2887181341648102 0 0 
1124 0.6201710104942322 0.2910265922546387 0 0 
1125 0.6177699565887451 0.2932894229888916 0 0 
1126 0.615409255027771 0.2955007553100586 0 0 
1127 0.6130905151367188 0.2976546883583069 0 0 
1128 1.005136847496033 0.2922013700008392 0 0 
1129 1.006232976913452 0.2880237698554993 0 0 
1130 1.006457448005676 0.2842350900173187 0 0 
1131 1.005849242210388 0.2808180451393127 0 0 
1132 1.004446983337402 0.2777553796768188 0 0 
1133 1.002289295196533 0.2750297784805298 0 0 
1134 0.9994150996208191 0.2726239860057831 0 0 
1135 0.9958630204200745 0.2705206871032715 0 0 
1136 0.9916718006134033 0.2687025964260101 0 0 
1137 0.9868801832199097 0.2671524584293365 0 0 
1138 0.9815269708633423 0.2658529579639435 0 0 
1139 0.9756507873535156 0.2647868096828461 0 0 
1140 0.9692904949188232 0.2639367282390594 0 0 
1141 0.9624846577644348 0.2632854580879211 0 0 
1142 0.9552721977233887 0.2628156542778015 0 0 
1143 0.9476916790008545 0.2625100910663605 0 0 
1144 0.9397819638252258 0.2623514533042908 0 0 
1145 0.9315817356109619 0.2623224854469299 0 0 
1146 0.9231297373771667 0.2624058425426483 0 0 
1147 0.9144647121429443 0.2625842988491058 0 0 
1148 0.9056253433227539 0.2628405094146729 0 0 
1149 0.8966504335403442 0.2631572484970093 0 0 
1150 0.8875786662101746 0.2635172009468079 0 0 
1151 0.8784487843513489 0.2639030516147614 0 0 
1152 0.869299590587616 0.2642975747585297 0 0 
1153 0.8601697087287903 0.2646834552288055 0 0 
1154 0.8510979413986206 0.2650434076786041 0 0 
1155 0.8421230316162109 0.2653601169586182 0 0 
1156 0.8332836627960205 0.2656163573265076 0 0 
1157 0.8246186375617981 0.2657947838306427 0 0 
1158 0.8161666393280029 0.2658781707286835 0 0 
1159 0.807966411113739 0.2658491730690002 0 0 
1160 0.8000566959381104 0.2656905353069305 0 0 
1161 0.7924761772155762 0.2653849720954895 0 0 
1162 0.78526371717453 0.2649151980876923 0 0 
1163 0.7784578800201416 0.2642638981342316 0 0 
1164 0.7720975875854492 0.2634138464927673 0 0 
1165 0.7662214040756226 0.2623476982116699 0 0 
1166 0.7608681917190552 0.2610481977462769 0 0 
1167 0.7560765743255615 0.2594980299472809 0 0 
1168 0.7518853545188904 0.2576799690723419 0 0 
1169 0.7483332753181458 0.2555766701698303 0 0 
1170 0.7454590797424316 0.2531708478927612 0 0 
1171 0.7433014512062073 0.2504452466964722 0 0 
1172 0.7418991327285767 0.2473825961351395 0 0 
1173 0.7412908673286438 0.2439655512571335 0 0 
1174 0.7415153980255127 0.2401768863201141 0 0 
1175 0.7426114678382874 0.235999271273613 0 0 
1176 0.2819521427154541 0.7702377438545227 0 0 
1177 0.2926239669322968 0.7594817876815796 0 0 
1178 0.3037345409393311 0.7488158345222473 0 0 
1179 0.3152523338794708 0.7382327914237976 0 0 
1180 0.327145904302597 0.7277254462242126 0 0 
1181 0.3393837511539459 0.7172865867614746 0 0 
1182 0.351934403181076 0.7069091200828552 0 0 
1183 0.3647664189338684 0.6965857744216919 0 0 
1184 0.3778482675552368 0.6863094568252563 0 0 
1185 0.3911484777927399 0.6760729551315308 0 0 
1186 0.4046356081962585 0.6658691167831421 0 0 
1187 0.4182781279087067 0.6556907296180725 0 0 
1188 0.4320445954799652 0.645530641078949 0 0 
1189 0.4459035098552704 0.6353816390037537 0 0 
1190 0.4598233997821808 0.6252365708351135 0 0 
1191 0.473772794008255 0.6150883436203003 0 0 
1192 0.4877201914787292 0.6049296259880066 0 0 
1193 0.5016341209411621 0.5947533845901489 0 0 
1194 0.5154831409454346 0.5845523476600647 0 0 
1195 0.5292357206344604 0.5743193626403809 0 0 
1196 0.5428603887557983 0.5640472769737244 0 0 
1197 0.5563257336616516 0.5537288784980774 0 0 
1198 0.5696001648902893 0.5433570742607117 0 0 
1199 0.5826522707939148 0.5329245924949646 0 0 
1200 0.5954505205154419 0.5224242806434631 0 0 
1201 0.607963502407074 0.5118489861488342 0 0 
1202 0.6201597452163696 0.5011915564537048 0 0 
1203 0.6320077180862427 0.4904447495937347 0 0 
1204 0.6434758901596069 0.4796014130115509 0 0 
1205 0.6545329093933105 0.4686543941497803 0 0 
1206 0.6651472449302673 0.4575965106487274 0 0 
1207 0.6752873659133911 0.4464205801486969 0 0 
1208 0.6849218606948853 0.4351194500923157 0 0 
1209 0.6940191984176636 0.4236859083175659 0 0 
1210 0.7025479674339294 0.4121127724647522 0 0 
1211 0.7104766368865967 0.4003928899765015 0 0 
1212 0.7177737355232239 0.3885191082954407 0 0 
1213 0.7244077324867249 0.376484215259552 0 0 
1214 0.7303472757339478 0.36428102850914 0 0 
1215 0.7355607748031616 0.3519023954868317 0 0 
1216 0.740016758441925 0.3393411636352539 0 0 
1217 0.7436838150024414 0.3265900909900665 0 0 
1218 0.7465304136276245 0.3136420547962189 0 0 
1219 0.748525083065033 0.3004898726940155 0 0 
1220 0.7496363520622253 0.2871263325214386 0 0 
1221 0.7498327493667603 0.2735443115234375 0 0 
1222 0.7490828037261963 0.2597365975379944 0 0 
1223 0.7473549842834473 0.2456960380077362 0 0 
1224 0.6018597483634949 0.3080024719238281 0 0 
1225 0.5929948687553406 0.3163368701934814 0 0 
1226 0.5842201709747314 0.324747771024704 0 0 
1227 0.5755352973937988 0.3332343697547913 0 0 
1228 0.5669399499893188 0.341795951128006 0 0 
1229 0.5584337115287781 0.3504317104816437 0 0 
1230 0.5500162243843079 0.359140932559967 0 0 
1231 0.5416871309280396 0.3679227828979492 0 0 
1232 0.5334460735321045 0.3767765760421753 0 0 
1233 0.5252926349639893 0.385701447725296 0 0 
1234 0.5172264575958252 0.3946967422962189 0 0 
1235 0.5092472434043884 0.4037615954875946 0 0 
1236 0.5013545155525208 0.4128952920436859 0 0 
1237 0.4935480058193207 0.4220970571041107 0 0 
1238 0.4858272671699524 0.4313661456108093 0 0 
1239 0.478192001581192 0.4407017529010773 0 0 
1240 0.4706417918205261 0.4501031339168549 0 0 
1241 0.4631762802600861 0.4595695436000824 0 0 
1242 0.4557951092720032 0.469100147485733 0 0 
1243 0.4484979212284088 0.4786942601203918 0 0 
1244 0.4412843286991119 0.4883510768413544 0 0 
1245 0.4341539442539215 0.4980698227882385 0 0 
1246 0.4271064400672913 0.5078497529029846 0 0 
1247 0.4201414287090302 0.5176900625228882 0 0 
1248 0.4132585525512695 0.5275900363922119 0 0 
1249 0.4064574241638184 0.5375488996505737 0 0 
1250 0.399737685918808 0.5475658774375916 0 0 
1251 0.3930989801883698 0.5576401948928833 0 0 
1252 0.3865409195423126 0.5677710771560669 0 0 
1253 0.3800631463527679 0.5779577493667603 0 0 
1254 0.3736653029918671 0.5881994962692261 0 0 
1255 0.3673470020294189 0.5984955430030823 0 0 
1256 0.3611078858375549 0.6088451147079468 0 0 
1257 0.3549475967884064 0.6192473769187927 0 0 
1258 0.3488657474517822 0.6297016739845276 0 0 
1259 0.3428619503974915 0.6402071714401245 0 0 
1260 0.3369359076023102 0.6507631540298462 0 0 
1261 0.3310871720314026 0.6613687872886658 0 0 
1262 0.3253154158592224 0.6720233559608459 0 0 
1263 0.319620281457901 0.6827260255813599 0 0 
1264 0.3140013813972473 0.693476140499115 0 0 
1265 0.3084583282470703 0.7042728662490845 0 0 
1266 0.3029907941818237 0.7151154279708862 0 0 
1267 0.2975983917713165 0.726003110408783 0 0 
1268 0.2922807633876801 0.7369350790977478 0 0 
1269 0.2870375216007233 0.7479106187820435 0 0 
1270 0.2818683385848999 0.7589289546012878 0 0 
1271 0.2767727971076965 0.7699893712997437 0 0 
1272 1.002763032913208 0.3087196946144104 0 0 
1273 1.002430319786072 0.3206281960010529 0 0 
1274 1.00213098526001 0.3325117826461792 0 0 
1275 1.001863479614258 0.3443715870380402 0 0 
1276 1.001626372337341 0.3562087118625641 0 0 
1277 1.001418113708496 0.3680242300033569 0 0 
1278 1.001237273216248 0.3798193335533142 0 0 
1279 1.001082301139832 0.3915950357913971 0 0 
1280 1.000951766967773 0.4033524990081787 0 0 
1281 1.000844240188599 0.415092796087265 0 0 
1282 1.000758290290833 0.4268170595169067 0 0 
1283 1.000692248344421 0.4385263919830322 0 0 
1284 1.000644683837891 0.4502218961715698 0 0 
1285 1.000614285469055 0.4619046747684479 0 0 
1286 1.000599265098572 0.4735758304595947 0 0 
1287 1.000598430633545 0.4852364659309387 0 0 
1288 1.00061023235321 0.4968877136707306 0 0 
1289 1.000633001327515 0.5085306167602539 0 0 
1290 1.000665545463562 0.5201663970947266 0 0 
1291 1.000706195831299 0.5317960381507874 0 0 
1292 1.00075352191925 0.5434207320213318 0 0 
1293 1.000805974006653 0.5550415515899658 0 0 
1294 1.000862121582031 0.5666595697402954 0 0 
1295 1.000920534133911 0.5782759785652161 0 0 
1296 1.000979661941528 0.589891791343689 0 0 
1297 1.001038074493408 0.6015082001686096 0 0 
1298 1.001094341278076 0.613126277923584 0 0 
1299 1.001146793365479 0.6247470378875732 0 0 
1300 1.00119411945343 0.6363717317581177 0 0 
1301 1.001234769821167 0.6480014324188232 0 0 
1302 1.001267194747925 0.6596371531486511 0 0 
1303 1.001290082931519 0.6712800860404968 0 0 
1304 1.001301765441895 0.6829313635826111 0 0 
1305 1.001300930976868 0.6945919990539551 0 0 
1306 1.001286029815674 0.7062631249427795 0 0 
1307 1.001255512237549 0.71794593334198 0 0 
1308 1.001208066940308 0.7296413779258728 0 0 
1309 1.001142024993896 0.7413507103919983 0 0 
1310 1.001055955886841 0.7530750036239624 0 0 
1311 1.000948429107666 0.7648153305053711 0 0 
1312 1.000818014144897 0.7765727639198303 0 0 
1313 1.000663042068481 0.7883484959602356 0 0 
1314 1.000482201576233 0.8001435399055481 0 0 
1315 1.000273942947388 0.8119590878486633 0 0 
1316 1.000036835670471 0.8237962126731873 0 0 
1317 0.9997692704200745 0.8356560468673706 0 0 
1318 0.9994699358940125 0.8475396037101746 0 0 
1319 0.9991372227668762 0.8594481348991394 0 0 
1320 0.1908425986766815 0.7336040139198303 0 0 
1321 0.1908022910356522 0.7301150560379028 0 0 
1322 0.1902129054069519 0.7270379662513733 0 0 
1323 0.1890988498926163 0.7243545055389404 0 0 
1324 0.1874845325946808 0.7220461964607239 0 0 
1325 0.1853943318128586 0.7200948596000671 0 0 
1326 0.1828526705503464 0.7184821963310242 0 0 
1327 0.1798839420080185 0.7171898484230042 0 0 
1328 0.1765125691890717 0.716199517250061 0 0 
1329 0.172762930393219 0.7154929041862488 0 0 
1330 0.1686594486236572 0.7150517106056213 0 0 
1331 0.1642265170812607 0.7148576378822327 0 0 
1332 0.1594885289669037 0.7148923873901367 0 0 
1333 0.1544699221849442 0.7151376008987427 0 0 
1334 0.149195060133934 0.7155750393867493 0 0 
1335 0.1436883807182312 0.7161864042282104 0 0 
1336 0.1379742622375488 0.7169533371925354 0 0 
1337 0.1320771276950836 0.7178575396537781 0 0 
1338 0.1260213553905487 0.7188807129859924 0 0 
1339 0.1198313757777214 0.7200045585632324 0 0 
1340 0.1135315746068954 0.7212108373641968 0 0 
1341 0.1071463599801064 0.7224811315536499 0 0 
1342 0.1007001399993896 0.7237972021102905 0 0 
1343 0.09421731531620026 0.7251406908035278 0 0 
1344 0.0877222865819931 0.7264934182167053 0 0 
1345 0.08123946189880371 0.7278369069099426 0 0 
1346 0.07479324191808701 0.7291529774665833 0 0 
1347 0.06840803474187851 0.7304232716560364 0 0 
1348 0.06210823357105255 0.7316295504570007 0 0 
1349 0.05591824650764465 0.7327533960342407 0 0 
1350 0.04986248165369034 0.7337765693664551 0 0 
1351 0.04396533966064453 0.7346807718276978 0 0 
1352 0.03825122490525246 0.7354477047920227 0 0 
1353 0.03274453803896904 0.7360590696334839 0 0 
1354 0.0274696871638298 0.7364965081214905 0 0 
1355 0.02245107106864452 0.7367417216300964 0 0 
1356 0.01771309413015842 0.7367764711380005 0 0 
1357 0.0132801616564393 0.7365823984146118 0 0 
1358 0.009176677092909813 0.7361412048339844 0 0 
1359 0.00542704202234745 0.7354345917701721 0 0 
1360 0.002055661752820015 0.734444260597229 0 0 
1361 -0.0009130610269494355 0.733151912689209 0 0 
1362 -0.003454722696915269 0.731539249420166 0 0 
1363 -0.005544919986277819 0.7295879125595093 0 0 
1364 -0.007159248925745487 0.7272796034812927 0 0 
1365 -0.008273306302726269 0.7245961427688599 0 0 
1366 -0.008862688206136227 0.7215190529823303 0 0 
1367 -0.008902992121875286 0.7180300951004028 0 0 
1368 0.007156978826969862 1.000824928283691 0 0 
1369 0.007250360213220119 0.9951391220092773 0 0 
1370 0.007288050837814808 0.9894148707389832 0 0 
1371 0.007272525690495968 0.9836539626121521 0 0 
1372 0.007206260226666927 0.9778580665588379 0 0 
1373 0.00709172897040844 0.972028911113739 0 0 
1374 0.00693140784278512 0.9661681652069092 0 0 
1375 0.006727771367877722 0.9602775573730469 0 0 
1376 0.006483295001089573 0.9543588161468506 0 0 
1377 0.006200453732162714 0.948413610458374 0 0 
1378 0.005881723016500473 0.9424437284469604 0 0 
1379 0.005529577843844891 0.936450719833374 0 0 
1380 0.005146493203938007 0.9304364323616028 0 0 
1381 0.004734944086521864 0.9244025349617004 0 0 
1382 0.004297406412661076 0.9183506965637207 0 0 
1383 0.003836354473605752 0.9122826457023621 0 0 
1384 0.003354263724759221 0.9062000513076782 0 0 
1385 0.002853609621524811 0.9001047015190125 0 0 
1386 0.002336866920813918 0.8939982652664185 0 0 
1387 0.001806510728783906 0.8878824710845947 0 0 
1388 0.001265016617253423 0.8817589282989502 0 0 
1389 0.0007148593431338668 0.8756294846534729 0 0 
1390 0.0001585142745170742 0.8694957494735718 0 0 
1391 -0.0004015435406472534 0.8633594512939453 0 0 
1392 -0.0009628389379940927 0.8572222590446472 0 0 
1393 -0.001522896694950759 0.8510859608650208 0 0 
1394 -0.002079241909086704 0.8449522256851196 0 0 
1395 -0.002629399066790938 0.8388227820396423 0 0 
1396 -0.003170893294736743 0.8326992392539978 0 0 
1397 -0.003701249370351434 0.8265834450721741 0 0 
1398 -0.004217992071062326 0.8204770088195801 0 0 
1399 -0.00471864640712738 0.8143816590309143 0 0 
1400 -0.005200736690312624 0.8082990646362305 0 0 
1401 -0.005661788862198591 0.8022310137748718 0 0 
1402 -0.00609932653605938 0.7961791753768921 0 0 
1403 -0.006510875653475523 0.7901452779769897 0 0 
1404 -0.006893960293382406 0.7841309905052185 0 0 
1405 -0.007246105466037989 0.7781379818916321 0 0 
1406 -0.00756483618170023 0.7721680998802185 0 0 
1407 -0.007847677916288376 0.7662228941917419 0 0 
1408 -0.008092153817415237 0.7603041529655457 0 0 
1409 -0.008295790292322636 0.7544135451316833 0 0 
1410 -0.008456111885607243 0.7485527992248535 0 0 
1411 -0.008570642210543156 0.7427236437797546 0 0 
1412 -0.008636908605694771 0.7369277477264404 0 0 
1413 -0.008652432821691036 0.7311668395996094 0 0 
1414 -0.008614742197096348 0.7254425883293152 0 0 
1415 -0.008521361276507378 0.7197567820549011 0 0 
1416 0.2724597156047821 0.7797206044197083 0 0 
1417 0.2728724777698517 0.7784103751182556 0 0 
1418 0.2730014622211456 0.777157723903656 0 0 
1419 0.2728592753410339 0.7759601473808289 0 0 
1420 0.2724584937095642 0.7748150229454041 0 0 
1421 0.2718117833137512 0.7737197875976562 0 0 
1422 0.2709317207336426 0.7726719379425049 0 0 
1423 0.2698309421539307 0.7716689109802246 0 0 
1424 0.2685220241546631 0.7707080841064453 0 0 
1425 0.2670176327228546 0.7697869539260864 0 0 
1426 0.2653303444385529 0.7689029574394226 0 0 
1427 0.2634727656841278 0.7680534720420837 0 0 
1428 0.2614575624465942 0.7672359943389893 0 0 
1429 0.2592972815036774 0.7664479613304138 0 0 
1430 0.2570045590400696 0.7656868100166321 0 0 
1431 0.2545920312404633 0.7649499773979187 0 0 
1432 0.252072274684906 0.7642349004745483 0 0 
1433 0.2494579404592514 0.7635390162467957 0 0 
1434 0.2467616051435471 0.7628598213195801 0 0 
1435 0.2439959049224854 0.7621946334838867 0 0 
1436 0.2411734461784363 0.7615410089492798 0 0 
1437 0.238306850194931 0.7608963251113892 0 0 
1438 0.2354087084531784 0.7602580189704895 0 0 
1439 0.2324916571378708 0.7596235871315002 0 0 
1440 0.2295683026313782 0.758990466594696 0 0 
1441 0.2266512513160706 0.7583560347557068 0 0 
1442 0.2237531095743179 0.7577177286148071 0 0 
1443 0.2208865135908127 0.7570730447769165 0 0 
1444 0.2180640548467636 0.7564194202423096 0 0 
1445 0.2152983546257019 0.7557542324066162 0 0 
1446 0.2126020193099976 0.7550750374794006 0 0 
1447 0.209987685084343 0.7543791532516479 0 0 
1448 0.2074679285287857 0.7536640763282776 0 0 
1449 0.2050554007291794 0.7529272437095642 0 0 
1450 0.2027626782655716 0.7521660923957825 0 0 
1451 0.2006024122238159 0.751378059387207 0 0 
1452 0.19858717918396 0.7505605816841125 0 0 
1453 0.1967296153306961 0.7497110962867737 0 0 
1454 0.1950423270463943 0.7488270998001099 0 0 
1455 0.1935379207134247 0.747905969619751 0 0 
1456 0.1922290176153183 0.7469451427459717 0 0 
1457 0.1911282390356064 0.7459421157836914 0 0 
1458 0.1902481764554977 0.74489426612854 0 0 
1459 0.1896014660596848 0.7437990307807922 0 0 
1460 0.1892006993293762 0.7426539063453674 0 0 
1461 0.1890584975481033 0.7414563298225403 0 0 
1462 0.1891874670982361 0.7402036786079407 0 0 
1463 0.1896002441644669 0.738893449306488 0 0 
1464 0.1950489580631256 0.7388077974319458 0 0 
1465 0.1991666853427887 0.7406231760978699 0 0 
1466 0.2026890814304352 0.7429466247558594 0 0 
1467 0.2056425809860229 0.7457555532455444 0 0 
1468 0.2080536633729935 0.7490274310112 0 0 
1469 0.2099487781524658 0.7527396082878113 0 0 
1470 0.2113543897867203 0.7568696141242981 0 0 
1471 0.2122969627380371 0.761394739151001 0 0 
1472 0.2128029316663742 0.7662924528121948 0 0 
1473 0.2128987908363342 0.7715401649475098 0 0 
1474 0.2126109749078751 0.7771153450012207 0 0 
1475 0.211965948343277 0.782995343208313 0 0 
1476 0.2109901905059814 0.7891576290130615 0 0 
1477 0.2097101360559464 0.7955796122550964 0 0 
1478 0.208152249455452 0.8022386431694031 0 0 
1479 0.2063430100679398 0.8091122508049011 0 0 
1480 0.2043088525533676 0.8161777853965759 0 0 
1481 0.2020762413740158 0.8234126567840576 0 0 
1482 0.1996716558933258 0.8307943344116211 0 0 
1483 0.1971215307712555 0.8383001685142517 0 0 
1484 0.1944523453712463 0.8459076881408691 0 0 
1485 0.1916905492544174 0.853594183921814 0 0 
1486 0.1888625919818878 0.8613371849060059 0 0 
1487 0.185994952917099 0.8691139817237854 0 0 
1488 0.1831140965223312 0.876902163028717 0 0 
1489 0.1802464574575424 0.8846789598464966 0 0 
1490 0.1774185001850128 0.8924219608306885 0 0 
1491 0.1746567040681839 0.9001084566116333 0 0 
1492 0.1719875186681747 0.9077159762382507 0 0 
1493 0.1694373935461044 0.9152218103408813 0 0 
1494 0.1670328080654144 0.9226034879684448 0 0 
1495 0.1648001968860626 0.9298383593559265 0 0 
1496 0.1627660393714905 0.9369038939476013 0 0 
1497 0.1609567999839783 0.9437775015830994 0 0 
1498 0.1593989133834839 0.950436532497406 0 0 
1499 0.1581188589334488 0.9568585157394409 0 0 
1500 0.1571431010961533 0.9630208015441895 0 0 
1501 0.1564980745315552 0.9689007997512817 0 0 
1502 0.156210258603096 0.9744759798049927 0 0 
1503 0.156306117773056 0.9797236919403076 0 0 
1504 0.1568120867013931 0.9846214056015015 0 0 
1505 0.15775465965271 0.9891465306282043 0 0 
1506 0.1591602712869644 0.9932765364646912 0 0 
1507 0.1610553860664368 0.9969887137413025 0 0 
1508 0.1634664684534073 1.000260591506958 0 0 
1509 0.1664199680089951 1.003069519996643 0 0 
1510 0.1699423640966415 1.005393028259277 0 0 
1511 0.1740600913763046 1.007208347320557 0 0 
1512 1.002236366271973 0.8578694462776184 0 0 
1513 1.003415107727051 0.845815122127533 0 0 
1514 1.002403140068054 0.835157573223114 0 0 
1515 0.9992979764938354 0.8258345723152161 0 0 
1516 0.9941969513893127 0.8177842497825623 0 0 
1517 0.9871973395347595 0.8109443783760071 0 0 
1518 0.9783965945243835 0.8052529096603394 0 0 
1519 0.9678919911384583 0.8006477952003479 0 0 
1520 0.9557809829711914 0.7970669865608215 0 0 
1521 0.9421608448028564 0.7944483160972595 0 0 
1522 0.9271290302276611 0.7927297949790955 0 0 
1523 0.9107828140258789 0.7918493151664734 0 0 
1524 0.8932195901870728 0.7917447686195374 0 0 
1525 0.8745366930961609 0.7923541069030762 0 0 
1526 0.8548315167427063 0.7936152815818787 0 0 
1527 0.834201455116272 0.7954661250114441 0 0 
1528 0.8127437829971313 0.7978447079658508 0 0 
1529 0.7905559539794922 0.8006888031959534 0 0 
1530 0.7677352428436279 0.8039364218711853 0 0 
1531 0.7443790435791016 0.8075254559516907 0 0 
1532 0.7205847501754761 0.8113938570022583 0 0 
1533 0.6964496970176697 0.8154794573783875 0 0 
1534 0.6720712184906006 0.8197203278541565 0 0 
1535 0.6475467085838318 0.8240543007850647 0 0 
1536 0.6229735016822815 0.8284192681312561 0 0 
1537 0.5984489917755127 0.8327532410621643 0 0 
1538 0.5740705728530884 0.8369941115379333 0 0 
1539 0.5499354600906372 0.8410797119140625 0 0 
1540 0.5261411666870117 0.8449481129646301 0 0 
1541 0.5027849674224854 0.8485371470451355 0 0 
1542 0.4799642860889435 0.8517847657203674 0 0 
1543 0.4577764272689819 0.85462886095047 0 0 
1544 0.4363187849521637 0.8570074439048767 0 0 
1545 0.415688693523407 0.8588582873344421 0 0 
1546 0.3959835469722748 0.8601194620132446 0 0 
1547 0.3773006796836853 0.8607288002967834 0 0 
1548 0.3597374558448792 0.8606242537498474 0 0 
1549 0.3433912396430969 0.8597437739372253 0 0 
1550 0.3283593952655792 0.8580252528190613 0 0 
1551 0.3147392570972443 0.8554065823554993 0 0 
1552 0.3026282489299774 0.8518257737159729 0 0 
1553 0.2921236753463745 0.8472206592559814 0 0 
1554 0.2833229005336761 0.8415291905403137 0 0 
1555 0.2763233184814453 0.8346893191337585 0 0 
1556 0.2712222337722778 0.8266389966011047 0 0 
1557 0.2681170701980591 0.8173159956932068 0 0 
1558 0.2671051621437073 0.8066584467887878 0 0 
1559 0.268283873796463 0.7946041226387024 0 0 
1560 0.2755777537822723 0.782936155796051 0 0 
1561 0.2788190543651581 0.7851058840751648 0 0 
1562 0.2814993560314178 0.7875863313674927 0 0 
1563 0.2836436629295349 0.7903637290000916 0 0 
1564 0.2852768301963806 0.7934241890907288 0 0 
1565 0.2864238023757935 0.796754002571106 0 0 
1566 0.2871095538139343 0.8003393411636353 0 0 
1567 0.2873589992523193 0.804166316986084 0 0 
1568 0.2871970534324646 0.8082212209701538 0 0 
1569 0.2866486310958862 0.8124901652336121 0 0 
1570 0.2857387363910675 0.8169593811035156 0 0 
1571 0.2844922244548798 0.8216149806976318 0 0 
1572 0.2829340696334839 0.8264432549476624 0 0 
1573 0.281089186668396 0.8314303755760193 0 0 
1574 0.278982549905777 0.83656245470047 0 0 
1575 0.2766390144824982 0.8418257832527161 0 0 
1576 0.2740835845470428 0.8472064733505249 0 0 
1577 0.2713411450386047 0.8526907563209534 0 0 
1578 0.2684366405010223 0.8582648038864136 0 0 
1579 0.2653950154781342 0.8639147877693176 0 0 
1580 0.2622412145137787 0.8696269392967224 0 0 
1581 0.2590001225471497 0.8753874897956848 0 0 
1582 0.255696713924408 0.8811824917793274 0 0 
1583 0.2523559033870697 0.8869982361793518 0 0 
1584 0.2490026354789734 0.8928208351135254 0 0 
1585 0.2456618249416351 0.8986365795135498 0 0 
1586 0.2423584163188934 0.9044315814971924 0 0 
1587 0.2391173392534256 0.9101921319961548 0 0 
1588 0.2359635233879089 0.9159042835235596 0 0 
1589 0.2329218983650208 0.9215542674064636 0 0 
1590 0.2300173938274384 0.9271283149719238 0 0 
1591 0.2272749692201614 0.9326125979423523 0 0 
1592 0.2247195243835449 0.9379932880401611 0 0 
1593 0.2223760038614273 0.9432566165924072 0 0 
1594 0.2202693372964859 0.9483886957168579 0 0 
1595 0.2184244692325592 0.9533758163452148 0 0 
1596 0.2168663144111633 0.9582040905952454 0 0 
1597 0.2156198024749756 0.9628596901893616 0 0 
1598 0.2147098928689957 0.9673289060592651 0 0 
1599 0.2141615003347397 0.9715978503227234 0 0 
1600 0.2139995396137238 0.9756527543067932 0 0 
1601 0.2142489701509476 0.9794797301292419 0 0 
1602 0.2149347215890884 0.9830650687217712 0 0 
1603 0.2160817086696625 0.9863948822021484 0 0 
1604 0.2177148908376694 0.9894553422927856 0 0 
1605 0.2198591679334641 0.9922327399253845 0 0 
1606 0.2225394994020462 0.9947131872177124 0 0 
1607 0.2257807850837708 0.9968829154968262 0 0 
1608 0.9987133145332336 0.8739542961120605 0 0 
1609 0.9987091422080994 0.8765082955360413 0 0 
1610 0.9987549185752869 0.879045307636261 0 0 
1611 0.9988484978675842 0.8815661072731018 0 0 
1612 0.9989876747131348 0.8840714693069458 0 0 
1613 0.9991701245307922 0.8865620493888855 0 0 
1614 0.9993937611579895 0.8890387415885925 0 0 
1615 0.9996562004089355 0.8915022015571594 0 0 
1616 0.9999553561210632 0.8939532041549683 0 0 
1617 1.000288963317871 0.8963924646377563 0 0 
1618 1.000654697418213 0.8988208770751953 0 0 
1619 1.001050591468811 0.9012390375137329 0 0 
1620 1.001474142074585 0.903647780418396 0 0 
1621 1.001923203468323 0.9060478806495667 0 0 
1622 1.002395749092102 0.9084399938583374 0 0 
1623 1.002889275550842 0.9108250141143799 0 0 
1624 1.003401756286621 0.9132035970687866 0 0 
1625 1.003930926322937 0.9155765175819397 0 0 
1626 1.004474401473999 0.9179444909095764 0 0 
1627 1.005030274391174 0.9203083515167236 0 0 
1628 1.005596041679382 0.9226688146591187 0 0 
1629 1.006169557571411 0.9250266551971436 0 0 
1630 1.006748795509338 0.9273825883865356 0 0 
1631 1.007331252098083 0.929737389087677 0 0 
1632 1.007914781570435 0.9320918321609497 0 0 
1633 1.00849723815918 0.9344466328620911 0 0 
1634 1.009076356887817 0.9368025660514832 0 0 
1635 1.009649991989136 0.9391604065895081 0 0 
1636 1.010215759277344 0.9415208697319031 0 0 
1637 1.010771512985229 0.9438847303390503 0 0 
1638 1.011315107345581 0.946252703666687 0 0 
1639 1.011844277381897 0.9486256241798401 0 0 
1640 1.012356638908386 0.9510042071342468 0 0 
1641 1.012850284576416 0.9533892273902893 0 0 
1642 1.013322710990906 0.9557813405990601 0 0 
1643 1.013771891593933 0.9581814408302307 0 0 
1644 1.014195442199707 0.9605901837348938 0 0 
1645 1.014591217041016 0.9630083441734314 0 0 
1646 1.014957070350647 0.9654367566108704 0 0 
1647 1.01529061794281 0.9678760170936584 0 0 
1648 1.015589714050293 0.9703270196914673 0 0 
1649 1.015852212905884 0.9727904796600342 0 0 
1650 1.016075849533081 0.9752671718597412 0 0 
1651 1.016258358955383 0.9777577519416809 0 0 
1652 1.016397476196289 0.9802631139755249 0 0 
1653 1.016491055488586 0.9827839136123657 0 0 
1654 1.016536831855774 0.9853209257125854 0 0 
1655 1.01653265953064 0.9878749251365662 0 0 
1656 0.1752827912569046 1.008379459381104 0 0 
1657 0.1717672944068909 1.008265614509583 0 0 
1658 0.1682531088590622 1.008151650428772 0 0 
1659 0.1647401452064514 1.00803804397583 0 0 
1660 0.1612283736467361 1.007924795150757 0 0 
1661 0.1577177345752716 1.007812023162842 0 0 
1662 0.1542081534862518 1.007700204849243 0 0 
1663 0.1506995856761932 1.007589340209961 0 0 
1664 0.147191971540451 1.007479786872864 0 0 
1665 0.1436852365732193 1.007371664047241 0 0 
1666 0.1401793509721756 1.007265090942383 0 0 
1667 0.136674240231514 1.007160425186157 0 0 
1668 0.1331698447465897 1.007057785987854 0 0 
1669 0.1296661198139191 1.006957411766052 0 0 
1670 0.1261630058288574 1.006859540939331 0 0 
1671 0.1226604282855988 1.00676429271698 0 0 
1672 0.1191583499312401 1.006671905517578 0 0 
1673 0.1156566962599754 1.006582736968994 0 0 
1674 0.1121554225683212 1.006496667861938 0 0 
1675 0.1086544618010521 1.006414175033569 0 0 
1676 0.1051537618041039 1.006335496902466 0 0 
1677 0.1016532704234123 1.006260633468628 0 0 
1678 0.09815291315317154 1.006189823150635 0 0 
1679 0.09465265274047852 1.006123423576355 0 0 
1680 0.09115241467952728 1.006061553955078 0 0 
1681 0.08765214681625366 1.006004333496094 0 0 
1682 0.08415178954601288 1.005952119827271 0 0 
1683 0.08065129816532135 1.005905032157898 0 0 
1684 0.07715059816837311 1.005863308906555 0 0 
1685 0.07364963740110397 1.005827188491821 0 0 
1686 0.07014836370944977 1.005796790122986 0 0 
1687 0.06664671003818512 1.005772352218628 0 0 
1688 0.06314463168382645 1.005754113197327 0 0 
1689 0.05964205414056778 1.005742192268372 0 0 
1690 0.05613893643021584 1.005736947059631 0 0 
1691 0.05263520777225494 1.005738496780396 0 0 
1692 0.04913081973791122 1.005746960639954 0 0 
1693 0.0456257089972496 1.005762696266174 0 0 
1694 0.0421198196709156 1.005785822868347 0 0 
1695 0.03861309587955475 1.005816698074341 0 0 
1696 0.03510547801852226 1.005855202674866 0 0 
1697 0.03159690648317337 1.00590193271637 0 0 
1698 0.02808732725679874 1.005956768989563 0 0 
1699 0.02457668073475361 1.006020069122314 0 0 
1700 0.02106491103768349 1.006092071533203 0 0 
1701 0.0175519585609436 1.006172895431519 0 0 
1702 0.01403776556253433 1.00626277923584 0 0 
1703 0.0105222761631012 1.006361961364746 0 0 
1704 0.228440597653389 0.9987030029296875 0 0 
1705 0.2272895127534866 0.9987028241157532 0 0 
1706 0.2261540442705154 0.9987266063690186 0 0 
1707 0.2250334918498993 0.9987733364105225 0 0 
1708 0.2239271700382233 0.9988420605659485 0 0 
1709 0.2228343933820724 0.9989317655563354 0 0 
1710 0.2217544466257095 0.9990414381027222 0 0 
1711 0.2206866592168808 0.9991700649261475 0 0 
1712 0.2196303158998489 0.9993166923522949 0 0 
1713 0.218584731221199 0.9994803071022034 0 0 
1714 0.2175492197275162 0.9996599555015564 0 0 
1715 0.216523066163063 0.9998545050621033 0 0 
1716 0.2155055999755859 1.000063180923462 0 0 
1717 0.2144961208105087 1.000284671783447 0 0 
1718 0.2134939134120941 1.000518321990967 0 0 
1719 0.2124983072280884 1.000762939453125 0 0 
1720 0.2115086019039154 1.001017570495605 0 0 
1721 0.2105241119861603 1.001281261444092 0 0 
1722 0.2095441222190857 1.001552939414978 0 0 
1723 0.2085679471492767 1.001831531524658 0 0 
1724 0.2075949013233185 1.002116322517395 0 0 
1725 0.2066242843866348 1.002406120300293 0 0 
1726 0.2056553959846497 1.002699851989746 0 0 
1727 0.2046875655651093 1.002996683120728 0 0 
1728 0.2037200629711151 1.003295540809631 0 0 
1729 0.2027522325515747 1.003595471382141 0 0 
1730 0.2017833441495895 1.00389552116394 0 0 
1731 0.2008127272129059 1.004194617271423 0 0 
1732 0.1998396813869476 1.004491686820984 0 0 
1733 0.1988635063171387 1.004785895347595 0 0 
1734 0.1978835165500641 1.005076050758362 0 0 
1735 0.196899026632309 1.005361437797546 0 0 
1736 0.195909321308136 1.005640864372253 0 0 
1737 0.1949137151241302 1.005913257598877 0 0 
1738 0.1939115077257156 1.00617790222168 0 0 
1739 0.1929020285606384 1.006433486938477 0 0 
1740 0.1918845623731613 1.00667929649353 0 0 
1741 0.1908584088087082 1.006914138793945 0 0 
1742 0.1898228973150253 1.007137060165405 0 0 
1743 0.1887773126363754 1.007347106933594 0 0 
1744 0.1877209693193436 1.007543325424194 0 0 
1745 0.1866531819105148 1.007724523544312 0 0 
1746 0.1855732351541519 1.007889986038208 0 0 
1747 0.1844804584980011 1.008038520812988 0 0 
1748 0.1833741366863251 1.008169174194336 0 0 
1749 0.1822535842657089 1.008280873298645 0 0 
1750 0.1811181157827377 1.008372783660889 0 0 
1751 0.1799670308828354 1.008443832397461 0 0 
1752 1.000759601593018 0.9899609088897705 0 0 
1753 0.9850002527236938 0.9895156621932983 0 0 
1754 0.9691999554634094 0.9891101121902466 0 0 
1755 0.9533605575561523 0.9887433648109436 0 0 
1756 0.9374839067459106 0.9884146451950073 0 0 
1757 0.9215717315673828 0.9881229996681213 0 0 
1758 0.9056259393692017 0.9878677129745483 0 0 
1759 0.8896483778953552 0.9876478314399719 0 0 
1760 0.8736407160758972 0.9874625205993652 0 0 
1761 0.8576049208641052 0.9873110055923462 0 0 
1762 0.8415427803993225 0.9871923923492432 0 0 
1763 0.8254560232162476 0.9871059060096741 0 0 
1764 0.8093465566635132 0.9870505928993225 0 0 
1765 0.7932162284851074 0.9870256185531616 0 0 
1766 0.7770667672157288 0.9870302677154541 0 0 
1767 0.7609000205993652 0.9870635271072388 0 0 
1768 0.7447177767753601 0.9871246814727783 0 0 
1769 0.7285219430923462 0.9872127771377563 0 0 
1770 0.7123143076896667 0.9873270988464355 0 0 
1771 0.696096658706665 0.9874666929244995 0 0 
1772 0.6798707842826843 0.9876307249069214 0 0 
1773 0.6636385917663574 0.9878184199333191 0 0 
1774 0.6474018096923828 0.988028883934021 0 0 
1775 0.6311623454093933 0.9882612824440002 0 0 
1776 0.6149219274520874 0.98851478099823 0 0 
1777 0.5986824631690979 0.9887884855270386 0 0 
1778 0.5824456810951233 0.9890816211700439 0 0 
1779 0.5662134885787964 0.9893932938575745 0 0 
1780 0.5499876141548157 0.9897226691246033 0 0 
1781 0.533769965171814 0.9900689125061035 0 0 
1782 0.5175623297691345 0.9904311299324036 0 0 
1783 0.5013664960861206 0.9908086061477661 0 0 
1784 0.4851842820644379 0.99120032787323 0 0 
1785 0.4690175354480743 0.9916055798530579 0 0 
1786 0.4528680741786957 0.9920234680175781 0 0 
1787 0.4367376863956451 0.9924531579017639 0 0 
1788 0.4206282198429108 0.9928938150405884 0 0 
1789 0.4045415222644806 0.9933445453643799 0 0 
1790 0.3884793221950531 0.9938045740127563 0 0 
1791 0.3724435269832611 0.9942729473114014 0 0 
1792 0.3564359247684479 0.9947489500045776 0 0 
1793 0.3404583036899567 0.9952316880226135 0 0 
1794 0.3245125114917755 0.9957202672958374 0 0 
1795 0.3086003959178925 0.9962139129638672 0 0 
1796 0.2927237153053284 0.9967117309570312 0 0 
1797 0.2768843173980713 0.9972129464149475 0 0 
1798 0.2610840201377869 0.9977166056632996 0 0 
1799 0.2453246414661407 0.9982219338417053 0 0 
1 0.7829102873802185 -0.0003285728196887523 0 0.9979081153869629 0.00326287891142152 0 0 2 1 -2 
2 0.7674340009689331 0.002783912932500243 0 0.7829102873802185 0.1288758218288422 0 0 2 4 -1 
3 0.6876575350761414 -0.0008356063044629991 0 0.7829102873802185 0.002783912932500243 0 0 2 5 -1 
4 0.9978973866326655 0.0001503930543549359 0 1.007573335422574 0.1497041136026382 0 0 2 2 -3 
5 0.7674340009689331 0.08364257126515132 0 1.007562637329102 0.1497041136026382 0 0 2 3 -4 
6 1.006133437156677 0.1497041136026382 0 1.007562637329102 0.1978701651096344 0 0 2 3 -11 
7 0.6996259093284607 0.1288758218288422 0 0.7674340009689331 0.152695819735527 0 0 2 4 -6 
8 0.7645694644526363 0.1288758218288422 0 0.7896974055691838 0.1928712576627731 0 0 2 12 -4 
9 0.6749299399156139 -0.0008356063044629991 0 0.7123535044889882 0.152695819735527 0 0 2 6 -5 
10 0.5256545543670654 -0.006187261082231998 0 0.6876575350761414 -0.0008356063044629991 0 0 2 7 -5 
11 0.5209264755249023 0.152695819735527 0 0.6996259093284607 0.20259128510952 0 0 2 6 -8 
12 0.6953220051011921 0.152695819735527 0 0.7489217240133402 0.2314154356718063 0 0 2 13 -6 
13 0.506304213457801 -0.006187261082231998 0 0.5402768164341669 0.20259128510952 0 0 2 8 -7 
14 -0.005776906386017799 -0.006981215909869502 0 0.5256545543670654 0.008783726323145568 0 0 2 9 -7 
15 -0.005486062727868557 0.1532641869390943 0 0.5209264755249023 0.2289210635816119 0 0 2 8 -10 
16 0.5161800003509626 0.20259128510952 0 0.6155617618102921 0.2997453510761261 0 0 2 14 -8 
17 0.1596949277305145 0.20259128510952 0 0.5515409843748325 0.737523078918457 0 0 2 8 -17 
18 -0.006274074988007873 0.007989771664142609 0 -0.004988894125878485 0.1795939654111862 0 0 2 10 -9 
19 -0.008369813673198223 0.1795939654111862 0 -0.005486062727868557 0.7141110301017761 0 0 2 16 -10 
20 0.786832869052887 0.176561385106975 0 1.006133437156677 0.2141800376654326 0 0 2 11 -12 
21 1.003130555152893 0.1978701651096344 0 1.006133437156677 0.2967852056026459 0 0 2 11 -15 
22 0.7414338384309097 0.1928712576627731 0 0.788165150274138 0.2314154356718063 0 0 2 12 -13 
23 0.6108152866363525 0.2254600338075713 0 0.7446178197860718 0.2997453510761261 0 0 2 13 -14 
24 0.7441692748841598 0.2314154356718063 0 1.003579138074228 0.2967852056026459 0 0 2 15 -13 
25 0.2717505395412445 0.2314154356718063 0 0.7477458982801243 0.7810909748077393 0 0 2 18 -13 
26 0.2717505395412445 0.2997453510761261 0 0.6108152866363525 0.7810909748077393 0 0 2 14 -18 
27 0.9987697005271912 0.2967852056026459 0 1.003130555152893 0.8713825941085815 0 0 2 15 -19 
28 -0.008369813673198223 0.7141110301017761 0 0.1903094202280045 0.737523078918457 0 0 2 17 -16 
29 -0.00852556267960204 0.7141110301017761 0 0.007161180332906044 1.006470680236816 0 0 2 21 -16 
30 0.1898592203773752 0.737523078918457 0 0.2722007383698462 0.7810909748077393 0 0 2 18 -17 
31 0.1564483097428648 0.737523078918457 0 0.2126607396965655 1.008493065834045 0 0 2 17 -20 
32 0.2717505395412445 0.7810909748077393 0 0.9987697005271912 0.8713825941085815 0 0 2 19 -18 
33 0.2155019423639497 0.7810909748077393 0 0.2858565952552198 0.9987280964851379 0 0 2 18 -22 
34 0.9987697005271912 0.8713825941085815 0 1.016476273536682 0.9904466271400452 0 0 2 19 -23 
35 0.007005431223660707 1.005759495275992 0 0.1787996292114258 1.008493065834045 0 0 2 20 -21 
36 0.1787996292114258 0.9987280964851379 0 0.2296079993247986 1.008493065834045 0 0 2 22 -20 
37 0.2296079993247986 0.9870808477754945 0 1.016476273536682 0.9987280964851379 0 0 2 23 -22 
1 0.7674340009689331 -0.0003285728196887466 0 1.007573335422574 0.1497041136026382 0 0 4 1 4 5 2 
2 0.6749299399156139 -0.0008356063044629991 0 0.7829102873802185 0.152695819735527 0 0 4 3 -2 7 9 
3 0.506304213457801 -0.006187261082231998 0 0.7123535044889882 0.20259128510952 0 0 4 10 -9 11 13 
4 -0.006274074988007861 -0.006981215909869498 0 0.5402768164341669 0.2289210635816119 0 0 4 14 -13 15 18 
5 0.7645694644526363 0.08364257126515132 0 1.007562637329102 0.2141800376654326 0 0 4 6 20 8 -5 
6 0.6953220051011921 0.1288758218288422 0 0.7896974055691838 0.2314154356718063 0 0 4 12 -7 -8 22 
7 0.5161800003509626 0.152695819735527 0 0.7489217240133402 0.2997453510761261 0 0 4 23 16 -11 -12 
8 0.7414338384309097 0.176561385106975 0 1.006133437156677 0.2967852056026459 0 0 4 21 24 -22 -20 
9 -0.008369813673198223 0.1532641869390943 0 0.5515409843748325 0.737523078918457 0 0 4 19 -15 17 28 
10 0.1596949277305145 0.20259128510952 0 0.6155617618102921 0.7810909748077393 0 0 4 26 30 -17 -16 
11 0.2717505395412445 0.2314154356718063 0 1.003579138074228 0.8713825941085815 0 0 4 27 32 25 -24 
12 -0.008525562679602042 0.7141110301017761 0 0.2126607396965655 1.008493065834045 0 0 4 35 29 -28 31 
13 0.1564483097428648 0.737523078918457 0 0.2858565952552198 1.008493065834045 0 0 4 36 -31 -30 33 
14 0.2155019423639497 0.7810909748077393 0 1.016476273536682 0.9987280964851379 0 0 4 34 37 -33 -32 
$EndEntities
$Nodes
1850 2991 1 2991
0 1 0 1
1
0.7829102873802185 0.002783912932500243 0
0 2 0 1
2
0.9979081153869629 0.0001503930543549359 0
0 3 0 1
3
1.007562637329102 0.1497041136026382 0
0 4 0 1
4
0.7674340009689331 0.1288758218288422 0
0 5 0 1
5
0.6876575350761414 -0.0008356063044629991 0
0 6 0 1
6
0.6996259093284607 0.152695819735527 0
0 7 0 1
7
0.5256545543670654 -0.006187261082231998 0
0 8 0 1
8
0.5209264755249023 0.20259128510952 0
0 9 0 1
9
-0.005776906386017799 0.007989771664142609 0
0 10 0 1
10
-0.005486062727868557 0.1795939654111862 0
0 11 0 1
11
1.006133437156677 0.1978701651096344 0
0 12 0 1
12
0.786832869052887 0.1928712576627731 0
0 13 0 1
13
0.7446178197860718 0.2314154356718063 0
0 14 0 1
14
0.6108152866363525 0.2997453510761261 0
0 15 0 1
15
1.003130555152893 0.2967852056026459 0
0 16 0 1
16
-0.008369813673198223 0.7141110301017761 0
0 17 0 1
17
0.1903094202280045 0.737523078918457 0
0 18 0 1
18
0.2717505395412445 0.7810909748077393 0
0 19 0 1
19
0.9987697005271912 0.8713825941085815 0
0 20 0 1
20
0.1787996292114258 1.008493065834045 0
0 21 0 1
21
0.007005431223660707 1.006470680236816 0
0 22 0 1
22
0.2296079993247986 0.9987280964851379 0
0 23 0 1
23
1.016476273536682 0.9904466271400452 0
0 24 0 1
24
0.7875805497169495 0.002922772895544767 0
0 25 0 1
25
0.7922154664993286 0.003037557238712907 0
0 26 0 1
26
0.7968165874481201 0.003129290416836739 0
0 27 0 1
27
0.8013854026794434 0.00319899688474834 0
0 28 0 1
28
0.8059234023094177 0.003247701330110431 0
0 29 0 1
29
0.8104321360588074 0.003276427974924445 0
0 30 0 1
30
0.8149130344390869 0.00328620127402246 0
0 31 0 1
31
0.8193675875663757 0.00327804614789784 0
0 32 0 1
32
0.8237974047660828 0.003252986818552017 0
0 33 0 1
33
0.8282039165496826 0.003212047507986426 0
0 34 0 1
34
0.8325886130332947 0.003156253369525075 0
0 35 0 1
35
0.8369529843330383 0.003086628392338753 0
0 36 0 1
36
0.8412986397743225 0.003004197031259537 0
0 37 0 1
37
0.8456270098686218 0.002909984206780791 0
0 38 0 1
38
0.8499395251274109 0.00280501414090395 0
0 39 0 1
39
0.8542378544807434 0.002690311288461089 0
0 40 0 1
40
0.8585233688354492 0.00256690033711493 0
0 41 0 1
41
0.8627976179122925 0.002435805508866906 0
0 42 0 1
42
0.8670620918273926 0.002298051491379738 0
0 43 0 1
43
0.8713182806968689 0.002154662739485502 0
0 44 0 1
44
0.8755677342414856 0.002006663708016276 0
0 45 0 1
45
0.8798118829727173 0.001855079084634781 0
0 46 0 1
46
0.8840523362159729 0.001700933091342449 0
0 47 0 1
47
0.8882904648780823 0.001545250415802002 0
0 48 0 1
48
0.8925279378890991 0.001389055512845516 0
0 49 0 1
49
0.8967660665512085 0.001233372837305069 0
0 50 0 1
50
0.9010065197944641 0.001079226960428059 0
0 51 0 1
51
0.9052506685256958 0.0009276422206312418 0
0 52 0 1
52
0.9095001220703125 0.0007796432473696768 0
0 53 0 1
53
0.9137563109397888 0.0006362545536831021 0
0 54 0 1
54
0.9180207848548889 0.0004985005361959338 0
0 55 0 1
55
0.9222950339317322 0.0003674057661555707 0
0 56 0 1
56
0.926580548286438 0.0002439947129460052 0
0 57 0 1
57
0.9308788776397705 0.0001292918750550598 0
0 58 0 1
58
0.9351913928985596 2.432176370348316e-05 0
0 59 0 1
59
0.9395197629928589 -6.989113899180666e-05 0
0 60 0 1
60
0.9438654184341431 -0.0001523223472759128 0
0 61 0 1
61
0.9482297897338867 -0.0002219473390141502 0
0 62 0 1
62
0.9526144862174988 -0.0002777416375465691 0
0 63 0 1
63
0.9570209980010986 -0.0003186807443853468 0
0 64 0 1
64
0.9614508152008057 -0.00034374013193883 0
0 65 0 1
65
0.9659053683280945 -0.0003518953744787723 0
0 66 0 1
66
0.970386266708374 -0.0003421219007577747 0
0 67 0 1
67
0.9748950004577637 -0.0003133952559437603 0
0 68 0 1
68
0.979433000087738 -0.000264690926996991 0
0 69 0 1
69
0.9840018153190613 -0.0001949844299815595 0
0 70 0 1
70
0.9886029362678528 -0.000103251266409643 0
0 71 0 1
71
0.9932378530502319 1.153306129708653e-05 0
0 72 0 1
72
0.770098090171814 0.1286350935697556 0
0 73 0 1
73
0.772468626499176 0.1281027942895889 0
0 74 0 1
74
0.7745581865310669 0.1272913217544556 0
0 75 0 1
75
0.7763791084289551 0.1262131035327911 0
0 76 0 1
76
0.777944028377533 0.1248805299401283 0
0 77 0 1
77
0.7792654037475586 0.1233060136437416 0
0 78 0 1
78
0.7803556323051453 0.1215019673109055 0
0 79 0 1
79
0.7812272906303406 0.1194807887077332 0
0 80 0 1
80
0.7818928956985474 0.1172548905014992 0
0 81 0 1
81
0.7823648452758789 0.1148366779088974 0
0 82 0 1
82
0.7826557159423828 0.1122385561466217 0
0 83 0 1
83
0.7827779650688171 0.1094729378819466 0
0 84 0 1
84
0.7827440500259399 0.1065522283315659 0
0 85 0 1
85
0.7825665473937988 0.1034888327121735 0
0 86 0 1
86
0.7822578549385071 0.1002951636910439 0
0 87 0 1
87
0.7818304896354675 0.09698362648487091 0
0 88 0 1
88
0.781296968460083 0.09356662631034851 0
0 89 0 1
89
0.7806697487831116 0.09005656838417053 0
0 90 0 1
90
0.7799614071846008 0.08646586537361145 0
0 91 0 1
91
0.7791842818260193 0.08280692249536514 0
0 92 0 1
92
0.7783510088920593 0.07909214496612549 0
0 93 0 1
93
0.7774739861488342 0.07533393800258636 0
0 94 0 1
94
0.7765657305717468 0.07154471427202225 0
0 95 0 1
95
0.7756387591362 0.06773688644170761 0
0 96 0 1
96
0.7747055292129517 0.06392285227775574 0
0 97 0 1
97
0.7737785577774048 0.0601150169968605 0
0 98 0 1
98
0.7728703022003174 0.05632579699158669 0
0 99 0 1
99
0.7719932794570923 0.05256759375333786 0
0 100 0 1
100
0.7711600065231323 0.04885281622409821 0
0 101 0 1
101
0.7703828811645508 0.0451938696205616 0
0 102 0 1
102
0.76967453956604 0.04160316661000252 0
0 103 0 1
103
0.7690473198890686 0.03809310868382454 0
0 104 0 1
104
0.7685137987136841 0.03467610850930214 0
0 105 0 1
105
0.7680864334106445 0.0313645675778389 0
0 106 0 1
106
0.7677777409553528 0.02817089855670929 0
0 107 0 1
107
0.7676002383232117 0.02510750479996204 0
0 108 0 1
108
0.7675663232803345 0.02218679524958134 0
0 109 0 1
109
0.7676885724067688 0.01942117884755135 0
0 110 0 1
110
0.7679794430732727 0.0168230589479208 0
0 111 0 1
111
0.7684513926506042 0.01440484635531902 0
0 112 0 1
112
0.769116997718811 0.01217894721776247 0
0 113 0 1
113
0.7699886560440063 0.01015776861459017 0
0 114 0 1
114
0.771078884601593 0.008353717625141144 0
0 115 0 1
115
0.7724002599716187 0.006779202725738287 0
0 116 0 1
116
0.7739651799201965 0.00544663006439805 0
0 117 0 1
117
0.7757861018180847 0.004368407651782036 0
0 118 0 1
118
0.7778756618499756 0.003556942334398627 0
0 119 0 1
119
0.7802461981773376 0.003024641657248139 0
0 120 0 1
120
0.6895397901535034 -0.0007742137531749904 0
0 121 0 1
121
0.6914297938346863 -0.000711261760443449 0
0 122 0 1
122
0.6933271288871765 -0.0006468167412094772 0
0 123 0 1
123
0.695231556892395 -0.0005809450522065163 0
0 124 0 1
124
0.6971427202224731 -0.0005137130501680076 0
0 125 0 1
125
0.6990602612495422 -0.0004451870627235621 0
0 126 0 1
126
0.7009838223457336 -0.0003754334757104516 0
0 127 0 1
127
0.7029131650924683 -0.000304518616758287 0
0 128 0 1
128
0.7048479318618774 -0.0002325088862562552 0
0 129 0 1
129
0.7067877650260925 -0.0001594706118339673 0
0 130 0 1
130
0.7087323665618896 -8.547016477677971e-05 0
0 131 0 1
131
0.7106813788414001 -1.057388726621866e-05 0
0 132 0 1
132
0.7126345038414001 6.515185668831691e-05 0
0 133 0 1
133
0.714591383934021 0.000141640703077428 0
0 134 0 1
134
0.7165517210960388 0.000218826302443631 0
0 135 0 1
135
0.718515157699585 0.000296642305329442 0
0 136 0 1
136
0.7204813957214355 0.0003750223258975893 0
0 137 0 1
137
0.7224500775337219 0.0004539000510703772 0
0 138 0 1
138
0.7244209051132202 0.0005332090659067035 0
0 139 0 1
139
0.7263935208320618 0.0006128830718807876 0
0 140 0 1
140
0.7283676266670227 0.0006928556831553578 0
0 141 0 1
141
0.7303429245948792 0.0007730605429969728 0
0 142 0 1
142
0.7323189973831177 0.0008534312946721911 0
0 143 0 1
143
0.7342955470085144 0.0009339015814475715 0
0 144 0 1
144
0.7362722754478455 0.001014405046589673 0
0 145 0 1
145
0.7382488250732422 0.001094875275157392 0
0 146 0 1
146
0.7402248978614807 0.001175246085040271 0
0 147 0 1
147
0.7422001957893372 0.001255450886674225 0
0 148 0 1
148
0.7441743016242981 0.001335423556156456 0
0 149 0 1
149
0.7461469173431396 0.00141509750392288 0
0 150 0 1
150
0.7481177449226379 0.001494406606070697 0
0 151 0 1
151
0.7500864267349243 0.001573284273035824 0
0 152 0 1
152
0.7520526647567749 0.001651664380915463 0
0 153 0 1
153
0.754016101360321 0.001729480340145528 0
0 154 0 1
154
0.7559764385223389 0.001806665910407901 0
0 155 0 1
155
0.7579333186149597 0.001883154734969139 0
0 156 0 1
156
0.7598864436149597 0.001958880573511124 0
0 157 0 1
157
0.7618354558944702 0.002033776836469769 0
0 158 0 1
158
0.7637800574302673 0.002107777167111635 0
0 159 0 1
159
0.7657198905944824 0.002180815441533923 0
0 160 0 1
160
0.7676546573638916 0.002252825303003192 0
0 161 0 1
161
0.7695840001106262 0.002323740161955357 0
0 162 0 1
162
0.7715075612068176 0.002393493661656976 0
0 163 0 1
163
0.7734251022338867 0.002462019678205252 0
0 164 0 1
164
0.7753362655639648 0.002529251622036099 0
0 165 0 1
165
0.7772406935691833 0.002595123369246721 0
0 166 0 1
166
0.7791380286216736 0.002659568330273032 0
0 167 0 1
167
0.7810280323028564 0.002722520381212234 0
0 168 0 1
168
0.9978346824645996 0.002979727229103446 0
0 169 0 1
169
0.997795045375824 0.005836909636855125 0
0 170 0 1
170
0.9977878332138062 0.008720754645764828 0
0 171 0 1
171
0.997811496257782 0.01163007691502571 0
0 172 0 1
172
0.9978646636009216 0.01456369273364544 0
0 173 0 1
173
0.9979459047317505 0.01752041466534138 0
0 174 0 1
174
0.9980537295341492 0.02049906179308891 0
0 175 0 1
175
0.9981867671012878 0.02349844574928284 0
0 176 0 1
176
0.9983435273170471 0.02651738189160824 0
0 177 0 1
177
0.9985225796699524 0.02955468557775021 0
0 178 0 1
178
0.9987224340438843 0.03260917216539383 0
0 179 0 1
179
0.9989417791366577 0.0356796570122242 0
0 180 0 1
180
0.9991791248321533 0.03876495361328125 0
0 181 0 1
181
0.9994329810142517 0.04186387732625008 0
0 182 0 1
182
0.9997019171714783 0.04497524723410606 0
0 183 0 1
183
0.9999845623970032 0.0480978712439537 0
0 184 0 1
184
1.000279426574707 0.05123056843876839 0
0 185 0 1
185
1.000585079193115 0.0543721541762352 0
0 186 0 1
186
1.000900030136108 0.05752144008874893 0
0 187 0 1
187
1.001222968101501 0.06067724898457527 0
0 188 0 1
188
1.00155234336853 0.06383838504552841 0
0 189 0 1
189
1.00188672542572 0.06700366735458374 0
0 190 0 1
190
1.002224802970886 0.07017192244529724 0
0 191 0 1
191
1.002564907073975 0.07334194332361221 0
0 192 0 1
192
1.00290584564209 0.07651256024837494 0
0 193 0 1
193
1.003245949745178 0.07968258857727051 0
0 194 0 1
194
1.003584027290344 0.08285083621740341 0
0 195 0 1
195
1.003918409347534 0.08601611852645874 0
0 196 0 1
196
1.004247784614563 0.08917725831270218 0
0 197 0 1
197
1.004570722579956 0.09233306348323822 0
0 198 0 1
198
1.004885673522949 0.09548234939575195 0
0 199 0 1
199
1.005191326141357 0.09862393885850906 0
0 200 0 1
200
1.005486249923706 0.1017566323280334 0
0 201 0 1
201
1.005768775939941 0.1048792600631714 0
0 202 0 1
202
1.006037831306458 0.1079906299710274 0
0 203 0 1
203
1.006291627883911 0.1110895499587059 0
0 204 0 1
204
1.006528973579407 0.1141748502850533 0
0 205 0 1
205
1.00674831867218 0.1172453314065933 0
0 206 0 1
206
1.006948232650757 0.1202998235821724 0
0 207 0 1
207
1.007127285003662 0.1233371272683144 0
0 208 0 1
208
1.007284045219421 0.1263560652732849 0
0 209 0 1
209
1.007416963577271 0.1293554455041885 0
0 210 0 1
210
1.007524847984314 0.1323340982198715 0
0 211 0 1
211
1.007606029510498 0.1352908164262772 0
0 212 0 1
212
1.007659196853638 0.1382244229316711 0
0 213 0 1
213
1.007682919502258 0.1411337554454803 0
0 214 0 1
214
1.007675647735596 0.1440175920724869 0
0 215 0 1
215
1.007636070251465 0.1468747854232788 0
0 216 0 1
216
1.007266640663147 0.1453128308057785 0
0 217 0 1
217
1.006395101547241 0.1410535275936127 0
0 218 0 1
218
1.004972577095032 0.1369283199310303 0
0 219 0 1
219
1.003023266792297 0.132939338684082 0
0 220 0 1
220
1.000571966171265 0.1290887147188187 0
0 221 0 1
221
0.9976431131362915 0.1253785490989685 0
0 222 0 1
222
0.9942610263824463 0.1218109950423241 0
0 223 0 1
223
0.990450382232666 0.1183881610631943 0
0 224 0 1
224
0.9862356185913086 0.1151121705770493 0
0 225 0 1
225
0.9816411733627319 0.1119851544499397 0
0 226 0 1
226
0.9766916036605835 0.1090092286467552 0
0 227 0 1
227
0.971411406993866 0.106186531484127 0
0 228 0 1
228
0.9658250212669373 0.1035191714763641 0
0 229 0 1
229
0.9599569439888 0.1010092869400978 0
0 230 0 1
230
0.9538317322731018 0.09865899384021759 0
0 231 0 1
231
0.9474738240242004 0.0964704155921936 0
0 232 0 1
232
0.9409077763557434 0.09444568306207657 0
0 233 0 1
233
0.9341579675674438 0.09258691221475601 0
0 234 0 1
234
0.9272489547729492 0.09089624136686325 0
0 235 0 1
235
0.920205295085907 0.08937577903270721 0
0 236 0 1
236
0.9130513668060303 0.08802766352891922 0
0 237 0 1
237
0.9058117270469666 0.08685401082038879 0
0 238 0 1
238
0.8985108733177185 0.08585694432258606 0
0 239 0 1
239
0.891173243522644 0.08503859490156174 0
0 240 0 1
240
0.8838233947753906 0.08440108597278595 0
0 241 0 1
241
0.8764857649803162 0.08394653350114822 0
0 242 0 1
242
0.8691849112510681 0.08367706835269928 0
0 243 0 1
243
0.8619452714920044 0.08359482139348984 0
0 244 0 1
244
0.8547913432121277 0.08370190858840942 0
0 245 0 1
245
0.8477476835250854 0.08400045335292816 0
0 246 0 1
246
0.8408386707305908 0.08449257910251617 0
0 247 0 1
247
0.8340888619422913 0.08518042415380478 0
0 248 0 1
248
0.8275228142738342 0.08606609702110291 0
0 249 0 1
249
0.8211649060249329 0.08715172857046127 0
0 250 0 1
250
0.8150396943092346 0.08843944221735001 0
0 251 0 1
251
0.8091716170310974 0.08993136137723923 0
0 252 0 1
252
0.8035852313041687 0.09162961691617966 0
0 253 0 1
253
0.7983050346374512 0.09353632479906082 0
0 254 0 1
254
0.7933554649353027 0.09565361589193344 0
0 255 0 1
255
0.7887610197067261 0.09798361361026764 0
0 256 0 1
256
0.7845462560653687 0.1005284339189529 0
0 257 0 1
257
0.7807356119155884 0.1032902151346207 0
0 258 0 1
258
0.7773535251617432 0.1062710657715797 0
0 259 0 1
259
0.7744246125221252 0.1094731315970421 0
0 260 0 1
260
0.7719733119010925 0.112898513674736 0
0 261 0 1
261
0.7700241208076477 0.1165493503212929 0
0 262 0 1
262
0.7686014771461487 0.1204277649521828 0
0 263 0 1
263
0.7677299380302429 0.1245358809828758 0
0 264 0 1
264
1.007525205612183 0.1508682519197464 0
0 265 0 1
265
1.00748884677887 0.1520097553730011 0
0 266 0 1
266
1.007453441619873 0.1531295776367188 0
0 267 0 1
267
1.007418990135193 0.1542286723852158 0
0 268 0 1
268
1.007385492324829 0.1553080081939697 0
0 269 0 1
269
1.007352828979492 0.1563685685396194 0
0 270 0 1
270
1.007320880889893 0.1574112921953201 0
0 271 0 1
271
1.00728976726532 0.1584371477365494 0
0 272 0 1
272
1.007259368896484 0.159447118639946 0
0 273 0 1
273
1.007229685783386 0.1604421436786652 0
0 274 0 1
274
1.007200598716736 0.1614231914281845 0
0 275 0 1
275
1.007172107696533 0.1623912453651428 0
0 276 0 1
276
1.007144212722778 0.1633472442626953 0
0 277 0 1
277
1.007116794586182 0.1642921566963196 0
0 278 0 1
278
1.007089734077454 0.1652269512414932 0
0 279 0 1
279
1.007063150405884 0.1661525964736938 0
0 280 0 1
280
1.007037043571472 0.167070060968399 0
0 281 0 1
281
1.00701117515564 0.167980283498764 0
0 282 0 1
282
1.006985545158386 0.1688842475414276 0
0 283 0 1
283
1.006960272789001 0.1697829067707062 0
0 284 0 1
284
1.006935119628906 0.1706772297620773 0
0 285 0 1
285
1.006910085678101 0.1715681850910187 0
0 286 0 1
286
1.006885290145874 0.1724567264318466 0
0 287 0 1
287
1.006860375404358 0.1733438372612 0
0 288 0 1
288
1.006835699081421 0.1742304414510727 0
0 289 0 1
289
1.006810784339905 0.175117552280426 0
0 290 0 1
290
1.006785988807678 0.176006093621254 0
0 291 0 1
291
1.006760954856873 0.1768970489501953 0
0 292 0 1
292
1.006735801696777 0.1777913719415665 0
0 293 0 1
293
1.006710529327393 0.178690031170845 0
0 294 0 1
294
1.006684899330139 0.1795939952135086 0
0 295 0 1
295
1.006659030914307 0.1805042177438736 0
0 296 0 1
296
1.006632924079895 0.1814216822385788 0
0 297 0 1
297
1.006606340408325 0.1823473274707794 0
0 298 0 1
298
1.006579279899597 0.1832821220159531 0
0 299 0 1
299
1.006551861763 0.1842270344495773 0
0 300 0 1
300
1.006523966789246 0.1851830333471298 0
0 301 0 1
301
1.006495475769043 0.1861510872840881 0
0 302 0 1
302
1.006466388702393 0.1871321350336075 0
0 303 0 1
303
1.006436705589294 0.1881271600723267 0
0 304 0 1
304
1.006406307220459 0.1891371309757233 0
0 305 0 1
305
1.006375193595886 0.1901629865169525 0
0 306 0 1
306
1.006343245506287 0.1912057101726532 0
0 307 0 1
307
1.00631058216095 0.1922662705183029 0
0 308 0 1
308
1.006277084350586 0.1933456063270569 0
0 309 0 1
309
1.006242632865906 0.1944447010755539 0
0 310 0 1
310
1.006207227706909 0.1955645233392715 0
0 311 0 1
311
1.006170868873596 0.1967060267925262 0
0 312 0 1
312
0.7675464749336243 0.1304383426904678 0
0 313 0 1
313
0.7674718499183655 0.1318663209676743 0
0 314 0 1
314
0.7672181725502014 0.1331654787063599 0
0 315 0 1
315
0.766793429851532 0.1343415230512619 0
0 316 0 1
316
0.7662054896354675 0.1354002058506012 0
0 317 0 1
317
0.765462338924408 0.136347234249115 0
0 318 0 1
318
0.7645719647407532 0.1371883451938629 0
0 319 0 1
319
0.7635422945022583 0.1379292458295822 0
0 320 0 1
320
0.7623813152313232 0.1385756880044937 0
0 321 0 1
321
0.7610969543457031 0.1391333788633347 0
0 322 0 1
322
0.7596971988677979 0.1396080553531647 0
0 323 0 1
323
0.7581899762153625 0.140005424618721 0
0 324 0 1
324
0.7565833330154419 0.1403312385082245 0
0 325 0 1
325
0.7548850774765015 0.1405912041664124 0
0 326 0 1
326
0.7531033158302307 0.140791043639183 0
0 327 0 1
327
0.75124591588974 0.1409364938735962 0
0 328 0 1
328
0.7493208646774292 0.1410332769155502 0
0 329 0 1
329
0.7473360896110535 0.1410871297121048 0
0 330 0 1
330
0.7452996373176575 0.1411037445068359 0
0 331 0 1
331
0.7432193756103516 0.1410888880491257 0
0 332 0 1
332
0.7411033511161804 0.14104825258255 0
0 333 0 1
333
0.7389593720436096 0.1409875899553299 0
0 334 0 1
334
0.7367956042289734 0.1409126073122025 0
0 335 0 1
335
0.7346197962760925 0.1408290416002274 0
0 336 0 1
336
0.7324401140213013 0.1407425999641418 0
0 337 0 1
337
0.7302643060684204 0.1406590342521667 0
0 338 0 1
338
0.7281005382537842 0.1405840516090393 0
0 339 0 1
339
0.7259565591812134 0.1405233889818192 0
0 340 0 1
340
0.7238405346870422 0.1404827535152435 0
0 341 0 1
341
0.7217602729797363 0.1404678970575333 0
0 342 0 1
342
0.7197238206863403 0.1404845118522644 0
0 343 0 1
343
0.7177390456199646 0.140538364648819 0
0 344 0 1
344
0.7158139944076538 0.140635147690773 0
0 345 0 1
345
0.7139565944671631 0.1407805979251862 0
0 346 0 1
346
0.7121748328208923 0.1409804373979568 0
0 347 0 1
347
0.7104765772819519 0.1412404030561447 0
0 348 0 1
348
0.7088699340820312 0.1415662169456482 0
0 349 0 1
349
0.7073627114295959 0.1419635862112045 0
0 350 0 1
350
0.7059629559516907 0.1424382627010345 0
0 351 0 1
351
0.7046785950660706 0.1429959535598755 0
0 352 0 1
352
0.7035176157951355 0.143642395734787 0
0 353 0 1
353
0.7024879455566406 0.1443832963705063 0
0 354 0 1
354
0.7015975713729858 0.1452244073152542 0
0 355 0 1
355
0.7008544206619263 0.146171435713768 0
0 356 0 1
356
0.7002664804458618 0.1472301185131073 0
0 357 0 1
357
0.6998417377471924 0.1484061628580093 0
0 358 0 1
358
0.6995880603790283 0.1497053205966949 0
0 359 0 1
359
0.6995134353637695 0.1511332988739014 0
0 360 0 1
360
0.7876901030540466 0.1927074640989304 0
0 361 0 1
361
0.7883906364440918 0.1924008876085281 0
0 362 0 1
362
0.7889412641525269 0.1919576227664948 0
0 363 0 1
363
0.7893485426902771 0.1913837045431137 0
0 364 0 1
364
0.7896192073822021 0.1906852573156357 0
0 365 0 1
365
0.7897598743438721 0.1898683160543442 0
0 366 0 1
366
0.7897772789001465 0.1889389902353287 0
0 367 0 1
367
0.7896779775619507 0.1879033297300339 0
0 368 0 1
368
0.7894687056541443 0.1867674142122269 0
0 369 0 1
369
0.7891561388969421 0.1855373382568359 0
0 370 0 1
370
0.7887468934059143 0.1842191517353058 0
0 371 0 1
371
0.7882477045059204 0.1828189492225647 0
0 372 0 1
372
0.7876651883125305 0.1813427954912186 0
0 373 0 1
373
0.7870059609413147 0.1797967851161957 0
0 374 0 1
374
0.7862768173217773 0.1781869679689407 0
0 375 0 1
375
0.7854843139648438 0.176519438624382 0
0 376 0 1
376
0.7846351861953735 0.1748002469539642 0
0 377 0 1
377
0.7837360501289368 0.1730355024337769 0
0 378 0 1
378
0.7827935814857483 0.1712312698364258 0
0 379 0 1
379
0.7818144559860229 0.1693936139345169 0
0 380 0 1
380
0.7808053493499756 0.1675286144018173 0
0 381 0 1
381
0.7797728776931763 0.1656423509120941 0
0 382 0 1
382
0.7787237763404846 0.1637409031391144 0
0 383 0 1
383
0.7776646614074707 0.161830335855484 0
0 384 0 1
384
0.7766022086143494 0.1599167436361313 0
0 385 0 1
385
0.7755430936813354 0.1580061763525009 0
0 386 0 1
386
0.7744939923286438 0.1561047285795212 0
0 387 0 1
387
0.7734615206718445 0.154218465089798 0
0 388 0 1
388
0.7724524140357971 0.1523534655570984 0
0 389 0 1
389
0.7714732885360718 0.1505158096551895 0
0 390 0 1
390
0.7705308198928833 0.1487115770578384 0
0 391 0 1
391
0.7696316838264465 0.1469468325376511 0
0 392 0 1
392
0.7687825560569763 0.1452276408672333 0
0 393 0 1
393
0.7679900527000427 0.1435601115226746 0
0 394 0 1
394
0.7672609090805054 0.1419502943754196 0
0 395 0 1
395
0.7666016817092896 0.1404042840003967 0
0 396 0 1
396
0.7660191655158997 0.1389281302690506 0
0 397 0 1
397
0.7655199766159058 0.1375279277563095 0
0 398 0 1
398
0.7651107311248779 0.1362097412347794 0
0 399 0 1
399
0.7647981643676758 0.1349796652793884 0
0 400 0 1
400
0.7645888924598694 0.1338437497615814 0
0 401 0 1
401
0.7644895911216736 0.1328080892562866 0
0 402 0 1
402
0.764506995677948 0.1318787634372711 0
0 403 0 1
403
0.7646476626396179 0.1310618221759796 0
0 404 0 1
404
0.764918327331543 0.1303633749485016 0
0 405 0 1
405
0.7653256058692932 0.1297894567251205 0
0 406 0 1
406
0.7658762335777283 0.1293461918830872 0
0 407 0 1
407
0.7665767669677734 0.1290396153926849 0
0 408 0 1
408
0.7024545669555664 0.1521430611610413 0
0 409 0 1
409
0.7048990726470947 0.1512677222490311 0
0 410 0 1
410
0.7069758176803589 0.1500835567712784 0
0 411 0 1
411
0.7087011933326721 0.1486042737960815 0
0 412 0 1
412
0.7100914716720581 0.1468435972929001 0
0 413 0 1
413
0.7111629843711853 0.1448152661323547 0
0 414 0 1
414
0.7119321227073669 0.142533004283905 0
0 415 0 1
415
0.7124152183532715 0.1400105208158493 0
0 416 0 1
416
0.7126286625862122 0.1372615545988083 0
0 417 0 1
417
0.7125887274742126 0.1342998445034027 0
0 418 0 1
418
0.7123117446899414 0.1311390995979309 0
0 419 0 1
419
0.7118141651153564 0.1277930438518524 0
0 420 0 1
420
0.7111122608184814 0.124275416135788 0
0 421 0 1
421
0.7102223634719849 0.1205999329686165 0
0 422 0 1
422
0.7091608643531799 0.1167803332209587 0
0 423 0 1
423
0.7079440355300903 0.112830325961113 0
0 424 0 1
424
0.7065883278846741 0.1087636500597 0
0 425 0 1
425
0.7051100134849548 0.1045940220355988 0
0 426 0 1
426
0.7035254836082458 0.1003351807594299 0
0 427 0 1
427
0.7018510103225708 0.09600084275007248 0
0 428 0 1
428
0.7001029849052429 0.09160473197698593 0
0 429 0 1
429
0.6982977986335754 0.08716057986021042 0
0 430 0 1
430
0.696451723575592 0.08268211781978607 0
0 431 0 1
431
0.6945810914039612 0.07818306237459183 0
0 432 0 1
432
0.6927023530006409 0.07367714494466782 0
0 433 0 1
433
0.69083172082901 0.06917809695005417 0
0 434 0 1
434
0.6889856457710266 0.06469962745904922 0
0 435 0 1
435
0.6871804594993591 0.06025548279285431 0
0 436 0 1
436
0.6854324340820312 0.05585937201976776 0
0 437 0 1
437
0.6837579607963562 0.05152503401041031 0
0 438 0 1
438
0.6821734309196472 0.04726618900895119 0
0 439 0 1
439
0.680695116519928 0.04309656471014023 0
0 440 0 1
440
0.6793394088745117 0.03902988880872726 0
0 441 0 1
441
0.6781225800514221 0.03507988154888153 0
0 442 0 1
442
0.6770610809326172 0.03126027807593346 0
0 443 0 1
443
0.6761711835861206 0.02758479677140713 0
0 444 0 1
444
0.6754692792892456 0.02406716719269753 0
0 445 0 1
445
0.6749716997146606 0.02072111703455448 0
0 446 0 1
446
0.6746947169303894 0.01756037026643753 0
0 447 0 1
447
0.6746547818183899 0.01459865365177393 0
0 448 0 1
448
0.6748682260513306 0.01184969395399094 0
0 449 0 1
449
0.6753513216972351 0.009327216073870659 0
0 450 0 1
450
0.6761204600334167 0.00704494770616293 0
0 451 0 1
451
0.6771919727325439 0.005016614682972431 0
0 452 0 1
452
0.6785822510719299 0.003255942603573203 0
0 453 0 1
453
0.6803076267242432 0.001776658464223146 0
0 454 0 1
454
0.6823843717575073 0.0005924880388192832 0
0 455 0 1
455
0.6848288774490356 -0.0002828422875609249 0
0 456 0 1
456
0.5291593074798584 -0.006074048578739166 0
0 457 0 1
457
0.5326392650604248 -0.005961335729807615 0
0 458 0 1
458
0.5360954999923706 -0.005849101115018129 0
0 459 0 1
459
0.5395289659500122 -0.005737322848290205 0
0 460 0 1
460
0.5429407358169556 -0.005625980440527201 0
0 461 0 1
461
0.5463320016860962 -0.0055150524713099 0
0 462 0 1
462
0.5497036576271057 -0.005404517520219088 0
0 463 0 1
463
0.5530568361282349 -0.005294354632496834 0
0 464 0 1
464
0.5563926100730896 -0.005184542387723923 0
0 465 0 1
465
0.5597119927406311 -0.005075058899819851 0
0 466 0 1
466
0.5630160570144653 -0.004965884145349264 0
0 467 0 1
467
0.5663058757781982 -0.004856996238231659 0
0 468 0 1
468
0.569582462310791 -0.004748373758047819 0
0 469 0 1
469
0.5728469491004944 -0.004639995750039816 0
0 470 0 1
470
0.5761002898216248 -0.004531840328127146 0
0 471 0 1
471
0.5793436169624329 -0.004423887468874454 0
0 472 0 1
472
0.5825780034065247 -0.004316114820539951 0
0 473 0 1
473
0.5858044028282166 -0.004208501894026995 0
0 474 0 1
474
0.5890240073204041 -0.004101026803255081 0
0 475 0 1
475
0.5922377109527588 -0.003993668593466282 0
0 476 0 1
476
0.5954467058181763 -0.003886406309902668 0
0 477 0 1
477
0.5986520051956177 -0.003779218066483736 0
0 478 0 1
478
0.601854681968689 -0.003672083141282201 0
0 479 0 1
479
0.6050557494163513 -0.003564979881048203 0
0 480 0 1
480
0.6082563400268555 -0.003457887331023812 0
0 481 0 1
481
0.6114574074745178 -0.003350784303620458 0
0 482 0 1
482
0.6146600842475891 -0.003243649378418922 0
0 483 0 1
483
0.6178653836250305 -0.00313646113499999 0
0 484 0 1
484
0.621074378490448 -0.003029198618605733 0
0 485 0 1
485
0.6242880821228027 -0.002921840641647577 0
0 486 0 1
486
0.6275076866149902 -0.002814365550875664 0
0 487 0 1
487
0.6307340860366821 -0.002706752391532063 0
0 488 0 1
488
0.6339684724807739 -0.002598979976028204 0
0 489 0 1
489
0.637211799621582 -0.002491026883944869 0
0 490 0 1
490
0.6404651403427124 -0.002382871927693486 0
0 491 0 1
491
0.6437296271324158 -0.002274493686854839 0
0 492 0 1
492
0.6470062136650085 -0.002165871206671 0
0 493 0 1
493
0.6502960324287415 -0.002056983299553394 0
0 494 0 1
494
0.6536000967025757 -0.001947808312252164 0
0 495 0 1
495
0.6569194793701172 -0.001838325173594058 0
0 496 0 1
496
0.6602552533149719 -0.001728512812405825 0
0 497 0 1
497
0.6636084318161011 -0.001618349691852927 0
0 498 0 1
498
0.6669800877571106 -0.001507814857177436 0
0 499 0 1
499
0.6703713536262512 -0.001396886771544814 0
0 500 0 1
500
0.6737831234931946 -0.001285544480197132 0
0 501 0 1
501
0.6772165894508362 -0.001173766446299851 0
0 502 0 1
502
0.680672824382782 -0.001061531598679721 0
0 503 0 1
503
0.6841527819633484 -0.0009488186333328485 0
0 504 0 1
504
0.7003175020217896 0.1561643928289413 0
0 505 0 1
505
0.7004667520523071 0.1593266725540161 0
0 506 0 1
506
0.7000967860221863 0.162195697426796 0
0 507 0 1
507
0.6992306709289551 0.1647845059633255 0
0 508 0 1
508
0.6978914737701416 0.1671061217784882 0
0 509 0 1
509
0.6961022615432739 0.1691735982894897 0
0 510 0 1
510
0.6938861608505249 0.1709999442100525 0
0 511 0 1
511
0.6912661194801331 0.1725982129573822 0
0 512 0 1
512
0.6882653832435608 0.1739814281463623 0
0 513 0 1
513
0.6849068999290466 0.1751626133918762 0
0 514 0 1
514
0.6812138557434082 0.1761548221111298 0
0 515 0 1
515
0.677209198474884 0.1769710779190063 0
0 516 0 1
516
0.6729161143302917 0.1776244193315506 0
0 517 0 1
517
0.6683576703071594 0.1781278699636459 0
0 518 0 1
518
0.6635568737983704 0.178494468331337 0
0 519 0 1
519
0.6585368514060974 0.1787372529506683 0
0 520 0 1
520
0.6533206701278687 0.1788692474365234 0
0 521 0 1
521
0.6479313969612122 0.1789035052061081 0
0 522 0 1
522
0.6423921585083008 0.1788530349731445 0
0 523 0 1
523
0.6367259621620178 0.1787308752536774 0
0 524 0 1
524
0.6309559345245361 0.1785500645637512 0
0 525 0 1
525
0.6251051425933838 0.1783236563205719 0
0 526 0 1
526
0.6191966533660889 0.1780646443367004 0
0 527 0 1
527
0.6132535338401794 0.1777860820293427 0
0 528 0 1
528
0.6072988510131836 0.1775010228157043 0
0 529 0 1
529
0.6013557314872742 0.1772224605083466 0
0 530 0 1
530
0.5954472422599792 0.1769634485244751 0
0 531 0 1
531
0.5895964503288269 0.1767370402812958 0
0 532 0 1
532
0.5838264226913452 0.1765562295913696 0
0 533 0 1
533
0.5781602263450623 0.1764340698719025 0
0 534 0 1
534
0.5726209878921509 0.1763835996389389 0
0 535 0 1
535
0.5672317147254944 0.1764178574085236 0
0 536 0 1
536
0.5620155334472656 0.1765498518943787 0
0 537 0 1
537
0.5569955110549927 0.17679263651371 0
0 538 0 1
538
0.5521947145462036 0.1771592348814011 0
0 539 0 1
539
0.5476362705230713 0.1776626855134964 0
0 540 0 1
540
0.543343186378479 0.1783160269260406 0
0 541 0 1
541
0.5393385291099548 0.1791322827339172 0
0 542 0 1
542
0.5356454849243164 0.1801244914531708 0
0 543 0 1
543
0.5322870016098022 0.1813056766986847 0
0 544 0 1
544
0.52928626537323 0.1826888918876648 0
0 545 0 1
545
0.5266662240028381 0.1842871606349945 0
0 546 0 1
546
0.5244501233100891 0.1861135065555573 0
0 547 0 1
547
0.5226609110832214 0.1881809830665588 0
0 548 0 1
548
0.521321713924408 0.1905025988817215 0
0 549 0 1
549
0.5204555988311768 0.193091407418251 0
0 550 0 1
550
0.5200856328010559 0.1959604322910309 0
0 551 0 1
551
0.5202348828315735 0.1991227120161057 0
0 552 0 1
552
0.7460218667984009 0.2303245067596436 0
0 553 0 1
553
0.7471356391906738 0.2291691303253174 0
0 554 0 1
554
0.7479715347290039 0.2279520481824875 0
0 555 0 1
555
0.7485417723655701 0.2266759872436523 0
0 556 0 1
556
0.7488588094711304 0.225343719124794 0
0 557 0 1
557
0.7489349842071533 0.2239579707384109 0
0 558 0 1
558
0.7487826347351074 0.2225214838981628 0
0 559 0 1
559
0.748414158821106 0.2210370004177094 0
0 560 0 1
560
0.7478417754173279 0.2195072621107101 0
0 561 0 1
561
0.747078001499176 0.2179350256919861 0
0 562 0 1
562
0.7461351156234741 0.2163230180740356 0
0 563 0 1
563
0.7450254559516907 0.2146739810705185 0
0 564 0 1
564
0.7437613606452942 0.2129906713962555 0
0 565 0 1
565
0.7423552274703979 0.2112758159637451 0
0 566 0 1
566
0.7408193945884705 0.2095321714878082 0
0 567 0 1
567
0.739166259765625 0.2077624648809433 0
0 568 0 1
568
0.7374080419540405 0.2059694528579712 0
0 569 0 1
569
0.7355572581291199 0.2041558772325516 0
0 570 0 1
570
0.733626127243042 0.2023244649171829 0
0 571 0 1
571
0.7316271066665649 0.2004779726266861 0
0 572 0 1
572
0.7295724749565125 0.1986191421747208 0
0 573 0 1
573
0.7274746298789978 0.1967507004737854 0
0 574 0 1
574
0.7253458499908447 0.1948754191398621 0
0 575 0 1
575
0.7231985926628113 0.192996010184288 0
0 576 0 1
576
0.7210451364517212 0.1911152452230453 0
0 577 0 1
577
0.7188978791236877 0.1892358362674713 0
0 578 0 1
578
0.7167690992355347 0.187360554933548 0
0 579 0 1
579
0.71467125415802 0.1854921132326126 0
0 580 0 1
580
0.7126166224479675 0.1836332827806473 0
0 581 0 1
581
0.7106176018714905 0.1817867904901505 0
0 582 0 1
582
0.7086864709854126 0.1799553781747818 0
0 583 0 1
583
0.7068356871604919 0.1781418025493622 0
0 584 0 1
584
0.7050774693489075 0.1763487905263901 0
0 585 0 1
585
0.703424334526062 0.1745790839195251 0
0 586 0 1
586
0.7018885016441345 0.1728354394435883 0
0 587 0 1
587
0.7004823684692383 0.1711205840110779 0
0 588 0 1
588
0.6992182731628418 0.1694372743368149 0
0 589 0 1
589
0.6981086134910583 0.1677882373332977 0
0 590 0 1
590
0.6971657276153564 0.1661762297153473 0
0 591 0 1
591
0.6964019536972046 0.1646039932966232 0
0 592 0 1
592
0.6958295702934265 0.163074254989624 0
0 593 0 1
593
0.695461094379425 0.1615897715091705 0
0 594 0 1
594
0.6953087449073792 0.1601532846689224 0
0 595 0 1
595
0.6953849196434021 0.1587675362825394 0
0 596 0 1
596
0.6957019567489624 0.157435268163681 0
0 597 0 1
597
0.6962721943855286 0.1561592072248459 0
0 598 0 1
598
0.6971080899238586 0.154942125082016 0
0 599 0 1
599
0.6982218623161316 0.1537867486476898 0
0 600 0 1
600
0.5246774554252625 0.2022131532430649 0
0 601 0 1
601
0.5279716849327087 0.2013496905565262 0
0 602 0 1
602
0.5308284759521484 0.2000215649604797 0
0 603 0 1
603
0.5332673788070679 0.1982493847608566 0
0 604 0 1
604
0.535307765007019 0.1960538476705551 0
0 605 0 1
605
0.5369690656661987 0.1934555768966675 0
0 606 0 1
606
0.5382707715034485 0.1904752403497696 0
0 607 0 1
607
0.5392323136329651 0.1871334910392761 0
0 608 0 1
608
0.5398730635643005 0.1834509819746017 0
0 609 0 1
609
0.5402125716209412 0.1794483512639999 0
0 610 0 1
610
0.5402701497077942 0.1751462519168854 0
0 611 0 1
611
0.5400653481483459 0.1705653518438339 0
0 612 0 1
612
0.5396175384521484 0.1657263040542603 0
0 613 0 1
613
0.5389462113380432 0.1606497466564178 0
0 614 0 1
614
0.5380707383155823 0.1553563326597214 0
0 615 0 1
615
0.537010669708252 0.1498667299747467 0
0 616 0 1
616
0.5357852578163147 0.1442015767097473 0
0 617 0 1
617
0.5344141125679016 0.1383815258741379 0
0 618 0 1
618
0.5329166650772095 0.1324272453784943 0
0 619 0 1
619
0.5313122272491455 0.1263593584299088 0
0 620 0 1
620
0.529620349407196 0.120198555290699 0
0 621 0 1
621
0.5278604030609131 0.1139654591679573 0
0 622 0 1
622
0.5260518789291382 0.1076807305216789 0
0 623 0 1
623
0.5242142081260681 0.1013650298118591 0
0 624 0 1
624
0.5223668217658997 0.0950389951467514 0
0 625 0 1
625
0.5205291509628296 0.08872329443693161 0
0 626 0 1
626
0.5187206268310547 0.08243856579065323 0
0 627 0 1
627
0.5169606804847717 0.07620546966791153 0
0 628 0 1
628
0.5152688026428223 0.07004465907812119 0
0 629 0 1
629
0.5136643648147583 0.06397678703069687 0
0 630 0 1
630
0.5121669173240662 0.05802249908447266 0
0 631 0 1
631
0.5107957720756531 0.05220245197415352 0
0 632 0 1
632
0.5095703601837158 0.04653729870915413 0
0 633 0 1
633
0.5085102915763855 0.04104769229888916 0
0 634 0 1
634
0.5076348185539246 0.03575428202748299 0
0 635 0 1
635
0.5069634914398193 0.03067772462964058 0
0 636 0 1
636
0.5065156817436218 0.02583866938948631 0
0 637 0 1
637
0.5063108801841736 0.02125777117908001 0
0 638 0 1
638
0.5063684582710266 0.01695567928254604 0
0 639 0 1
639
0.5067079663276672 0.01295304764062166 0
0 640 0 1
640
0.5073487162590027 0.009270529262721539 0
0 641 0 1
641
0.5083102583885193 0.005928776226937771 0
0 642 0 1
642
0.509611964225769 0.002948441077023745 0
0 643 0 1
643
0.5112732648849487 0.0003501760365907103 0
0 644 0 1
644
0.5133136510848999 -0.001845366437919438 0
0 645 0 1
645
0.5157525539398193 -0.003617533715441823 0
0 646 0 1
646
0.518609344959259 -0.004945673514157534 0
0 647 0 1
647
0.5219035744667053 -0.005809133406728506 0
0 648 0 1
648
0.004784181714057922 0.008291850797832012 0
0 649 0 1
649
0.01538082584738731 0.008520004339516163 0
0 650 0 1
650
0.0260115135461092 0.008677377365529537 0
0 651 0 1
651
0.03667473420500755 0.008767115883529186 0
0 652 0 1
652
0.04736896976828575 0.008792366832494736 0
0 653 0 1
653
0.05809270963072777 0.008756274357438087 0
0 654 0 1
654
0.06884443759918213 0.008661985397338867 0
0 655 0 1
655
0.07962264865636826 0.008512645959854126 0
0 656 0 1
656
0.09042582660913467 0.008311400189995766 0
0 657 0 1
657
0.1012524515390396 0.008061395026743412 0
0 658 0 1
658
0.1121010184288025 0.007765776477754116 0
0 659 0 1
659
0.1229700073599815 0.007427689619362354 0
0 660 0 1
660
0.1338579207658768 0.007050280924886465 0
0 661 0 1
661
0.1447632163763046 0.006636695470660925 0
0 662 0 1
662
0.1556844115257263 0.006190079264342785 0
0 663 0 1
663
0.1666199713945389 0.005713578313589096 0
0 664 0 1
664
0.1775684058666229 0.005210338160395622 0
0 665 0 1
665
0.1885281801223755 0.004683504812419415 0
0 666 0 1
666
0.199497789144516 0.004136223811656237 0
0 667 0 1
667
0.2104757130146027 0.003571640932932496 0
0 668 0 1
668
0.2214604616165161 0.002992902183905244 0
0 669 0 1
669
0.2324505001306534 0.002403153339400887 0
0 670 0 1
670
0.2434443086385727 0.001805539824999869 0
0 671 0 1
671
0.2544403970241547 0.001203207764774561 0
0 672 0 1
672
0.2654372453689575 0.0005993028171360493 0
0 673 0 1
673
0.2764333486557007 -3.029278786925715e-06 0
0 674 0 1
674
0.28742715716362 -0.0006006426992826164 0
0 675 0 1
675
0.2984171807765961 -0.001190391718409956 0
0 676 0 1
676
0.3094019293785095 -0.001769130467437208 0
0 677 0 1
677
0.3203798532485962 -0.002333713229745626 0
0 678 0 1
678
0.3313494622707367 -0.002880994230508804 0
0 679 0 1
679
0.3423092365264893 -0.003407827578485012 0
0 680 0 1
680
0.3532576560974121 -0.003911067731678486 0
0 681 0 1
681
0.3641932308673859 -0.004387568682432175 0
0 682 0 1
682
0.3751144409179688 -0.004834184888750315 0
0 683 0 1
683
0.3860197365283966 -0.005247770342975855 0
0 684 0 1
684
0.39690762758255 -0.005625179037451744 0
0 685 0 1
685
0.4077766239643097 -0.005963265895843506 0
0 686 0 1
686
0.4186252057552338 -0.006258884444832802 0
0 687 0 1
687
0.4294518232345581 -0.006508889608085155 0
0 688 0 1
688
0.4402549862861633 -0.006710134912282228 0
0 689 0 1
689
0.4510332047939301 -0.006859475281089544 0
0 690 0 1
690
0.4617849290370941 -0.006953764241188765 0
0 691 0 1
691
0.4725086688995361 -0.006989856250584126 0
0 692 0 1
692
0.4832029044628143 -0.006964605767279863 0
0 693 0 1
693
0.4938661456108093 -0.006874866783618927 0
0 694 0 1
694
0.5044968128204346 -0.006717493291944265 0
0 695 0 1
695
0.5150934457778931 -0.006489340215921402 0
0 696 0 1
696
0.5237816572189331 0.1932917386293411 0
0 697 0 1
697
0.5249370336532593 0.185095950961113 0
0 698 0 1
698
0.5244649648666382 0.1779569983482361 0
0 699 0 1
699
0.5224378108978271 0.1718278676271439 0
0 700 0 1
700
0.5189278125762939 0.1666616052389145 0
0 701 0 1
701
0.5140073895454407 0.162411242723465 0
0 702 0 1
702
0.5077487826347351 0.1590298265218735 0
0 703 0 1
703
0.5002244114875793 0.1564703583717346 0
0 704 0 1
704
0.4915066063404083 0.1546858847141266 0
0 705 0 1
705
0.4816676378250122 0.1536294370889664 0
0 706 0 1
706
0.4707798659801483 0.153254047036171 0
0 707 0 1
707
0.4589155912399292 0.1535127311944962 0
0 708 0 1
708
0.4461472034454346 0.1543585360050201 0
0 709 0 1
709
0.432547003030777 0.1557444930076599 0
0 710 0 1
710
0.4181873202323914 0.1576236188411713 0
0 711 0 1
711
0.403140515089035 0.1599489599466324 0
0 712 0 1
712
0.3874788582324982 0.1626735329627991 0
0 713 0 1
713
0.3712747395038605 0.1657503843307495 0
0 714 0 1
714
0.3546004593372345 0.1691325306892395 0
0 715 0 1
715
0.3375283479690552 0.172773003578186 0
0 716 0 1
716
0.3201307356357574 0.1766248345375061 0
0 717 0 1
717
0.3024799823760986 0.1806410700082779 0
0 718 0 1
718
0.2846484184265137 0.1847747266292572 0
0 719 0 1
719
0.2667083442211151 0.188978835940361 0
0 720 0 1
720
0.2487320899963379 0.1932064145803452 0
0 721 0 1
721
0.2307920008897781 0.197410523891449 0
0 722 0 1
722
0.212960422039032 0.2015441805124283 0
0 723 0 1
723
0.1953096687793732 0.2055604159832001 0
0 724 0 1
724
0.1779120713472366 0.2094122469425201 0
0 725 0 1
725
0.1608399599790573 0.2130527198314667 0
0 726 0 1
726
0.1441656798124313 0.2164348661899567 0
0 727 0 1
727
0.1279615461826324 0.2195117175579071 0
0 728 0 1
728
0.1122999042272568 0.2222362905740738 0
0 729 0 1
729
0.09725307673215866 0.2245616316795349 0
0 730 0 1
730
0.08289340138435364 0.2264407575130463 0
0 731 0 1
731
0.06929320096969604 0.227826714515686 0
0 732 0 1
732
0.05652480944991112 0.22867251932621 0
0 733 0 1
733
0.04466056078672409 0.2289312034845352 0
0 734 0 1
734
0.0337727852165699 0.2285558134317398 0
0 735 0 1
735
0.02393381297588348 0.2274993658065796 0
0 736 0 1
736
0.0152159770950675 0.2257148921489716 0
0 737 0 1
737
0.007691608741879463 0.2231554239988327 0
0 738 0 1
738
0.001433038269169629 0.2197740077972412 0
0 739 0 1
739
-0.003487402340397239 0.2155236452817917 0
0 740 0 1
740
-0.006997381802648306 0.2103573828935623 0
0 741 0 1
741
-0.00902456883341074 0.2042282521724701 0
0 742 0 1
742
-0.009496632032096386 0.1970892995595932 0
0 743 0 1
743
-0.00834124069660902 0.1888935118913651 0
0 744 0 1
744
0.6126587986946106 0.2978412210941315 0
0 745 0 1
745
0.6140425801277161 0.2959272861480713 0
0 746 0 1
746
0.6149861812591553 0.2940039336681366 0
0 747 0 1
747
0.6155091524124146 0.2920715808868408 0
0 748 0 1
748
0.615631103515625 0.2901306748390198 0
0 749 0 1
749
0.6153715252876282 0.2881816029548645 0
0 750 0 1
750
0.6147500276565552 0.2862247824668884 0
0 751 0 1
751
0.6137861013412476 0.2842606604099274 0
0 752 0 1
752
0.612499475479126 0.2822896242141724 0
0 753 0 1
753
0.6109095215797424 0.2803121209144592 0
0 754 0 1
754
0.6090359687805176 0.278328537940979 0
0 755 0 1
755
0.6068982481956482 0.2763393223285675 0
0 756 0 1
756
0.6045159697532654 0.2743448913097382 0
0 757 0 1
757
0.6019087433815002 0.272345632314682 0
0 758 0 1
758
0.5990961194038391 0.2703419923782349 0
0 759 0 1
759
0.5960975885391235 0.2683343589305878 0
0 760 0 1
760
0.5929327607154846 0.2663232088088989 0
0 761 0 1
761
0.5896212458610535 0.264308899641037 0
0 762 0 1
762
0.5861825346946716 0.2622918486595154 0
0 763 0 1
763
0.5826362371444702 0.2602725327014923 0
0 764 0 1
764
0.5790019035339355 0.2582513391971588 0
0 765 0 1
765
0.575299084186554 0.2562286555767059 0
0 766 0 1
766
0.5715473890304565 0.2542049288749695 0
0 767 0 1
767
0.5677663087844849 0.2521806061267853 0
0 768 0 1
768
0.56397545337677 0.250156044960022 0
0 769 0 1
769
0.5601943731307983 0.2481316924095154 0
0 770 0 1
770
0.5564426779747009 0.2461079806089401 0
0 771 0 1
771
0.5527398586273193 0.2440853118896484 0
0 772 0 1
772
0.5491055250167847 0.2420641034841537 0
0 773 0 1
773
0.5455592274665833 0.2400447726249695 0
0 774 0 1
774
0.5421205163002014 0.2380277514457703 0
0 775 0 1
775
0.5388090014457703 0.2360134422779083 0
0 776 0 1
776
0.5356441736221313 0.2340022623538971 0
0 777 0 1
777
0.5326456427574158 0.2319946438074112 0
0 778 0 1
778
0.5298330187797546 0.2299910038709641 0
0 779 0 1
779
0.5272257924079895 0.2279917448759079 0
0 780 0 1
780
0.5248435139656067 0.2259972989559174 0
0 781 0 1
781
0.5227057933807373 0.2240080833435059 0
0 782 0 1
782
0.5208322405815125 0.2220245152711868 0
0 783 0 1
783
0.5192422866821289 0.2200470119714737 0
0 784 0 1
784
0.5179556608200073 0.2180759757757187 0
0 785 0 1
785
0.5169917345046997 0.2161118537187576 0
0 786 0 1
786
0.5163702368736267 0.2141550481319427 0
0 787 0 1
787
0.5161106586456299 0.2122059762477875 0
0 788 0 1
788
0.5162326097488403 0.2102650552988052 0
0 789 0 1
789
0.5167555809020996 0.2083327025175095 0
0 790 0 1
790
0.5176991820335388 0.2064093500375748 0
0 791 0 1
791
0.5190829634666443 0.2044954001903534 0
0 792 0 1
792
0.5309913754463196 0.2093373090028763 0
0 793 0 1
793
0.5389546751976013 0.2166046947240829 0
0 794 0 1
794
0.544905960559845 0.2243712693452835 0
0 795 0 1
795
0.5489345788955688 0.2326148450374603 0
0 796 0 1
796
0.551129937171936 0.2413132190704346 0
0 797 0 1
797
0.5515814423561096 0.250444233417511 0
0 798 0 1
798
0.5503786206245422 0.2599856853485107 0
0 799 0 1
799
0.5476107597351074 0.269915372133255 0
0 800 0 1
800
0.5433674454689026 0.2802111506462097 0
0 801 0 1
801
0.5377379655838013 0.290850818157196 0
0 802 0 1
802
0.5308118462562561 0.3018121421337128 0
0 803 0 1
803
0.5226784348487854 0.3130730092525482 0
0 804 0 1
804
0.513427197933197 0.3246111869812012 0
0 805 0 1
805
0.5031476020812988 0.3364045023918152 0
0 806 0 1
806
0.4919289946556091 0.3484307825565338 0
0 807 0 1
807
0.4798608124256134 0.3606678247451782 0
0 808 0 1
808
0.4670325517654419 0.3730934262275696 0
0 809 0 1
809
0.4535335600376129 0.3856854438781738 0
0 810 0 1
810
0.4394533038139343 0.3984216749668121 0
0 811 0 1
811
0.4248812198638916 0.4112799167633057 0
0 812 0 1
812
0.4099067151546478 0.424237996339798 0
0 813 0 1
813
0.3946191966533661 0.4372737407684326 0
0 814 0 1
814
0.3791081309318542 0.4503649175167084 0
0 815 0 1
815
0.3634629249572754 0.4634893834590912 0
0 816 0 1
816
0.3477729856967926 0.4766249656677246 0
0 817 0 1
817
0.3321277797222137 0.4897494316101074 0
0 818 0 1
818
0.3166167140007019 0.5028406381607056 0
0 819 0 1
819
0.3013291954994202 0.5158763527870178 0
0 820 0 1
820
0.2863546907901764 0.5288344621658325 0
0 821 0 1
821
0.2717825770378113 0.5416926741600037 0
0 822 0 1
822
0.2577023208141327 0.5544289350509644 0
0 823 0 1
823
0.2442033588886261 0.5670209527015686 0
0 824 0 1
824
0.2313750684261322 0.57944655418396 0
0 825 0 1
825
0.2193069159984589 0.591683566570282 0
0 826 0 1
826
0.2080883085727692 0.603709876537323 0
0 827 0 1
827
0.1978086829185486 0.615503191947937 0
0 828 0 1
828
0.1885574460029602 0.6270413398742676 0
0 829 0 1
829
0.1804240494966507 0.638302206993103 0
0 830 0 1
830
0.1734979152679443 0.6492635607719421 0
0 831 0 1
831
0.1678684651851654 0.6599032282829285 0
0 832 0 1
832
0.163625106215477 0.6701989769935608 0
0 833 0 1
833
0.160857304930687 0.6801286935806274 0
0 834 0 1
834
0.1596544533967972 0.6896701455116272 0
0 835 0 1
835
0.1601059883832932 0.6988011598587036 0
0 836 0 1
836
0.1623013317584991 0.7074995040893555 0
0 837 0 1
837
0.1663299351930618 0.7157430648803711 0
0 838 0 1
838
0.1722811907529831 0.723509669303894 0
0 839 0 1
839
0.1802445501089096 0.7307770848274231 0
0 840 0 1
840
-0.005379804875701666 0.1760773509740829 0
0 841 0 1
841
-0.005287570878863335 0.1725625544786453 0
0 842 0 1
842
-0.005208764225244522 0.1690494865179062 0
0 843 0 1
843
-0.005142788402736187 0.1655380725860596 0
0 844 0 1
844
-0.005089046899229288 0.1620282530784607 0
0 845 0 1
845
-0.005046941805630922 0.1585199236869812 0
0 846 0 1
846
-0.005015877541154623 0.1550130099058151 0
0 847 0 1
847
-0.004995256662368774 0.1515074670314789 0
0 848 0 1
848
-0.004984482657164335 0.1480031758546829 0
0 849 0 1
849
-0.004982958547770977 0.1445000916719437 0
0 850 0 1
850
-0.004990087356418371 0.1409981101751328 0
0 851 0 1
851
-0.005005273036658764 0.1374971866607666 0
0 852 0 1
852
-0.005027918610721827 0.1339972168207169 0
0 853 0 1
853
-0.005057426635175943 0.1304981261491776 0
0 854 0 1
854
-0.00509320106357336 0.1269998550415039 0
0 855 0 1
855
-0.005134644452482462 0.1235023140907288 0
0 856 0 1
856
-0.005181160755455494 0.1200054287910461 0
0 857 0 1
857
-0.005232152994722128 0.1165091171860695 0
0 858 0 1
858
-0.005287024192512035 0.1130133047699928 0
0 859 0 1
859
-0.005345177371054888 0.1095179244875908 0
0 860 0 1
860
-0.005406016483902931 0.1060228869318962 0
0 861 0 1
861
-0.005468943621963263 0.1025281175971031 0
0 862 0 1
862
-0.005533363204449415 0.09903354197740555 0
0 863 0 1
863
-0.005598678253591061 0.09553907811641693 0
0 864 0 1
864
-0.005664290860295296 0.0920446589589119 0
0 865 0 1
865
-0.005729605909436941 0.08855019509792328 0
0 866 0 1
866
-0.005794025491923094 0.08505561947822571 0
0 867 0 1
867
-0.005856952629983425 0.08156085014343262 0
0 868 0 1
868
-0.005917791742831469 0.07806581258773804 0
0 869 0 1
869
-0.005975944921374321 0.074570432305336 0
0 870 0 1
870
-0.006030816119164228 0.07107461988925934 0
0 871 0 1
871
-0.006081808358430862 0.06757830828428268 0
0 872 0 1
872
-0.006128324661403894 0.06408142298460007 0
0 873 0 1
873
-0.006169768050312996 0.06058388203382492 0
0 874 0 1
874
-0.006205542478710413 0.05708560720086098 0
0 875 0 1
875
-0.00623505050316453 0.05358652397990227 0
0 876 0 1
876
-0.006257696077227592 0.05008655413985252 0
0 877 0 1
877
-0.006272881757467985 0.04658562317490578 0
0 878 0 1
878
-0.006280010566115379 0.04308364912867546 0
0 879 0 1
879
-0.006278486456722021 0.0395805612206459 0
0 880 0 1
880
-0.006267712451517582 0.03607627749443054 0
0 881 0 1
881
-0.006247091572731733 0.0325707234442234 0
0 882 0 1
882
-0.006216027308255434 0.02906381897628307 0
0 883 0 1
883
-0.006173922214657068 0.02555549144744873 0
0 884 0 1
884
-0.006120180711150169 0.02204565890133381 0
0 885 0 1
885
-0.006054204888641834 0.01853424869477749 0
0 886 0 1
886
-0.005975398235023022 0.0150211825966835 0
0 887 0 1
887
-0.00588316423818469 0.01150638237595558 0
0 888 0 1
888
-0.008025414310395718 0.7028860449790955 0
0 889 0 1
889
-0.00771670788526535 0.6917006373405457 0
0 890 0 1
890
-0.007442176342010498 0.6805530786514282 0
0 891 0 1
891
-0.007200300227850676 0.6694416999816895 0
0 892 0 1
892
-0.00698956148698926 0.6583648324012756 0
0 893 0 1
893
-0.006808440200984478 0.6473208069801331 0
0 894 0 1
894
-0.006655418314039707 0.636307954788208 0
0 895 0 1
895
-0.006528976373374462 0.6253244876861572 0
0 896 0 1
896
-0.006427595857530832 0.6143688559532166 0
0 897 0 1
897
-0.006349758245050907 0.6034393310546875 0
0 898 0 1
898
-0.006293943617492914 0.5925341844558716 0
0 899 0 1
899
-0.006258634384721518 0.5816517472267151 0
0 900 0 1
900
-0.006242310628294945 0.5707903504371643 0
0 901 0 1
901
-0.006243453826755285 0.5599483251571655 0
0 902 0 1
902
-0.006260545458644629 0.549124002456665 0
0 903 0 1
903
-0.006292066071182489 0.5383156538009644 0
0 904 0 1
904
-0.006336497142910957 0.5275216102600098 0
0 905 0 1
905
-0.006392319686710835 0.5167402029037476 0
0 906 0 1
906
-0.006458014715462923 0.505969762802124 0
0 907 0 1
907
-0.0065320641733706 0.4952085316181183 0
0 908 0 1
908
-0.006612948141992092 0.484454870223999 0
0 909 0 1
909
-0.00669914809986949 0.4737071394920349 0
0 910 0 1
910
-0.006789145059883595 0.4629636108875275 0
0 911 0 1
911
-0.006881420500576496 0.4522225856781006 0
0 912 0 1
912
-0.006974455900490284 0.4414824247360229 0
0 913 0 1
913
-0.007066731341183186 0.4307413995265961 0
0 914 0 1
914
-0.00715672830119729 0.4199978709220886 0
0 915 0 1
915
-0.007242928259074688 0.4092501103878021 0
0 916 0 1
916
-0.00732381222769618 0.3984964787960052 0
0 917 0 1
917
-0.007397861685603857 0.3877352476119995 0
0 918 0 1
918
-0.007463556714355946 0.3769647777080536 0
0 919 0 1
919
-0.007519379258155823 0.3661833703517914 0
0 920 0 1
920
-0.007563810329884291 0.3553893268108368 0
0 921 0 1
921
-0.007595330942422152 0.3445809781551361 0
0 922 0 1
922
-0.007612422574311495 0.3337566554546356 0
0 923 0 1
923
-0.007613565772771835 0.3229146301746368 0
0 924 0 1
924
-0.007597242016345263 0.3120532631874084 0
0 925 0 1
925
-0.007561932783573866 0.301170825958252 0
0 926 0 1
926
-0.007506118156015873 0.290265679359436 0
0 927 0 1
927
-0.007428280543535948 0.2793361246585846 0
0 928 0 1
928
-0.007326900027692318 0.2683804929256439 0
0 929 0 1
929
-0.007200458087027073 0.2573970556259155 0
0 930 0 1
930
-0.007047436200082302 0.2463841736316681 0
0 931 0 1
931
-0.00686631491407752 0.2353401482105255 0
0 932 0 1
932
-0.006655576173216105 0.2242632955312729 0
0 933 0 1
933
-0.006413700059056282 0.2131519466638565 0
0 934 0 1
934
-0.00613916851580143 0.2020043879747391 0
0 935 0 1
935
-0.00583046255633235 0.1908189505338669 0
0 936 0 1
936
1.006557464599609 0.1937345415353775 0
0 937 0 1
937
1.006369113922119 0.1901031285524368 0
0 938 0 1
938
1.005594253540039 0.186954453587532 0
0 939 0 1
939
1.00425922870636 0.1842670738697052 0
0 940 0 1
940
1.002389788627625 0.1820195317268372 0
0 941 0 1
941
1.000012278556824 0.1801903545856476 0
0 942 0 1
942
0.99715256690979 0.1787581145763397 0
0 943 0 1
943
0.9938367605209351 0.177701324224472 0
0 944 0 1
944
0.9900909662246704 0.1769985556602478 0
0 945 0 1
945
0.9859412312507629 0.1766283512115479 0
0 946 0 1
946
0.9814136028289795 0.1765692383050919 0
0 947 0 1
947
0.9765341281890869 0.1767997741699219 0
0 948 0 1
948
0.9713288545608521 0.17729851603508 0
0 949 0 1
949
0.9658238887786865 0.1780439764261246 0
0 950 0 1
950
0.960045337677002 0.179014727473259 0
0 951 0 1
951
0.9540191292762756 0.1801892966032028 0
0 952 0 1
952
0.947771430015564 0.1815462410449982 0
0 953 0 1
953
0.941328227519989 0.1830641031265259 0
0 954 0 1
954
0.9347156882286072 0.1847214102745056 0
0 955 0 1
955
0.9279597997665405 0.1864967346191406 0
0 956 0 1
956
0.9210866093635559 0.1883686035871506 0
0 957 0 1
957
0.9141221642494202 0.1903155744075775 0
0 958 0 1
958
0.9070926308631897 0.1923161745071411 0
0 959 0 1
959
0.9000239968299866 0.1943489611148834 0
0 960 0 1
960
0.8929423093795776 0.1963924616575241 0
0 961 0 1
961
0.8858736753463745 0.1984252482652664 0
0 962 0 1
962
0.878844141960144 0.20042584836483 0
0 963 0 1
963
0.8718796968460083 0.202372819185257 0
0 964 0 1
964
0.8650065064430237 0.2042446881532669 0
0 965 0 1
965
0.858250617980957 0.2060200124979019 0
0 966 0 1
966
0.8516380786895752 0.2076773196458817 0
0 967 0 1
967
0.8451948761940002 0.2091951817274094 0
0 968 0 1
968
0.8389471769332886 0.2105521261692047 0
0 969 0 1
969
0.8329209685325623 0.2117266952991486 0
0 970 0 1
970
0.8271424174308777 0.212697446346283 0
0 971 0 1
971
0.8216374516487122 0.2134429067373276 0
0 972 0 1
972
0.8164321780204773 0.2139416486024857 0
0 973 0 1
973
0.8115527033805847 0.2141721844673157 0
0 974 0 1
974
0.8070250749588013 0.2141130715608597 0
0 975 0 1
975
0.8028753399848938 0.2137428671121597 0
0 976 0 1
976
0.7991295456886292 0.2130400985479355 0
0 977 0 1
977
0.7958137392997742 0.2119833081960678 0
0 978 0 1
978
0.7929540276527405 0.2105510681867599 0
0 979 0 1
979
0.7905764579772949 0.2087218910455704 0
0 980 0 1
980
0.7887070775032043 0.2064743489027023 0
0 981 0 1
981
0.7873719930648804 0.2037869691848755 0
0 982 0 1
982
0.7865971922874451 0.2006382942199707 0
0 983 0 1
983
0.7864088416099548 0.19700688123703 0
0 984 0 1
984
1.006072759628296 0.1997569501399994 0
0 985 0 1
985
1.006012082099915 0.201660230755806 0
0 986 0 1
986
1.005951285362244 0.2035792917013168 0
0 987 0 1
987
1.005890488624573 0.2055134326219559 0
0 988 0 1
988
1.005829453468323 0.207461953163147 0
0 989 0 1
989
1.005768537521362 0.209424152970314 0
0 990 0 1
990
1.005707383155823 0.2113993316888809 0
0 991 0 1
991
1.005646347999573 0.2133867889642715 0
0 992 0 1
992
1.005585074424744 0.2153858244419098 0
0 993 0 1
993
1.005523920059204 0.2173957377672195 0
0 994 0 1
994
1.005462527275085 0.2194158136844635 0
0 995 0 1
995
1.005401253700256 0.2214453518390656 0
0 996 0 1
996
1.005339860916138 0.223483681678772 0
0 997 0 1
997
1.005278468132019 0.2255300581455231 0
0 998 0 1
998
1.005216956138611 0.2275838106870651 0
0 999 0 1
999
1.005155444145203 0.2296442240476608 0
0 1000 0 1
1000
1.005093932151794 0.2317105978727341 0
0 1001 0 1
1001
1.005032420158386 0.2337822318077087 0
0 1002 0 1
1002
1.004970908164978 0.2358584403991699 0
0 1003 0 1
1003
1.00490927696228 0.2379384934902191 0
0 1004 0 1
1004
1.004847645759583 0.2400217056274414 0
0 1005 0 1
1005
1.004786014556885 0.2421073764562607 0
0 1006 0 1
1006
1.004724383354187 0.2441947907209396 0
0 1007 0 1
1007
1.004662752151489 0.2462832778692245 0
0 1008 0 1
1008
1.004601240158081 0.2483720928430557 0
0 1009 0 1
1009
1.004539608955383 0.2504605650901794 0
0 1010 0 1
1010
1.004477977752686 0.2525480091571808 0
0 1011 0 1
1011
1.004416346549988 0.2546336650848389 0
0 1012 0 1
1012
1.00435471534729 0.2567168772220612 0
0 1013 0 1
1013
1.004293084144592 0.2587969303131104 0
0 1014 0 1
1014
1.004231572151184 0.2608731389045715 0
0 1015 0 1
1015
1.004170060157776 0.262944757938385 0
0 1016 0 1
1016
1.004108548164368 0.2650111615657806 0
0 1017 0 1
1017
1.004047036170959 0.2670715749263763 0
0 1018 0 1
1018
1.003985524177551 0.2691253125667572 0
0 1019 0 1
1019
1.003924131393433 0.2711716890335083 0
0 1020 0 1
1020
1.003862738609314 0.2732100188732147 0
0 1021 0 1
1021
1.003801465034485 0.2752395570278168 0
0 1022 0 1
1022
1.003740072250366 0.2772596478462219 0
0 1023 0 1
1023
1.003678917884827 0.2792695462703705 0
0 1024 0 1
1024
1.003617644309998 0.2812685668468475 0
0 1025 0 1
1025
1.003556609153748 0.2832560241222382 0
0 1026 0 1
1026
1.003495454788208 0.2852312028408051 0
0 1027 0 1
1027
1.003434538841248 0.2871934175491333 0
0 1028 0 1
1028
1.003373503684998 0.2891419231891632 0
0 1029 0 1
1029
1.003312706947327 0.2910760939121246 0
0 1030 0 1
1030
1.003251910209656 0.2929951250553131 0
0 1031 0 1
1031
1.003191232681274 0.2948984205722809 0
0 1032 0 1
1032
0.7875185012817383 0.1937516927719116 0
0 1033 0 1
1033
0.7879951000213623 0.1946543604135513 0
0 1034 0 1
1034
0.788271963596344 0.1955775916576385 0
0 1035 0 1
1035
0.788358211517334 0.196519747376442 0
0 1036 0 1
1036
0.7882631421089172 0.1974791139364243 0
0 1037 0 1
1037
0.7879959940910339 0.1984540522098541 0
0 1038 0 1
1038
0.7875659465789795 0.1994428932666779 0
0 1039 0 1
1039
0.7869822382926941 0.2004439532756805 0
0 1040 0 1
1040
0.7862541079521179 0.2014555782079697 0
0 1041 0 1
1041
0.7853907942771912 0.2024760693311691 0
0 1042 0 1
1042
0.7844014763832092 0.2035038024187088 0
0 1043 0 1
1043
0.7832953929901123 0.2045370787382126 0
0 1044 0 1
1044
0.7820818424224854 0.2055742293596268 0
0 1045 0 1
1045
0.780769944190979 0.2066135853528976 0
0 1046 0 1
1046
0.779369056224823 0.2076534926891327 0
0 1047 0 1
1047
0.7778882384300232 0.208692267537117 0
0 1048 0 1
1048
0.7763368487358093 0.2097282558679581 0
0 1049 0 1
1049
0.7747240662574768 0.210759773850441 0
0 1050 0 1
1050
0.7730591297149658 0.211785152554512 0
0 1051 0 1
1051
0.7713512182235718 0.2128027379512787 0
0 1052 0 1
1052
0.7696096301078796 0.2138108462095261 0
0 1053 0 1
1053
0.7678435444831848 0.2148078083992004 0
0 1054 0 1
1054
0.7660622000694275 0.2157919555902481 0
0 1055 0 1
1055
0.7642748355865479 0.2167616337537766 0
0 1056 0 1
1056
0.7624906897544861 0.2177151590585709 0
0 1057 0 1
1057
0.7607189416885376 0.2186508625745773 0
0 1058 0 1
1058
0.7589688301086426 0.2195670902729034 0
0 1059 0 1
1059
0.7572495937347412 0.2204621583223343 0
0 1060 0 1
1060
0.7555704712867737 0.2213343977928162 0
0 1061 0 1
1061
0.7539406418800354 0.2221821397542953 0
0 1062 0 1
1062
0.7523694038391113 0.2230037152767181 0
0 1063 0 1
1063
0.7508659362792969 0.223797470331192 0
0 1064 0 1
1064
0.7494394779205322 0.2245617061853409 0
0 1065 0 1
1065
0.7480992674827576 0.2252947837114334 0
0 1066 0 1
1066
0.7468544840812683 0.2259950190782547 0
0 1067 0 1
1067
0.7457144260406494 0.226660743355751 0
0 1068 0 1
1068
0.7446882724761963 0.2272903025150299 0
0 1069 0 1
1069
0.7437852025032043 0.2278819978237152 0
0 1070 0 1
1070
0.7430145740509033 0.2284341901540756 0
0 1071 0 1
1071
0.7423855066299438 0.228945180773735 0
0 1072 0 1
1072
0.7419072389602661 0.2294133305549622 0
0 1073 0 1
1073
0.7415890097618103 0.2298369556665421 0
0 1074 0 1
1074
0.7414401173591614 0.2302143722772598 0
0 1075 0 1
1075
0.7414696216583252 0.2305439412593842 0
0 1076 0 1
1076
0.7416869401931763 0.2308239787817001 0
0 1077 0 1
1077
0.7421011328697205 0.2310528159141541 0
0 1078 0 1
1078
0.7427215576171875 0.2312287837266922 0
0 1079 0 1
1079
0.7435573935508728 0.2313502132892609 0
0 1080 0 1
1080
0.7420206069946289 0.2298987060785294 0
0 1081 0 1
1081
0.7393932342529297 0.228595569729805 0
0 1082 0 1
1082
0.7367373704910278 0.2275001257658005 0
0 1083 0 1
1083
0.7340545654296875 0.2266065031290054 0
0 1084 0 1
1084
0.7313463687896729 0.2259088009595871 0
0 1085 0 1
1085
0.7286142706871033 0.2254011332988739 0
0 1086 0 1
1086
0.7258599996566772 0.2250776141881943 0
0 1087 0 1
1087
0.7230849862098694 0.2249323278665543 0
0 1088 0 1
1088
0.7202908396720886 0.2249594032764435 0
0 1089 0 1
1089
0.7174791097640991 0.2251529395580292 0
0 1090 0 1
1090
0.7146514058113098 0.2255070507526398 0
0 1091 0 1
1091
0.7118092179298401 0.2260158509016037 0
0 1092 0 1
1092
0.7089542150497437 0.2266734540462494 0
0 1093 0 1
1093
0.7060878872871399 0.2274739444255829 0
0 1094 0 1
1094
0.7032118439674377 0.2284114509820938 0
0 1095 0 1
1095
0.7003276348114014 0.2294800728559494 0
0 1096 0 1
1096
0.6974368095397949 0.2306739240884781 0
0 1097 0 1
1097
0.6945409178733826 0.2319871187210083 0
0 1098 0 1
1098
0.6916415691375732 0.2334137558937073 0
0 1099 0 1
1099
0.6887403726577759 0.2349479347467422 0
0 1100 0 1
1100
0.6858387589454651 0.236583799123764 0
0 1101 0 1
1101
0.6829383969306946 0.2383154183626175 0
0 1102 0 1
1102
0.6800408363342285 0.2401369363069534 0
0 1103 0 1
1103
0.6771476864814758 0.2420424371957779 0
0 1104 0 1
1104
0.6742603778839111 0.2440260350704193 0
0 1105 0 1
1105
0.6713805794715881 0.2460818439722061 0
0 1106 0 1
1106
0.6685099005699158 0.2482039630413055 0
0 1107 0 1
1107
0.6656497716903687 0.250386506319046 0
0 1108 0 1
1108
0.6628018617630005 0.252623587846756 0
0 1109 0 1
1109
0.6599677205085754 0.254909336566925 0
0 1110 0 1
1110
0.6571488976478577 0.2572378218173981 0
0 1111 0 1
1111
0.6543469429016113 0.2596031427383423 0
0 1112 0 1
1112
0.6515634059906006 0.2619994580745697 0
0 1113 0 1
1113
0.6487999558448792 0.2644208669662476 0
0 1114 0 1
1114
0.6460580825805664 0.2668614387512207 0
0 1115 0 1
1115
0.6433393359184265 0.2693153321743011 0
0 1116 0 1
1116
0.6406453251838684 0.2717766165733337 0
0 1117 0 1
1117
0.6379776000976562 0.2742394208908081 0
0 1118 0 1
1118
0.6353377103805542 0.2766978442668915 0
0 1119 0 1
1119
0.6327272653579712 0.2791459858417511 0
0 1120 0 1
1120
0.6301477551460266 0.281578004360199 0
0 1121 0 1
1121
0.6276008486747742 0.2839879393577576 0
0 1122 0 1
1122
0.6250880360603333 0.2863699495792389 0
0 1123 0 1
1123
0.6226109266281128 0.2887181341648102 0
0 1124 0 1
1124
0.6201710104942322 0.2910265922546387 0
0 1125 0 1
1125
0.6177699565887451 0.2932894229888916 0
0 1126 0 1
1126
0.615409255027771 0.2955007553100586 0
0 1127 0 1
1127
0.6130905151367188 0.2976546883583069 0
0 1128 0 1
1128
1.005136847496033 0.2922013700008392 0
0 1129 0 1
1129
1.006232976913452 0.2880237698554993 0
0 1130 0 1
1130
1.006457448005676 0.2842350900173187 0
0 1131 0 1
1131
1.005849242210388 0.2808180451393127 0
0 1132 0 1
1132
1.004446983337402 0.2777553796768188 0
0 1133 0 1
1133
1.002289295196533 0.2750297784805298 0
0 1134 0 1
1134
0.9994150996208191 0.2726239860057831 0
0 1135 0 1
1135
0.9958630204200745 0.2705206871032715 0
0 1136 0 1
1136
0.9916718006134033 0.2687025964260101 0
0 1137 0 1
1137
0.9868801832199097 0.2671524584293365 0
0 1138 0 1
1138
0.9815269708633423 0.2658529579639435 0
0 1139 0 1
1139
0.9756507873535156 0.2647868096828461 0
0 1140 0 1
1140
0.9692904949188232 0.2639367282390594 0
0 1141 0 1
1141
0.9624846577644348 0.2632854580879211 0
0 1142 0 1
1142
0.9552721977233887 0.2628156542778015 0
0 1143 0 1
1143
0.9476916790008545 0.2625100910663605 0
0 1144 0 1
1144
0.9397819638252258 0.2623514533042908 0
0 1145 0 1
1145
0.9315817356109619 0.2623224854469299 0
0 1146 0 1
1146
0.9231297373771667 0.2624058425426483 0
0 1147 0 1
1147
0.9144647121429443 0.2625842988491058 0
0 1148 0 1
1148
0.9056253433227539 0.2628405094146729 0
0 1149 0 1
1149
0.8966504335403442 0.2631572484970093 0
0 1150 0 1
1150
0.8875786662101746 0.2635172009468079 0
0 1151 0 1
1151
0.8784487843513489 0.2639030516147614 0
0 1152 0 1
1152
0.869299590587616 0.2642975747585297 0
0 1153 0 1
1153
0.8601697087287903 0.2646834552288055 0
0 1154 0 1
1154
0.8510979413986206 0.2650434076786041 0
0 1155 0 1
1155
0.8421230316162109 0.2653601169586182 0
0 1156 0 1
1156
0.8332836627960205 0.2656163573265076 0
0 1157 0 1
1157
0.8246186375617981 0.2657947838306427 0
0 1158 0 1
1158
0.8161666393280029 0.2658781707286835 0
0 1159 0 1
1159
0.807966411113739 0.2658491730690002 0
0 1160 0 1
1160
0.8000566959381104 0.2656905353069305 0
0 1161 0 1
1161
0.7924761772155762 0.2653849720954895 0
0 1162 0 1
1162
0.78526371717453 0.2649151980876923 0
0 1163 0 1
1163
0.7784578800201416 0.2642638981342316 0
0 1164 0 1
1164
0.7720975875854492 0.2634138464927673 0
0 1165 0 1
1165
0.7662214040756226 0.2623476982116699 0
0 1166 0 1
1166
0.7608681917190552 0.2610481977462769 0
0 1167 0 1
1167
0.7560765743255615 0.2594980299472809 0
0 1168 0 1
1168
0.7518853545188904 0.2576799690723419 0
0 1169 0 1
1169
0.7483332753181458 0.2555766701698303 0
0 1170 0 1
1170
0.7454590797424316 0.2531708478927612 0
0 1171 0 1
1171
0.7433014512062073 0.2504452466964722 0
0 1172 0 1
1172
0.7418991327285767 0.2473825961351395 0
0 1173 0 1
1173
0.7412908673286438 0.2439655512571335 0
0 1174 0 1
1174
0.7415153980255127 0.2401768863201141 0
0 1175 0 1
1175
0.7426114678382874 0.235999271273613 0
0 1176 0 1
1176
0.2819521427154541 0.7702377438545227 0
0 1177 0 1
1177
0.2926239669322968 0.7594817876815796 0
0 1178 0 1
1178
0.3037345409393311 0.7488158345222473 0
0 1179 0 1
1179
0.3152523338794708 0.7382327914237976 0
0 1180 0 1
1180
0.327145904302597 0.7277254462242126 0
0 1181 0 1
1181
0.3393837511539459 0.7172865867614746 0
0 1182 0 1
1182
0.351934403181076 0.7069091200828552 0
0 1183 0 1
1183
0.3647664189338684 0.6965857744216919 0
0 1184 0 1
1184
0.3778482675552368 0.6863094568252563 0
0 1185 0 1
1185
0.3911484777927399 0.6760729551315308 0
0 1186 0 1
1186
0.4046356081962585 0.6658691167831421 0
0 1187 0 1
1187
0.4182781279087067 0.6556907296180725 0
0 1188 0 1
1188
0.4320445954799652 0.645530641078949 0
0 1189 0 1
1189
0.4459035098552704 0.6353816390037537 0
0 1190 0 1
1190
0.4598233997821808 0.6252365708351135 0
0 1191 0 1
1191
0.473772794008255 0.6150883436203003 0
0 1192 0 1
1192
0.4877201914787292 0.6049296259880066 0
0 1193 0 1
1193
0.5016341209411621 0.5947533845901489 0
0 1194 0 1
1194
0.5154831409454346 0.5845523476600647 0
0 1195 0 1
1195
0.5292357206344604 0.5743193626403809 0
0 1196 0 1
1196
0.5428603887557983 0.5640472769737244 0
0 1197 0 1
1197
0.5563257336616516 0.5537288784980774 0
0 1198 0 1
1198
0.5696001648902893 0.5433570742607117 0
0 1199 0 1
1199
0.5826522707939148 0.5329245924949646 0
0 1200 0 1
1200
0.5954505205154419 0.5224242806434631 0
0 1201 0 1
1201
0.607963502407074 0.5118489861488342 0
0 1202 0 1
1202
0.6201597452163696 0.5011915564537048 0
0 1203 0 1
1203
0.6320077180862427 0.4904447495937347 0
0 1204 0 1
1204
0.6434758901596069 0.4796014130115509 0
0 1205 0 1
1205
0.6545329093933105 0.4686543941497803 0
0 1206 0 1
1206
0.6651472449302673 0.4575965106487274 0
0 1207 0 1
1207
0.6752873659133911 0.4464205801486969 0
0 1208 0 1
1208
0.6849218606948853 0.4351194500923157 0
0 1209 0 1
1209
0.6940191984176636 0.4236859083175659 0
0 1210 0 1
1210
0.7025479674339294 0.4121127724647522 0
0 1211 0 1
1211
0.7104766368865967 0.4003928899765015 0
0 1212 0 1
1212
0.7177737355232239 0.3885191082954407 0
0 1213 0 1
1213
0.7244077324867249 0.376484215259552 0
0 1214 0 1
1214
0.7303472757339478 0.36428102850914 0
0 1215 0 1
1215
0.7355607748031616 0.3519023954868317 0
0 1216 0 1
1216
0.740016758441925 0.3393411636352539 0
0 1217 0 1
1217
0.7436838150024414 0.3265900909900665 0
0 1218 0 1
1218
0.7465304136276245 0.3136420547962189 0
0 1219 0 1
1219
0.748525083065033 0.3004898726940155 0
0 1220 0 1
1220
0.7496363520622253 0.2871263325214386 0
0 1221 0 1
1221
0.7498327493667603 0.2735443115234375 0
0 1222 0 1
1222
0.7490828037261963 0.2597365975379944 0
0 1223 0 1
1223
0.7473549842834473 0.2456960380077362 0
0 1224 0 1
1224
0.6018597483634949 0.3080024719238281 0
0 1225 0 1
1225
0.5929948687553406 0.3163368701934814 0
0 1226 0 1
1226
0.5842201709747314 0.324747771024704 0
0 1227 0 1
1227
0.5755352973937988 0.3332343697547913 0
0 1228 0 1
1228
0.5669399499893188 0.341795951128006 0
0 1229 0 1
1229
0.5584337115287781 0.3504317104816437 0
0 1230 0 1
1230
0.5500162243843079 0.359140932559967 0
0 1231 0 1
1231
0.5416871309280396 0.3679227828979492 0
0 1232 0 1
1232
0.5334460735321045 0.3767765760421753 0
0 1233 0 1
1233
0.5252926349639893 0.385701447725296 0
0 1234 0 1
1234
0.5172264575958252 0.3946967422962189 0
0 1235 0 1
1235
0.5092472434043884 0.4037615954875946 0
0 1236 0 1
1236
0.5013545155525208 0.4128952920436859 0
0 1237 0 1
1237
0.4935480058193207 0.4220970571041107 0
0 1238 0 1
1238
0.4858272671699524 0.4313661456108093 0
0 1239 0 1
1239
0.478192001581192 0.4407017529010773 0
0 1240 0 1
1240
0.4706417918205261 0.4501031339168549 0
0 1241 0 1
1241
0.4631762802600861 0.4595695436000824 0
0 1242 0 1
1242
0.4557951092720032 0.469100147485733 0
0 1243 0 1
1243
0.4484979212284088 0.4786942601203918 0
0 1244 0 1
1244
0.4412843286991119 0.4883510768413544 0
0 1245 0 1
1245
0.4341539442539215 0.4980698227882385 0
0 1246 0 1
1246
0.4271064400672913 0.5078497529029846 0
0 1247 0 1
1247
0.4201414287090302 0.5176900625228882 0
0 1248 0 1
1248
0.4132585525512695 0.5275900363922119 0
0 1249 0 1
1249
0.4064574241638184 0.5375488996505737 0
0 1250 0 1
1250
0.399737685918808 0.5475658774375916 0
0 1251 0 1
1251
0.3930989801883698 0.5576401948928833 0
0 1252 0 1
1252
0.3865409195423126 0.5677710771560669 0
0 1253 0 1
1253
0.3800631463527679 0.5779577493667603 0
0 1254 0 1
1254
0.3736653029918671 0.5881994962692261 0
0 1255 0 1
1255
0.3673470020294189 0.5984955430030823 0
0 1256 0 1
1256
0.3611078858375549 0.6088451147079468 0
0 1257 0 1
1257
0.3549475967884064 0.6192473769187927 0
0 1258 0 1
1258
0.3488657474517822 0.6297016739845276 0
0 1259 0 1
1259
0.3428619503974915 0.6402071714401245 0
0 1260 0 1
1260
0.3369359076023102 0.6507631540298462 0
0 1261 0 1
1261
0.3310871720314026 0.6613687872886658 0
0 1262 0 1
1262
0.3253154158592224 0.6720233559608459 0
0 1263 0 1
1263
0.319620281457901 0.6827260255813599 0
0 1264 0 1
1264
0.3140013813972473 0.693476140499115 0
0 1265 0 1
1265
0.3084583282470703 0.7042728662490845 0
0 1266 0 1
1266
0.3029907941818237 0.7151154279708862 0
0 1267 0 1
1267
0.2975983917713165 0.726003110408783 0
0 1268 0 1
1268
0.2922807633876801 0.7369350790977478 0
0 1269 0 1
1269
0.2870375216007233 0.7479106187820435 0
0 1270 0 1
1270
0.2818683385848999 0.7589289546012878 0
0 1271 0 1
1271
0.2767727971076965 0.7699893712997437 0
0 1272 0 1
1272
1.002763032913208 0.3087196946144104 0
0 1273 0 1
1273
1.002430319786072 0.3206281960010529 0
0 1274 0 1
1274
1.00213098526001 0.3325117826461792 0
0 1275 0 1
1275
1.001863479614258 0.3443715870380402 0
0 1276 0 1
1276
1.001626372337341 0.3562087118625641 0
0 1277 0 1
1277
1.001418113708496 0.3680242300033569 0
0 1278 0 1
1278
1.001237273216248 0.3798193335533142 0
0 1279 0 1
1279
1.001082301139832 0.3915950357913971 0
0 1280 0 1
1280
1.000951766967773 0.4033524990081787 0
0 1281 0 1
1281
1.000844240188599 0.415092796087265 0
0 1282 0 1
1282
1.000758290290833 0.4268170595169067 0
0 1283 0 1
1283
1.000692248344421 0.4385263919830322 0
0 1284 0 1
1284
1.000644683837891 0.4502218961715698 0
0 1285 0 1
1285
1.000614285469055 0.4619046747684479 0
0 1286 0 1
1286
1.000599265098572 0.4735758304595947 0
0 1287 0 1
1287
1.000598430633545 0.4852364659309387 0
0 1288 0 1
1288
1.00061023235321 0.4968877136707306 0
0 1289 0 1
1289
1.000633001327515 0.5085306167602539 0
0 1290 0 1
1290
1.000665545463562 0.5201663970947266 0
0 1291 0 1
1291
1.000706195831299 0.5317960381507874 0
0 1292 0 1
1292
1.00075352191925 0.5434207320213318 0
0 1293 0 1
1293
1.000805974006653 0.5550415515899658 0
0 1294 0 1
1294
1.000862121582031 0.5666595697402954 0
0 1295 0 1
1295
1.000920534133911 0.5782759785652161 0
0 1296 0 1
1296
1.000979661941528 0.589891791343689 0
0 1297 0 1
1297
1.001038074493408 0.6015082001686096 0
0 1298 0 1
1298
1.001094341278076 0.613126277923584 0
0 1299 0 1
1299
1.001146793365479 0.6247470378875732 0
0 1300 0 1
1300
1.00119411945343 0.6363717317581177 0
0 1301 0 1
1301
1.001234769821167 0.6480014324188232 0
0 1302 0 1
1302
1.001267194747925 0.6596371531486511 0
0 1303 0 1
1303
1.001290082931519 0.6712800860404968 0
0 1304 0 1
1304
1.001301765441895 0.6829313635826111 0
0 1305 0 1
1305
1.001300930976868 0.6945919990539551 0
0 1306 0 1
1306
1.001286029815674 0.7062631249427795 0
0 1307 0 1
1307
1.001255512237549 0.71794593334198 0
0 1308 0 1
1308
1.001208066940308 0.7296413779258728 0
0 1309 0 1
1309
1.001142024993896 0.7413507103919983 0
0 1310 0 1
1310
1.001055955886841 0.7530750036239624 0
0 1311 0 1
1311
1.000948429107666 0.7648153305053711 0
0 1312 0 1
1312
1.000818014144897 0.7765727639198303 0
0 1313 0 1
1313
1.000663042068481 0.7883484959602356 0
0 1314 0 1
1314
1.000482201576233 0.8001435399055481 0
0 1315 0 1
1315
1.000273942947388 0.8119590878486633 0
0 1316 0 1
1316
1.000036835670471 0.8237962126731873 0
0 1317 0 1
1317
0.9997692704200745 0.8356560468673706 0
0 1318 0 1
1318
0.9994699358940125 0.8475396037101746 0
0 1319 0 1
1319
0.9991372227668762 0.8594481348991394 0
0 1320 0 1
1320
0.1908425986766815 0.7336040139198303 0
0 1321 0 1
1321
0.1908022910356522 0.7301150560379028 0
0 1322 0 1
1322
0.1902129054069519 0.7270379662513733 0
0 1323 0 1
1323
0.1890988498926163 0.7243545055389404 0
0 1324 0 1
1324
0.1874845325946808 0.7220461964607239 0
0 1325 0 1
1325
0.1853943318128586 0.7200948596000671 0
0 1326 0 1
1326
0.1828526705503464 0.7184821963310242 0
0 1327 0 1
1327
0.1798839420080185 0.7171898484230042 0
0 1328 0 1
1328
0.1765125691890717 0.716199517250061 0
0 1329 0 1
1329
0.172762930393219 0.7154929041862488 0
0 1330 0 1
1330
0.1686594486236572 0.7150517106056213 0
0 1331 0 1
1331
0.1642265170812607 0.7148576378822327 0
0 1332 0 1
1332
0.1594885289669037 0.7148923873901367 0
0 1333 0 1
1333
0.1544699221849442 0.7151376008987427 0
0 1334 0 1
1334
0.149195060133934 0.7155750393867493 0
0 1335 0 1
1335
0.1436883807182312 0.7161864042282104 0
0 1336 0 1
1336
0.1379742622375488 0.7169533371925354 0
0 1337 0 1
1337
0.1320771276950836 0.7178575396537781 0
0 1338 0 1
1338
0.1260213553905487 0.7188807129859924 0
0 1339 0 1
1339
0.1198313757777214 0.7200045585632324 0
0 1340 0 1
1340
0.1135315746068954 0.7212108373641968 0
0 1341 0 1
1341
0.1071463599801064 0.7224811315536499 0
0 1342 0 1
1342
0.1007001399993896 0.7237972021102905 0
0 1343 0 1
1343
0.09421731531620026 0.7251406908035278 0
0 1344 0 1
1344
0.0877222865819931 0.7264934182167053 0
0 1345 0 1
1345
0.08123946189880371 0.7278369069099426 0
0 1346 0 1
1346
0.07479324191808701 0.7291529774665833 0
0 1347 0 1
1347
0.06840803474187851 0.7304232716560364 0
0 1348 0 1
1348
0.06210823357105255 0.7316295504570007 0
0 1349 0 1
1349
0.05591824650764465 0.7327533960342407 0
0 1350 0 1
1350
0.04986248165369034 0.7337765693664551 0
0 1351 0 1
1351
0.04396533966064453 0.7346807718276978 0
0 1352 0 1
1352
0.03825122490525246 0.7354477047920227 0
0 1353 0 1
1353
0.03274453803896904 0.7360590696334839 0
0 1354 0 1
1354
0.0274696871638298 0.7364965081214905 0
0 1355 0 1
1355
0.02245107106864452 0.7367417216300964 0
0 1356 0 1
1356
0.01771309413015842 0.7367764711380005 0
0 1357 0 1
1357
0.0132801616564393 0.7365823984146118 0
0 1358 0 1
1358
0.009176677092909813 0.7361412048339844 0
0 1359 0 1
1359
0.00542704202234745 0.7354345917701721 0
0 1360 0 1
1360
0.002055661752820015 0.734444260597229 0
0 1361 0 1
1361
-0.0009130610269494355 0.733151912689209 0
0 1362 0 1
1362
-0.003454722696915269 0.731539249420166 0
0 1363 0 1
1363
-0.005544919986277819 0.7295879125595093 0
0 1364 0 1
1364
-0.007159248925745487 0.7272796034812927 0
0 1365 0 1
1365
-0.008273306302726269 0.7245961427688599 0
0 1366 0 1
1366
-0.008862688206136227 0.7215190529823303 0
0 1367 0 1
1367
-0.008902992121875286 0.7180300951004028 0
0 1368 0 1
1368
0.007156978826969862 1.000824928283691 0
0 1369 0 1
1369
0.007250360213220119 0.9951391220092773 0
0 1370 0 1
1370
0.007288050837814808 0.9894148707389832 0
0 1371 0 1
1371
0.007272525690495968 0.9836539626121521 0
0 1372 0 1
1372
0.007206260226666927 0.9778580665588379 0
0 1373 0 1
1373
0.00709172897040844 0.972028911113739 0
0 1374 0 1
1374
0.00693140784278512 0.9661681652069092 0
0 1375 0 1
1375
0.006727771367877722 0.9602775573730469 0
0 1376 0 1
1376
0.006483295001089573 0.9543588161468506 0
0 1377 0 1
1377
0.006200453732162714 0.948413610458374 0
0 1378 0 1
1378
0.005881723016500473 0.9424437284469604 0
0 1379 0 1
1379
0.005529577843844891 0.936450719833374 0
0 1380 0 1
1380
0.005146493203938007 0.9304364323616028 0
0 1381 0 1
1381
0.004734944086521864 0.9244025349617004 0
0 1382 0 1
1382
0.004297406412661076 0.9183506965637207 0
0 1383 0 1
1383
0.003836354473605752 0.9122826457023621 0
0 1384 0 1
1384
0.003354263724759221 0.9062000513076782 0
0 1385 0 1
1385
0.002853609621524811 0.9001047015190125 0
0 1386 0 1
1386
0.002336866920813918 0.8939982652664185 0
0 1387 0 1
1387
0.001806510728783906 0.8878824710845947 0
0 1388 0 1
1388
0.001265016617253423 0.8817589282989502 0
0 1389 0 1
1389
0.0007148593431338668 0.8756294846534729 0
0 1390 0 1
1390
0.0001585142745170742 0.8694957494735718 0
0 1391 0 1
1391
-0.0004015435406472534 0.8633594512939453 0
0 1392 0 1
1392
-0.0009628389379940927 0.8572222590446472 0
0 1393 0 1
1393
-0.001522896694950759 0.8510859608650208 0
0 1394 0 1
1394
-0.002079241909086704 0.8449522256851196 0
0 1395 0 1
1395
-0.002629399066790938 0.8388227820396423 0
0 1396 0 1
1396
-0.003170893294736743 0.8326992392539978 0
0 1397 0 1
1397
-0.003701249370351434 0.8265834450721741 0
0 1398 0 1
1398
-0.004217992071062326 0.8204770088195801 0
0 1399 0 1
1399
-0.00471864640712738 0.8143816590309143 0
0 1400 0 1
1400
-0.005200736690312624 0.8082990646362305 0
0 1401 0 1
1401
-0.005661788862198591 0.8022310137748718 0
0 1402 0 1
1402
-0.00609932653605938 0.7961791753768921 0
0 1403 0 1
1403
-0.006510875653475523 0.7901452779769897 0
0 1404 0 1
1404
-0.006893960293382406 0.7841309905052185 0
0 1405 0 1
1405
-0.007246105466037989 0.7781379818916321 0
0 1406 0 1
1406
-0.00756483618170023 0.7721680998802185 0
0 1407 0 1
1407
-0.007847677916288376 0.7662228941917419 0
0 1408 0 1
1408
-0.008092153817415237 0.7603041529655457 0
0 1409 0 1
1409
-0.008295790292322636 0.7544135451316833 0
0 1410 0 1
1410
-0.008456111885607243 0.7485527992248535 0
0 1411 0 1
1411
-0.008570642210543156 0.7427236437797546 0
0 1412 0 1
1412
-0.008636908605694771 0.7369277477264404 0
0 1413 0 1
1413
-0.008652432821691036 0.7311668395996094 0
0 1414 0 1
1414
-0.008614742197096348 0.7254425883293152 0
0 1415 0 1
1415
-0.008521361276507378 0.7197567820549011 0
0 1416 0 1
1416
0.2724597156047821 0.7797206044197083 0
0 1417 0 1
1417
0.2728724777698517 0.7784103751182556 0
0 1418 0 1
1418
0.2730014622211456 0.777157723903656 0
0 1419 0 1
1419
0.2728592753410339 0.7759601473808289 0
0 1420 0 1
1420
0.2724584937095642 0.7748150229454041 0
0 1421 0 1
1421
0.2718117833137512 0.7737197875976562 0
0 1422 0 1
1422
0.2709317207336426 0.7726719379425049 0
0 1423 0 1
1423
0.2698309421539307 0.7716689109802246 0
0 1424 0 1
1424
0.2685220241546631 0.7707080841064453 0
0 1425 0 1
1425
0.2670176327228546 0.7697869539260864 0
0 1426 0 1
1426
0.2653303444385529 0.7689029574394226 0
0 1427 0 1
1427
0.2634727656841278 0.7680534720420837 0
0 1428 0 1
1428
0.2614575624465942 0.7672359943389893 0
0 1429 0 1
1429
0.2592972815036774 0.7664479613304138 0
0 1430 0 1
1430
0.2570045590400696 0.7656868100166321 0
0 1431 0 1
1431
0.2545920312404633 0.7649499773979187 0
0 1432 0 1
1432
0.252072274684906 0.7642349004745483 0
0 1433 0 1
1433
0.2494579404592514 0.7635390162467957 0
0 1434 0 1
1434
0.2467616051435471 0.7628598213195801 0
0 1435 0 1
1435
0.2439959049224854 0.7621946334838867 0
0 1436 0 1
1436
0.2411734461784363 0.7615410089492798 0
0 1437 0 1
1437
0.238306850194931 0.7608963251113892 0
0 1438 0 1
1438
0.2354087084531784 0.7602580189704895 0
0 1439 0 1
1439
0.2324916571378708 0.7596235871315002 0
0 1440 0 1
1440
0.2295683026313782 0.758990466594696 0
0 1441 0 1
1441
0.2266512513160706 0.7583560347557068 0
0 1442 0 1
1442
0.2237531095743179 0.7577177286148071 0
0 1443 0 1
1443
0.2208865135908127 0.7570730447769165 0
0 1444 0 1
1444
0.2180640548467636 0.7564194202423096 0
0 1445 0 1
1445
0.2152983546257019 0.7557542324066162 0
0 1446 0 1
1446
0.2126020193099976 0.7550750374794006 0
0 1447 0 1
1447
0.209987685084343 0.7543791532516479 0
0 1448 0 1
1448
0.2074679285287857 0.7536640763282776 0
0 1449 0 1
1449
0.2050554007291794 0.7529272437095642 0
0 1450 0 1
1450
0.2027626782655716 0.7521660923957825 0
0 1451 0 1
1451
0.2006024122238159 0.751378059387207 0
0 1452 0 1
1452
0.19858717918396 0.7505605816841125 0
0 1453 0 1
1453
0.1967296153306961 0.7497110962867737 0
0 1454 0 1
1454
0.1950423270463943 0.7488270998001099 0
0 1455 0 1
1455
0.1935379207134247 0.747905969619751 0
0 1456 0 1
1456
0.1922290176153183 0.7469451427459717 0
0 1457 0 1
1457
0.1911282390356064 0.7459421157836914 0
0 1458 0 1
1458
0.1902481764554977 0.74489426612854 0
0 1459 0 1
1459
0.1896014660596848 0.7437990307807922 0
0 1460 0 1
1460
0.1892006993293762 0.7426539063453674 0
0 1461 0 1
1461
0.1890584975481033 0.7414563298225403 0
0 1462 0 1
1462
0.1891874670982361 0.7402036786079407 0
0 1463 0 1
1463
0.1896002441644669 0.738893449306488 0
0 1464 0 1
1464
0.1950489580631256 0.7388077974319458 0
0 1465 0 1
1465
0.1991666853427887 0.7406231760978699 0
0 1466 0 1
1466
0.2026890814304352 0.7429466247558594 0
0 1467 0 1
1467
0.2056425809860229 0.7457555532455444 0
0 1468 0 1
1468
0.2080536633729935 0.7490274310112 0
0 1469 0 1
1469
0.2099487781524658 0.7527396082878113 0
0 1470 0 1
1470
0.2113543897867203 0.7568696141242981 0
0 1471 0 1
1471
0.2122969627380371 0.761394739151001 0
0 1472 0 1
1472
0.2128029316663742 0.7662924528121948 0
0 1473 0 1
1473
0.2128987908363342 0.7715401649475098 0
0 1474 0 1
1474
0.2126109749078751 0.7771153450012207 0
0 1475 0 1
1475
0.211965948343277 0.782995343208313 0
0 1476 0 1
1476
0.2109901905059814 0.7891576290130615 0
0 1477 0 1
1477
0.2097101360559464 0.7955796122550964 0
0 1478 0 1
1478
0.208152249455452 0.8022386431694031 0
0 1479 0 1
1479
0.2063430100679398 0.8091122508049011 0
0 1480 0 1
1480
0.2043088525533676 0.8161777853965759 0
0 1481 0 1
1481
0.2020762413740158 0.8234126567840576 0
0 1482 0 1
1482
0.1996716558933258 0.8307943344116211 0
0 1483 0 1
1483
0.1971215307712555 0.8383001685142517 0
0 1484 0 1
1484
0.1944523453712463 0.8459076881408691 0
0 1485 0 1
1485
0.1916905492544174 0.853594183921814 0
0 1486 0 1
1486
0.1888625919818878 0.8613371849060059 0
0 1487 0 1
1487
0.185994952917099 0.8691139817237854 0
0 1488 0 1
1488
0.1831140965223312 0.876902163028717 0
0 1489 0 1
1489
0.1802464574575424 0.8846789598464966 0
0 1490 0 1
1490
0.1774185001850128 0.8924219608306885 0
0 1491 0 1
1491
0.1746567040681839 0.9001084566116333 0
0 1492 0 1
1492
0.1719875186681747 0.9077159762382507 0
0 1493 0 1
1493
0.1694373935461044 0.9152218103408813 0
0 1494 0 1
1494
0.1670328080654144 0.9226034879684448 0
0 1495 0 1
1495
0.1648001968860626 0.9298383593559265 0
0 1496 0 1
1496
0.1627660393714905 0.9369038939476013 0
0 1497 0 1
1497
0.1609567999839783 0.9437775015830994 0
0 1498 0 1
1498
0.1593989133834839 0.950436532497406 0
0 1499 0 1
1499
0.1581188589334488 0.9568585157394409 0
0 1500 0 1
1500
0.1571431010961533 0.9630208015441895 0
0 1501 0 1
1501
0.1564980745315552 0.9689007997512817 0
0 1502 0 1
1502
0.156210258603096 0.9744759798049927 0
0 1503 0 1
1503
0.156306117773056 0.9797236919403076 0
0 1504 0 1
1504
0.1568120867013931 0.9846214056015015 0
0 1505 0 1
1505
0.15775465965271 0.9891465306282043 0
0 1506 0 1
1506
0.1591602712869644 0.9932765364646912 0
0 1507 0 1
1507
0.1610553860664368 0.9969887137413025 0
0 1508 0 1
1508
0.1634664684534073 1.000260591506958 0
0 1509 0 1
1509
0.1664199680089951 1.003069519996643 0
0 1510 0 1
1510
0.1699423640966415 1.005393028259277 0
0 1511 0 1
1511
0.1740600913763046 1.007208347320557 0
0 1512 0 1
1512
1.002236366271973 0.8578694462776184 0
0 1513 0 1
1513
1.003415107727051 0.845815122127533 0
0 1514 0 1
1514
1.002403140068054 0.835157573223114 0
0 1515 0 1
1515
0.9992979764938354 0.8258345723152161 0
0 1516 0 1
1516
0.9941969513893127 0.8177842497825623 0
0 1517 0 1
1517
0.9871973395347595 0.8109443783760071 0
0 1518 0 1
1518
0.9783965945243835 0.8052529096603394 0
0 1519 0 1
1519
0.9678919911384583 0.8006477952003479 0
0 1520 0 1
1520
0.9557809829711914 0.7970669865608215 0
0 1521 0 1
1521
0.9421608448028564 0.7944483160972595 0
0 1522 0 1
1522
0.9271290302276611 0.7927297949790955 0
0 1523 0 1
1523
0.9107828140258789 0.7918493151664734 0
0 1524 0 1
1524
0.8932195901870728 0.7917447686195374 0
0 1525 0 1
1525
0.8745366930961609 0.7923541069030762 0
0 1526 0 1
1526
0.8548315167427063 0.7936152815818787 0
0 1527 0 1
1527
0.834201455116272 0.7954661250114441 0
0 1528 0 1
1528
0.8127437829971313 0.7978447079658508 0
0 1529 0 1
1529
0.7905559539794922 0.8006888031959534 0
0 1530 0 1
1530
0.7677352428436279 0.8039364218711853 0
0 1531 0 1
1531
0.7443790435791016 0.8075254559516907 0
0 1532 0 1
1532
0.7205847501754761 0.8113938570022583 0
0 1533 0 1
1533
0.6964496970176697 0.8154794573783875 0
0 1534 0 1
1534
0.6720712184906006 0.8197203278541565 0
0 1535 0 1
1535
0.6475467085838318 0.8240543007850647 0
0 1536 0 1
1536
0.6229735016822815 0.8284192681312561 0
0 1537 0 1
1537
0.5984489917755127 0.8327532410621643 0
0 1538 0 1
1538
0.5740705728530884 0.8369941115379333 0
0 1539 0 1
1539
0.5499354600906372 0.8410797119140625 0
0 1540 0 1
1540
0.5261411666870117 0.8449481129646301 0
0 1541 0 1
1541
0.5027849674224854 0.8485371470451355 0
0 1542 0 1
1542
0.4799642860889435 0.8517847657203674 0
0 1543 0 1
1543
0.4577764272689819 0.85462886095047 0
0 1544 0 1
1544
0.4363187849521637 0.8570074439048767 0
0 1545 0 1
1545
0.415688693523407 0.8588582873344421 0
0 1546 0 1
1546
0.3959835469722748 0.8601194620132446 0
0 1547 0 1
1547
0.3773006796836853 0.8607288002967834 0
0 1548 0 1
1548
0.3597374558448792 0.8606242537498474 0
0 1549 0 1
1549
0.3433912396430969 0.8597437739372253 0
0 1550 0 1
1550
0.3283593952655792 0.8580252528190613 0
0 1551 0 1
1551
0.3147392570972443 0.8554065823554993 0
0 1552 0 1
1552
0.3026282489299774 0.8518257737159729 0
0 1553 0 1
1553
0.2921236753463745 0.8472206592559814 0
0 1554 0 1
1554
0.2833229005336761 0.8415291905403137 0
0 1555 0 1
1555
0.2763233184814453 0.8346893191337585 0
0 1556 0 1
1556
0.2712222337722778 0.8266389966011047 0
0 1557 0 1
1557
0.2681170701980591 0.8173159956932068 0
0 1558 0 1
1558
0.2671051621437073 0.8066584467887878 0
0 1559 0 1
1559
0.268283873796463 0.7946041226387024 0
0 1560 0 1
1560
0.2755777537822723 0.782936155796051 0
0 1561 0 1
1561
0.2788190543651581 0.7851058840751648 0
0 1562 0 1
1562
0.2814993560314178 0.7875863313674927 0
0 1563 0 1
1563
0.2836436629295349 0.7903637290000916 0
0 1564 0 1
1564
0.2852768301963806 0.7934241890907288 0
0 1565 0 1
1565
0.2864238023757935 0.796754002571106 0
0 1566 0 1
1566
0.2871095538139343 0.8003393411636353 0
0 1567 0 1
1567
0.2873589992523193 0.804166316986084 0
0 1568 0 1
1568
0.2871970534324646 0.8082212209701538 0
0 1569 0 1
1569
0.2866486310958862 0.8124901652336121 0
0 1570 0 1
1570
0.2857387363910675 0.8169593811035156 0
0 1571 0 1
1571
0.2844922244548798 0.8216149806976318 0
0 1572 0 1
1572
0.2829340696334839 0.8264432549476624 0
0 1573 0 1
1573
0.281089186668396 0.8314303755760193 0
0 1574 0 1
1574
0.278982549905777 0.83656245470047 0
0 1575 0 1
1575
0.2766390144824982 0.8418257832527161 0
0 1576 0 1
1576
0.2740835845470428 0.8472064733505249 0
0 1577 0 1
1577
0.2713411450386047 0.8526907563209534 0
0 1578 0 1
1578
0.2684366405010223 0.8582648038864136 0
0 1579 0 1
1579
0.2653950154781342 0.8639147877693176 0
0 1580 0 1
1580
0.2622412145137787 0.8696269392967224 0
0 1581 0 1
1581
0.2590001225471497 0.8753874897956848 0
0 1582 0 1
1582
0.255696713924408 0.8811824917793274 0
0 1583 0 1
1583
0.2523559033870697 0.8869982361793518 0
0 1584 0 1
1584
0.2490026354789734 0.8928208351135254 0
0 1585 0 1
1585
0.2456618249416351 0.8986365795135498 0
0 1586 0 1
1586
0.2423584163188934 0.9044315814971924 0
0 1587 0 1
1587
0.2391173392534256 0.9101921319961548 0
0 1588 0 1
1588
0.2359635233879089 0.9159042835235596 0
0 1589 0 1
1589
0.2329218983650208 0.9215542674064636 0
0 1590 0 1
1590
0.2300173938274384 0.9271283149719238 0
0 1591 0 1
1591
0.2272749692201614 0.9326125979423523 0
0 1592 0 1
1592
0.2247195243835449 0.9379932880401611 0
0 1593 0 1
1593
0.2223760038614273 0.9432566165924072 0
0 1594 0 1
1594
0.2202693372964859 0.9483886957168579 0
0 1595 0 1
1595
0.2184244692325592 0.9533758163452148 0
0 1596 0 1
1596
0.2168663144111633 0.9582040905952454 0
0 1597 0 1
1597
0.2156198024749756 0.9628596901893616 0
0 1598 0 1
1598
0.2147098928689957 0.9673289060592651 0
0 1599 0 1
1599
0.2141615003347397 0.9715978503227234 0
0 1600 0 1
1600
0.2139995396137238 0.9756527543067932 0
0 1601 0 1
1601
0.2142489701509476 0.9794797301292419 0
0 1602 0 1
1602
0.2149347215890884 0.9830650687217712 0
0 1603 0 1
1603
0.2160817086696625 0.9863948822021484 0
0 1604 0 1
1604
0.2177148908376694 0.9894553422927856 0
0 1605 0 1
1605
0.2198591679334641 0.9922327399253845 0
0 1606 0 1
1606
0.2225394994020462 0.9947131872177124 0
0 1607 0 1
1607
0.2257807850837708 0.9968829154968262 0
0 1608 0 1
1608
0.9987133145332336 0.8739542961120605 0
0 1609 0 1
1609
0.9987091422080994 0.8765082955360413 0
0 1610 0 1
1610
0.9987549185752869 0.879045307636261 0
0 1611 0 1
1611
0.9988484978675842 0.8815661072731018 0
0 1612 0 1
1612
0.9989876747131348 0.8840714693069458 0
0 1613 0 1
1613
0.9991701245307922 0.8865620493888855 0
0 1614 0 1
1614
0.9993937611579895 0.8890387415885925 0
0 1615 0 1
1615
0.9996562004089355 0.8915022015571594 0
0 1616 0 1
1616
0.9999553561210632 0.8939532041549683 0
0 1617 0 1
1617
1.000288963317871 0.8963924646377563 0
0 1618 0 1
1618
1.000654697418213 0.8988208770751953 0
0 1619 0 1
1619
1.001050591468811 0.9012390375137329 0
0 1620 0 1
1620
1.001474142074585 0.903647780418396 0
0 1621 0 1
1621
1.001923203468323 0.9060478806495667 0
0 1622 0 1
1622
1.002395749092102 0.9084399938583374 0
0 1623 0 1
1623
1.002889275550842 0.9108250141143799 0
0 1624 0 1
1624
1.003401756286621 0.9132035970687866 0
0 1625 0 1
1625
1.003930926322937 0.9155765175819397 0
0 1626 0 1
1626
1.004474401473999 0.9179444909095764 0
0 1627 0 1
1627
1.005030274391174 0.9203083515167236 0
0 1628 0 1
1628
1.005596041679382 0.9226688146591187 0
0 1629 0 1
1629
1.006169557571411 0.9250266551971436 0
0 1630 0 1
1630
1.006748795509338 0.9273825883865356 0
0 1631 0 1
1631
1.007331252098083 0.929737389087677 0
0 1632 0 1
1632
1.007914781570435 0.9320918321609497 0
0 1633 0 1
1633
1.00849723815918 0.9344466328620911 0
0 1634 0 1
1634
1.009076356887817 0.9368025660514832 0
0 1635 0 1
1635
1.009649991989136 0.9391604065895081 0
0 1636 0 1
1636
1.010215759277344 0.9415208697319031 0
0 1637 0 1
1637
1.010771512985229 0.9438847303390503 0
0 1638 0 1
1638
1.011315107345581 0.946252703666687 0
0 1639 0 1
1639
1.011844277381897 0.9486256241798401 0
0 1640 0 1
1640
1.012356638908386 0.9510042071342468 0
0 1641 0 1
1641
1.012850284576416 0.9533892273902893 0
0 1642 0 1
1642
1.013322710990906 0.9557813405990601 0
0 1643 0 1
1643
1.013771891593933 0.9581814408302307 0
0 1644 0 1
1644
1.014195442199707 0.9605901837348938 0
0 1645 0 1
1645
1.014591217041016 0.9630083441734314 0
0 1646 0 1
1646
1.014957070350647 0.9654367566108704 0
0 1647 0 1
1647
1.01529061794281 0.9678760170936584 0
0 1648 0 1
1648
1.015589714050293 0.9703270196914673 0
0 1649 0 1
1649
1.015852212905884 0.9727904796600342 0
0 1650 0 1
1650
1.016075849533081 0.9752671718597412 0
0 1651 0 1
1651
1.016258358955383 0.9777577519416809 0
0 1652 0 1
1652
1.016397476196289 0.9802631139755249 0
0 1653 0 1
1653
1.016491055488586 0.9827839136123657 0
0 1654 0 1
1654
1.016536831855774 0.9853209257125854 0
0 1655 0 1
1655
1.01653265953064 0.9878749251365662 0
0 1656 0 1
1656
0.1752827912569046 1.008379459381104 0
0 1657 0 1
1657
0.1717672944068909 1.008265614509583 0
0 1658 0 1
1658
0.1682531088590622 1.008151650428772 0
0 1659 0 1
1659
0.1647401452064514 1.00803804397583 0
0 1660 0 1
1660
0.1612283736467361 1.007924795150757 0
0 1661 0 1
1661
0.1577177345752716 1.007812023162842 0
0 1662 0 1
1662
0.1542081534862518 1.007700204849243 0
0 1663 0 1
1663
0.1506995856761932 1.007589340209961 0
0 1664 0 1
1664
0.147191971540451 1.007479786872864 0
0 1665 0 1
1665
0.1436852365732193 1.007371664047241 0
0 1666 0 1
1666
0.1401793509721756 1.007265090942383 0
0 1667 0 1
1667
0.136674240231514 1.007160425186157 0
0 1668 0 1
1668
0.1331698447465897 1.007057785987854 0
0 1669 0 1
1669
0.1296661198139191 1.006957411766052 0
0 1670 0 1
1670
0.1261630058288574 1.006859540939331 0
0 1671 0 1
1671
0.1226604282855988 1.00676429271698 0
0 1672 0 1
1672
0.1191583499312401 1.006671905517578 0
0 1673 0 1
1673
0.1156566962599754 1.006582736968994 0
0 1674 0 1
1674
0.1121554225683212 1.006496667861938 0
0 1675 0 1
1675
0.1086544618010521 1.006414175033569 0
0 1676 0 1
1676
0.1051537618041039 1.006335496902466 0
0 1677 0 1
1677
0.1016532704234123 1.006260633468628 0
0 1678 0 1
1678
0.09815291315317154 1.006189823150635 0
0 1679 0 1
1679
0.09465265274047852 1.006123423576355 0
0 1680 0 1
1680
0.09115241467952728 1.006061553955078 0
0 1681 0 1
1681
0.08765214681625366 1.006004333496094 0
0 1682 0 1
1682
0.08415178954601288 1.005952119827271 0
0 1683 0 1
1683
0.08065129816532135 1.005905032157898 0
0 1684 0 1
1684
0.07715059816837311 1.005863308906555 0
0 1685 0 1
1685
0.07364963740110397 1.005827188491821 0
0 1686 0 1
1686
0.07014836370944977 1.005796790122986 0
0 1687 0 1
1687
0.06664671003818512 1.005772352218628 0
0 1688 0 1
1688
0.06314463168382645 1.005754113197327 0
0 1689 0 1
1689
0.05964205414056778 1.005742192268372 0
0 1690 0 1
1690
0.05613893643021584 1.005736947059631 0
0 1691 0 1
1691
0.05263520777225494 1.005738496780396 0
0 1692 0 1
1692
0.04913081973791122 1.005746960639954 0
0 1693 0 1
1693
0.0456257089972496 1.005762696266174 0
0 1694 0 1
1694
0.0421198196709156 1.005785822868347 0
0 1695 0 1
1695
0.03861309587955475 1.005816698074341 0
0 1696 0 1
1696
0.03510547801852226 1.005855202674866 0
0 1697 0 1
1697
0.03159690648317337 1.00590193271637 0
0 1698 0 1
1698
0.02808732725679874 1.005956768989563 0
0 1699 0 1
1699
0.02457668073475361 1.006020069122314 0
0 1700 0 1
1700
0.02106491103768349 1.006092071533203 0
0 1701 0 1
1701
0.0175519585609436 1.006172895431519 0
0 1702 0 1
1702
0.01403776556253433 1.00626277923584 0
0 1703 0 1
1703
0.0105222761631012 1.006361961364746 0
0 1704 0 1
1704
0.228440597653389 0.9987030029296875 0
0 1705 0 1
1705
0.2272895127534866 0.9987028241157532 0
0 1706 0 1
1706
0.2261540442705154 0.9987266063690186 0
0 1707 0 1
1707
0.2250334918498993 0.9987733364105225 0
0 1708 0 1
1708
0.2239271700382233 0.9988420605659485 0
0 1709 0 1
1709
0.2228343933820724 0.9989317655563354 0
0 1710 0 1
1710
0.2217544466257095 0.9990414381027222 0
0 1711 0 1
1711
0.2206866592168808 0.9991700649261475 0
0 1712 0 1
1712
0.2196303158998489 0.9993166923522949 0
0 1713 0 1
1713
0.218584731221199 0.9994803071022034 0
0 1714 0 1
1714
0.2175492197275162 0.9996599555015564 0
0 1715 0 1
1715
0.216523066163063 0.9998545050621033 0
0 1716 0 1
1716
0.2155055999755859 1.000063180923462 0
0 1717 0 1
1717
0.2144961208105087 1.000284671783447 0
0 1718 0 1
1718
0.2134939134120941 1.000518321990967 0
0 1719 0 1
1719
0.2124983072280884 1.000762939453125 0
0 1720 0 1
1720
0.2115086019039154 1.001017570495605 0
0 1721 0 1
1721
0.2105241119861603 1.001281261444092 0
0 1722 0 1
1722
0.2095441222190857 1.001552939414978 0
0 1723 0 1
1723
0.2085679471492767 1.001831531524658 0
0 1724 0 1
1724
0.2075949013233185 1.002116322517395 0
0 1725 0 1
1725
0.2066242843866348 1.002406120300293 0
0 1726 0 1
1726
0.2056553959846497 1.002699851989746 0
0 1727 0 1
1727
0.2046875655651093 1.002996683120728 0
0 1728 0 1
1728
0.2037200629711151 1.003295540809631 0
0 1729 0 1
1729
0.2027522325515747 1.003595471382141 0
0 1730 0 1
1730
0.2017833441495895 1.00389552116394 0
0 1731 0 1
1731
0.2008127272129059 1.004194617271423 0
0 1732 0 1
1732
0.1998396813869476 1.004491686820984 0
0 1733 0 1
1733
0.1988635063171387 1.004785895347595 0
0 1734 0 1
1734
0.1978835165500641 1.005076050758362 0
0 1735 0 1
1735
0.196899026632309 1.005361437797546 0
0 1736 0 1
1736
0.195909321308136 1.005640864372253 0
0 1737 0 1
1737
0.1949137151241302 1.005913257598877 0
0 1738 0 1
1738
0.1939115077257156 1.00617790222168 0
0 1739 0 1
1739
0.1929020285606384 1.006433486938477 0
0 1740 0 1
1740
0.1918845623731613 1.00667929649353 0
0 1741 0 1
1741
0.1908584088087082 1.006914138793945 0
0 1742 0 1
1742
0.1898228973150253 1.007137060165405 0
0 1743 0 1
1743
0.1887773126363754 1.007347106933594 0
0 1744 0 1
1744
0.1877209693193436 1.007543325424194 0
0 1745 0 1
1745
0.1866531819105148 1.007724523544312 0
0 1746 0 1
1746
0.1855732351541519 1.007889986038208 0
0 1747 0 1
1747
0.1844804584980011 1.008038520812988 0
0 1748 0 1
1748
0.1833741366863251 1.008169174194336 0
0 1749 0 1
1749
0.1822535842657089 1.008280873298645 0
0 1750 0 1
1750
0.1811181157827377 1.008372783660889 0
0 1751 0 1
1751
0.1799670308828354 1.008443832397461 0
0 1752 0 1
1752
1.000759601593018 0.9899609088897705 0
0 1753 0 1
1753
0.9850002527236938 0.9895156621932983 0
0 1754 0 1
1754
0.9691999554634094 0.9891101121902466 0
0 1755 0 1
1755
0.9533605575561523 0.9887433648109436 0
0 1756 0 1
1756
0.9374839067459106 0.9884146451950073 0
0 1757 0 1
1757
0.9215717315673828 0.9881229996681213 0
0 1758 0 1
1758
0.9056259393692017 0.9878677129745483 0
0 1759 0 1
1759
0.8896483778953552 0.9876478314399719 0
0 1760 0 1
1760
0.8736407160758972 0.9874625205993652 0
0 1761 0 1
1761
0.8576049208641052 0.9873110055923462 0
0 1762 0 1
1762
0.8415427803993225 0.9871923923492432 0
0 1763 0 1
1763
0.8254560232162476 0.9871059060096741 0
0 1764 0 1
1764
0.8093465566635132 0.9870505928993225 0
0 1765 0 1
1765
0.7932162284851074 0.9870256185531616 0
0 1766 0 1
1766
0.7770667672157288 0.9870302677154541 0
0 1767 0 1
1767
0.7609000205993652 0.9870635271072388 0
0 1768 0 1
1768
0.7447177767753601 0.9871246814727783 0
0 1769 0 1
1769
0.7285219430923462 0.9872127771377563 0
0 1770 0 1
1770
0.7123143076896667 0.9873270988464355 0
0 1771 0 1
1771
0.696096658706665 0.9874666929244995 0
0 1772 0 1
1772
0.6798707842826843 0.9876307249069214 0
0 1773 0 1
1773
0.6636385917663574 0.9878184199333191 0
0 1774 0 1
1774
0.6474018096923828 0.988028883934021 0
0 1775 0 1
1775
0.6311623454093933 0.9882612824440002 0
0 1776 0 1
1776
0.6149219274520874 0.98851478099823 0
0 1777 0 1
1777
0.5986824631690979 0.9887884855270386 0
0 1778 0 1
1778
0.5824456810951233 0.9890816211700439 0
0 1779 0 1
1779
0.5662134885787964 0.9893932938575745 0
0 1780 0 1
1780
0.5499876141548157 0.9897226691246033 0
0 1781 0 1
1781
0.533769965171814 0.9900689125061035 0
0 1782 0 1
1782
0.5175623297691345 0.9904311299324036 0
0 1783 0 1
1783
0.5013664960861206 0.9908086061477661 0
0 1784 0 1
1784
0.4851842820644379 0.99120032787323 0
0 1785 0 1
1785
0.4690175354480743 0.9916055798530579 0
0 1786 0 1
1786
0.4528680741786957 0.9920234680175781 0
0 1787 0 1
1787
0.4367376863956451 0.9924531579017639 0
0 1788 0 1
1788
0.4206282198429108 0.9928938150405884 0
0 1789 0 1
1789
0.4045415222644806 0.9933445453643799 0
0 1790 0 1
1790
0.3884793221950531 0.9938045740127563 0
0 1791 0 1
1791
0.3724435269832611 0.9942729473114014 0
0 1792 0 1
1792
0.3564359247684479 0.9947489500045776 0
0 1793 0 1
1793
0.3404583036899567 0.9952316880226135 0
0 1794 0 1
1794
0.3245125114917755 0.9957202672958374 0
0 1795 0 1
1795
0.3086003959178925 0.9962139129638672 0
0 1796 0 1
1796
0.2927237153053284 0.9967117309570312 0
0 1797 0 1
1797
0.2768843173980713 0.9972129464149475 0
0 1798 0 1
1798
0.2610840201377869 0.9977166056632996 0
0 1799 0 1
1799
0.2453246414661407 0.9982219338417053 0
1 1 0 8
1800
1801
1802
1803
1804
1805
1806
1807
0.8068007941691201 0.003254823976919907 0
0.83069600332781 0.003182120482193662 0
0.8545862591546193 0.0026806135220391 0
0.8784692960328205 0.001903359430035715 0
0.9023491073326833 0.001030946567959684 0
0.9262321441741027 0.0002536924684499452 0
0.9501223996917523 -0.0002478145333016072 0
0.9740176087283277 -0.000320517891764113 0
1 2 0 8
1808
1809
1810
1811
1812
1813
1814
1815
0.7805382473131104 0.1211337111723015 0
0.7826891048544617 0.1053327034689639 0
0.780541611956698 0.08938237046285773 0
0.7770740166564091 0.07365519995381489 0
0.7732702718384583 0.05800453338246956 0
0.7698026761221388 0.04227736306902324 0
0.7676551835568933 0.02632703010034739 0
0.7698060421376286 0.01052602273247061 0
1 3 0 8
1816
1817
1818
1819
1820
1821
1822
1823
0.6982426813424635 -0.0004745309901511896 0
0.7088267086518604 -8.186148862502829e-05 0
0.7194099187894156 0.0003322569581700134 0
0.7299926356670694 0.0007588269922939251 0
0.7405751870715432 0.001189479642370342 0
0.7511579037474038 0.001616049692167739 0
0.761741113839809 0.002030168164730669 0
0.7723251411245081 0.002422837598238904 0
1 4 0 8
1824
1825
1826
1827
1828
1829
1830
1831
0.9979240729098724 0.01681290139099389 0
0.9987810562020375 0.0334549060629496 0
1.000168199807687 0.05006184305784789 0
1.001848342004737 0.06664201140084655 0
1.003622410473797 0.08321248957681109 0
1.005302578314843 0.09979266064014794 0
1.006689692337602 0.1163995999921463 0
1.007546672309378 0.1330416037386278 0
1 5 0 8
1832
1833
1834
1835
1836
1837
1838
1839
0.9941727816282853 0.1217254075128875 0
0.9676013324124554 0.1043356354475147 0
0.9376333611487954 0.09351719665834231 0
0.906438036643215 0.08694819551501459 0
0.8747046389485916 0.08386384829044943 0
0.842829177007989 0.08432957971365561 0
0.8113685697926079 0.08934043730811184 0
0.7823242529140222 0.1020749625043352 0
1 6 0 8
1840
1841
1842
1843
1844
1845
1846
1847
1.007393302052565 0.1550555795827333 0
1.00723072347652 0.1604072545141159 0
1.007074422686882 0.1657591154481682 0
1.006922916430893 0.171111115006058 0
1.006773158052559 0.1764631637889619 0
1.006621651797056 0.181815163328269 0
1.006465351008765 0.1871670242147752 0
1.006302772432678 0.1925186991468408 0
1 7 0 8
1848
1849
1850
1851
1852
1853
1854
1855
0.76465502616684 0.1371191350725696 0
0.7562630620264263 0.140386373624476 0
0.747189059182953 0.1410895898859091 0
0.7380814300207869 0.1409585425911037 0
0.7289784802497197 0.1406130989723388 0
0.7198708510996709 0.1404820516786957 0
0.7107968482946425 0.1411852679359349 0
0.7024048840794483 0.1444525065348663 0
1 8 0 8
1856
1857
1858
1859
1860
1861
1862
1863
0.7893892906380103 0.1864234952770567 0
0.7865709058601695 0.1788260724967906 0
0.7829653985017249 0.1715573977498491 0
0.7791004277430006 0.1644222856791828 0
0.7751664422359476 0.1573247937348217 0
0.771301471489246 0.1501896816831185 0
0.7676959641472499 0.1429210069632298 0
0.7648775793794748 0.1353235841965601 0
1 9 0 8
1864
1865
1866
1867
1868
1869
1870
1871
0.7123681265553934 0.1403490188732973 0
0.7103853862341597 0.1212328871901464 0
0.7044641889568277 0.1028358837974589 0
0.6973511841399553 0.08485771532758866 0
0.6899322613431615 0.06700249849827682 0
0.6828192561418689 0.04902433032346586 0
0.6768980589732112 0.03062732703971231 0
0.6749153180053232 0.01151119568391553 0
1 10 0 8
1872
1873
1874
1875
1876
1877
1878
1879
0.5436552172693492 -0.005602630956111068 0
0.5616556419213463 -0.005010858700549802 0
0.5796558834138169 -0.004413487551644769 0
0.5976560047314849 -0.003812529451649864 0
0.6156560847135355 -0.003210338000943743 0
0.633656203914333 -0.002609379957625836 0
0.6516564476273352 -0.002012008632380606 0
0.6696568722855162 -0.00142023626557802 0
1 11 0 8
1880
1881
1882
1883
1884
1885
1886
1887
0.6914889065956292 0.1724787882192752 0
0.6688625260669621 0.1780800847021326 0
0.6454328626438434 0.1788903505409311 0
0.6219904764735914 0.1781900728717137 0
0.5985619079030158 0.1770970319522589 0
0.5751195218200351 0.1763967543007052 0
0.5516898584965304 0.1772070201708489 0
0.5290634781519478 0.1828083166830806 0
1 12 0 8
1888
1889
1890
1891
1892
1893
1894
1895
0.7485696498018226 0.221572419862928 0
0.7427907509719864 0.2117929939651254 0
0.7348938079824371 0.2035204223648176 0
0.7264260988768181 0.1958249892859701 0
0.7178176301025383 0.1882862660023433 0
0.7093499210259721 0.1805908329414657 0
0.7014529780656026 0.1723182613498697 0
0.6956740792946735 0.1625388354770958 0
1 13 0 8
1896
1897
1898
1899
1900
1901
1902
1903
0.5392037839812618 0.1872575322276533 0
0.5390485300830312 0.1613452674993509 0
0.5337859102825523 0.1358414912083322 0
0.5269269620817567 0.1107101045821694 0
0.5196540667653274 0.08569391674978866 0
0.512795117874458 0.06056253042238545 0
0.507532498747706 0.03505875411275914 0
0.5073772455923961 0.009146489220092065 0
1 14 0 8
1904
1905
1906
1907
1908
1909
1910
1911
0.05330311740151229 0.008779746782017591 0
0.1123811231062211 0.007757588253576081 0
0.1714256054750821 0.005495742985710974 0
0.2304385168870953 0.00251173548831455 0
0.2894391323298733 -0.0007092245396077309 0
0.3484520434277714 -0.003693233143136181 0
0.4074965254471687 -0.005955077860656882 0
0.466574530842326 -0.006977236474813113 0
1 15 0 8
1912
1913
1914
1915
1916
1917
1918
1919
0.4919288998615508 0.1547514141121479 0
0.4241678294156026 0.156796032332505 0
0.3572094277572506 0.1685913861682422 0
0.2908254945414166 0.1833364739587365 0
0.2246149144589423 0.1988487776277815 0
0.1582309818252534 0.2135938663957436 0
0.09127257992276698 0.2253892167103366 0
0.02351151004479345 0.2274338350661544 0
1 16 0 8
1920
1921
1922
1923
1924
1925
1926
1927
0.6139893430335666 0.2846251251900225 0
0.602264122696252 0.2726092752156 0
0.5880895119063053 0.2634021486464639 0
0.5733241319519753 0.2551608400491329 0
0.5584175725958322 0.247175754283911 0
0.5436522488285773 0.2389344877426514 0
0.5294776386757382 0.2297273604941327 0
0.5177524181712962 0.2177115090265548 0
1 17 0 8
1928
1929
1930
1931
1932
1933
1934
1935
0.5476301170708427 0.2698594752727458 0
0.5035547542562707 0.3359528578179652 0
0.4466083318610239 0.3919936773708013 0
0.3862313211820402 0.444365968571767 0
0.3250045868726895 0.4957483977729663 0
0.2646275608183032 0.5481206708723287 0
0.2076811623886271 0.6041615143042758 0
0.1636057508566686 0.6702548682741334 0
1 18 0 8
1936
1937
1938
1939
1940
1941
1942
1943
-0.005069668693056365 0.1605294535071531 0
-0.004988679976257196 0.1414604169859719 0
-0.005148886489469868 0.1223918157132811 0
-0.005454452848052677 0.1033249113420256 0
-0.005808516275047557 0.08425882522559985 0
-0.006114082629810888 0.06519192094917471 0
-0.006274289179193025 0.04612330236167648 0
-0.006193300321126178 0.02705428349555442 0
1 19 0 8
1944
1945
1946
1947
1948
1949
1950
1951
-0.006926845896970278 0.6547329739681458 0
-0.006306320026680213 0.5953404249466382 0
-0.006300744087967995 0.5359444450899659 0
-0.006675939412959205 0.4765495082848847 0
-0.007179937061138001 0.4171554858587971 0
-0.007555132259617858 0.3577605495948852 0
-0.007549556299672914 0.2983645701086882 0
-0.006929030786861199 0.238972021262613 0
1 20 0 8
1952
1953
1954
1955
1956
1957
1958
1959
0.9924631015216314 0.1773935803253086 0
0.9645284071786382 0.1782461556986943 0
0.9370755353383452 0.18411996612173 0
0.9099783198157415 0.1914916673576979 0
0.8829879652705456 0.1992497614387485 0
0.8558907496786676 0.2066214620082953 0
0.8284378775283648 0.2124952705120852 0
0.8005031835292316 0.2133478382034242 0
1 21 0 8
1960
1961
1962
1963
1964
1965
1966
1967
1.005786014214766 0.2088603008174263 0
1.005449366003314 0.2198507733179604 0
1.005119784571354 0.2308414602830713 0
1.004794141033169 0.2418322619624796 0
1.004469851755323 0.2528231075821135 0
1.004144207618796 0.2638139104350364 0
1.003814626278362 0.2748045973305825 0
1.003477977762831 0.2857950697626774 0
1 22 0 8
1968
1969
1970
1971
1972
1973
1974
1975
0.7874155556026785 0.1997259528044937 0
0.7824899709625348 0.2052346540294729 0
0.7765001990880455 0.2096213030869155 0
0.7701620666609374 0.21349393039901 0
0.7636624279798963 0.2170904319250831 0
0.7570868932933038 0.2205467483296754 0
0.7505044719746294 0.2239899556241243 0
0.7440671022438901 0.2276922488145458 0
1 23 0 8
1976
1977
1978
1979
1980
1981
1982
1983
0.7279997139708591 0.2253128435171903 0
0.7102881363615409 0.2263484264211285 0
0.6935649386404844 0.2324550672916604 0
0.678134357727989 0.2413831908051143 0
0.6637240556688784 0.2518925060580913 0
0.6500366855681695 0.2633322467149777 0
0.636820177243267 0.2753148690543251 0
0.6238396782620325 0.2875536140250861 0
1 24 0 8
1984
1985
1986
1987
1988
1989
1990
1991
0.9931838033043037 0.2692975192574433 0
0.9595877923702457 0.2630726180383145 0
0.9252996015650666 0.2623752204512007 0
0.8910110666104409 0.2633775376697512 0
0.8567372978014104 0.2648231224312921 0
0.8224487621304248 0.2658254108658867 0
0.7881605706614615 0.2651280279614397 0
0.7545645651448388 0.2589031114387601 0
1 25 0 8
1992
1993
1994
1995
1996
1997
1998
1999
0.3328675134792438 0.7228017999745279 0
0.3989543985417862 0.6701482955809717 0
0.4669916083503372 0.6200213325743635 0
0.5350647525051723 0.569942852119389 0
0.6013229417222793 0.5175025169480889 0
0.663042233114008 0.459838143215745 0
0.7149151091527849 0.3933169254119264 0
0.7462159063394033 0.315297695093795 0
1 26 0 8
2000
2001
2002
2003
2004
2005
2006
2007
0.5633481442844099 0.3454224366166706 0
0.5183012531668447 0.3934884800257155 0
0.4757241351863117 0.4437558865668845 0
0.435638324334068 0.4960321832626344 0
0.3980396870305102 0.5501255345554351 0
0.3629022869403379 0.6058496396975193 0
0.3301820409215007 0.6630270873204646 0
0.2998209067218351 0.7214919177999379 0
1 27 0 8
2008
2009
2010
2011
2012
2013
2014
2015
1.001545441393859 0.3606149937566225 0
1.000773952226085 0.4244600035867684 0
1.000600358603568 0.4883096137642158 0
1.000792585514044 0.5521592898075423 0
1.001107738040275 0.6160085123453418 0
1.001299866467519 0.6798581838325686 0
1.001126344646165 0.7437077937012274 0
1.000354873700074 0.8075528037881627 0
1 28 0 8
2016
2017
2018
2019
2020
2021
2022
2023
0.1796608568767401 0.7171106874820443 0
0.1542197961799417 0.7151544140723239 0
0.1287614642694658 0.7184073103706192 0
0.103540963535877 0.723214033388542 0
0.07839864056825319 0.7284200750976187 0
0.05317814012485456 0.7332267987629431 0
0.02771980836120023 0.7364796952676609 0
0.002278747489529509 0.734523421698454 0
1 29 0 8
2024
2025
2026
2027
2028
2029
2030
2031
0.007134009531710473 0.973924399298469 0
0.005822797508326811 0.9414021889410776 0
0.003572959260773555 0.9089303344367509 0
0.0007932793669105044 0.876499024158772 0
-0.002157662017459394 0.8440826851876051 0
-0.004937341801271297 0.811651375170174 0
-0.007187179981562843 0.7791795209822229 0
-0.008498392186552847 0.7466573108141201 0
1 30 0 8
2032
2033
2034
2035
2036
2037
2038
2039
0.2692336345031495 0.7712068347249635 0
0.258883337702593 0.7663052947012599 0
0.2478410358314498 0.7631276783025137 0
0.2366453691680159 0.7605291316400705 0
0.2254145897820975 0.7580849219061121 0
0.2142189231906795 0.7554863752366416 0
0.2031766213209805 0.7523087590827801 0
0.1928263225496236 0.7474072228040437 0
1 31 0 8
2040
2041
2042
2043
2044
2045
2046
2047
0.2120597655178701 0.7599914135050964 0
0.2101965539959615 0.7932760655807224 0
0.2013731160274586 0.8256092814010695 0
0.1903505309803609 0.8572757677279438 0
0.1787585151141676 0.8887403861784622 0
0.1677359304783463 0.9204068724396313 0
0.1589124935680059 0.9527400883164933 0
0.1570492855601403 0.986024740105433 0
1 32 0 8
2048
2049
2050
2051
2052
2053
2054
2055
0.9619530168297805 0.7987102231756811 0
0.8683310304279982 0.7926893905940138 0
0.7746763676346495 0.8029191681600708 0
0.6816616535380041 0.8180417921447446 0
0.5888585848845 0.8344317761605364 0
0.495843870882814 0.8495543979204713 0
0.4021892088280667 0.8597841776832376 0
0.3085672226463536 0.8537633461069161 0
1 33 0 8
2056
2057
2058
2059
2060
2061
2062
2063
0.2872645290725351 0.8018955070248697 0
0.2821100070995097 0.8287444299213016 0
0.2707629701388234 0.8538177006746702 0
0.2575335882551413 0.8779677528956515 0
0.2438249486691328 0.9018513200140211 0
0.2305955669292849 0.9260013722407017 0
0.2192485234711127 0.9510746407406174 0
0.2140940002126199 0.9779235670758799 0
1 34 0 8
2064
2065
2066
2067
2068
2069
2070
2071
0.9990362237820877 0.8847956818122525 0
1.000547053137784 0.8981280177163475 0
1.00299483142041 0.9113225394446678 0
1.006016238150659 0.9243990474567081 0
1.009229696904124 0.9374301854370537 0
1.012251096788461 0.9505066929227742 0
1.014698884192698 0.963701209851102 0
1.016209799333376 0.9770335367069268 0
1 35 0 8
2072
2073
2074
2075
2076
2077
2078
2079
0.1597164371119609 1.007876148032372 0
0.1406326280290976 1.007278766390099 0
0.12154723503113 1.006734604795004 0
0.1024595713291749 1.006277523339375 0
0.08336941674745933 1.005941145945116 0
0.06427718734458804 1.005759324340976 0
0.04518412018506274 1.005765200137274 0
0.02609242625597699 1.005991686418384 0
1 36 0 8
2080
2081
2082
2083
2084
2085
2086
2087
0.2238373951125307 0.9988486047243911 0
0.2181092225097075 0.9995606664079055 0
0.2124644547296918 1.000771459698716 0
0.2069026065366397 1.002322528567828 0
0.2013829396387767 1.004019150625983 0
0.1958461493705489 1.005658407257803 0
0.1902423108775006 1.007048527310155 0
0.1845533387872193 1.00802922300493 0
1 37 0 8
2088
2089
2090
2091
2092
2093
2094
2095
0.9290542544936624 0.9882554936123795 0
0.8416110236317785 0.9871928280029126 0
0.7541612565159743 0.9870856588949816 0
0.6667140805386724 0.9877811008504491 0
0.5792746310708903 0.989141056754746 0
0.4918451062596489 0.9910373724265277 0
0.404425494003286 0.9933478326589515 0
0.317014108508824 0.9959521801247408 0
2 1 0 64
2096
2097
2098
2099
2100
2101
2102
2103
2104
2105
2106
2107
2108
2109
2110
2111
2112
2113
2114
2115
2116
2117
2118
2119
2120
2121
2122
2123
2124
2125
2126
2127
2128
2129
2130
2131
2132
2133
2134
2135
2136
2137
2138
2139
2140
2141
2142
2143
2144
2145
2146
2147
2148
2149
2150
2151
2152
2153
2154
2155
2156
2157
2158
2159
0.7938505327074036 0.008722658551516216 0
0.7907201516615497 0.02129292929230773 0
0.7914706733649943 0.03397728575405972 0
0.7934286939459745 0.04645880887914151 0
0.7956963535369244 0.05887097646410071 0
0.7976543763314201 0.07135249951098982 0
0.798404895101775 0.08403685626675171 0
0.7952745146554098 0.09660712729728717 0
0.8194622682950112 0.007979894668851746 0
0.8169286087801921 0.01894278806978727 0
0.8178575890474357 0.02999150943463652 0
0.8198798248809087 0.04085868668892022 0
0.8221847485373572 0.05166386987460744 0
0.8242069895285141 0.06253104705042101 0
0.8251359635323983 0.07357976896916237 0
0.8226023041245119 0.08454266256657224 0
0.8453356761935074 0.007697831599340954 0
0.8436684503678766 0.01796077111876905 0
0.8450457376671222 0.02828535145945045 0
0.8474018317124818 0.0384500386913577 0
0.850013604585137 0.0485601530223467 0
0.8523697067843209 0.05872484032626729 0
0.8537469844810536 0.06904942148050083 0
0.8520797582611006 0.07931236107765587 0
0.8712482765777926 0.007665213881181972 0
0.8704944995915063 0.01776501866358268 0
0.8723671572377133 0.02790470908794904 0
0.8751041436207163 0.03790634658233857 0
0.8780697913222464 0.04786085919932714 0
0.8808067888641087 0.05786249700509929 0
0.8826794335672934 0.06800218850225248 0
0.8819256556839424 0.07810199322871714 0
0.8971426200804848 0.007934396488246218 0
0.8972868313150735 0.01827701897275321 0
0.8996392971094818 0.02863961568782011 0
0.9027415999208016 0.03888613784203687 0
0.9060455438466872 0.04909300179342102 0
0.9091478608195561 0.05933952456554759 0
0.9115003103302002 0.06970212261225665 0
0.9116445201653732 0.08004474489591593 0
0.9229811770600115 0.008667753058521105 0
0.9239630910389305 0.01963069109197414 0
0.9267348322489276 0.03059540925797748 0
0.9301419057559597 0.04146615683818282 0
0.9337235992022048 0.05230472924702763 0
0.9371306898633242 0.06317547781408528 0
0.9399024114490868 0.0741401975701991 0
0.940884323527938 0.08510313524745081 0
0.9486921392707492 0.01010928788536204 0
0.950374254902384 0.02213515448559006 0
0.9534272870290289 0.03414662614145232 0
0.9570011389778377 0.04608637274261636 0
0.9607225926364064 0.05800144443597421 0
0.9642964647081426 0.06994119246604494 0
0.9673494738713374 0.08195266596996463 0
0.9690315871062197 0.09397853204643067 0
0.9740355061954377 0.01264710788981463 0
0.9760389599639845 0.02642036424137033 0
0.9789934927478121 0.04016620149387468 0
0.982354421669988 0.05386274823524616 0
0.9858359681570745 0.06754213680223049 0
0.9891969201029834 0.08123868552726032 0
0.9921514265908098 0.09498452488460904 0
0.9941548774773072 0.1087577805261538 0
2 2 0 64
2160
2161
2162
2163
2164
2165
2166
2167
2168
2169
2170
2171
2172
2173
2174
2175
2176
2177
2178
2179
2180
2181
2182
2183
2184
2185
2186
2187
2188
2189
2190
2191
2192
2193
2194
2195
2196
2197
2198
2199
2200
2201
2202
2203
2204
2205
2206
2207
2208
2209
2210
2211
2212
2213
2214
2215
2216
2217
2218
2219
2220
2221
2222
2223
0.6849557427828911 0.0107792094895821 0
0.6859472464469132 0.02890405710590749 0
0.6909126829405654 0.04640026089417471 0
0.6970836865740226 0.063498715769778 0
0.7035638798490856 0.08047925999945769 0
0.7097348830910717 0.09757771515504621 0
0.7147003197145489 0.1150739190405176 0
0.7156918229095297 0.1331987669770225 0
0.6955898919211356 0.01059585710687424 0
0.6962182262697972 0.02828377884506902 0
0.7008612068918456 0.04543911655330655 0
0.7067240691212162 0.06221842473382913 0
0.7128994887183415 0.07888498173880856 0
0.7187623505533691 0.09566429018780243 0
0.7234053313307288 0.1128196279848697 0
0.7240336653990416 0.1305075500432685 0
0.7062964122168465 0.01070043184088675 0
0.7066376211992256 0.02823657518022035 0
0.7110349534944169 0.04533874850102856 0
0.7166665924494281 0.0620868679890718 0
0.7226141782204665 0.07872744045975069 0
0.7282458167787671 0.09547556020660977 0
0.732643149255364 0.112577733609617 0
0.7329843581480061 0.1301138772728646 0
0.7170061331702049 0.01090381910367556 0
0.7170640009549718 0.02838038116665231 0
0.7212195128462207 0.04552229373836077 0
0.7266237638785631 0.06233218464941059 0
0.7323473527065665 0.07903974090948723 0
0.7377516033398563 0.09584963207030864 0
0.7419071154386383 0.1129915447181561 0
0.741964983324402 0.1304681071099415 0
0.7277152272262254 0.01113339931599747 0
0.7274892417923642 0.02857397597549659 0
0.7314024195990859 0.04577939965633306 0
0.7365787694485975 0.06267484723394778 0
0.7420778481996231 0.07947317437500463 0
0.747254197647736 0.09636862219350356 0
0.7511673756881172 0.1135740459445653 0
0.7509413905459889 0.1310146229380708 0
0.738424947997583 0.01133678659477528 0
0.7379156213912405 0.02871778197654275 0
0.7415869788189143 0.0459629449059383 0
0.7465359407705259 0.06292016390400622 0
0.7518110226032537 0.07978547483185733 0
0.7567599841511244 0.09674269406176525 0
0.7604313418385857 0.113987857055326 0
0.7599220157147093 0.1313688527759945 0
0.7491314682568581 0.01144136135145768 0
0.7483350162936444 0.02867057833100957 0
0.7517607254039299 0.04586257686956943 0
0.7564784640906506 0.06278860717174381 0
0.7615257121067608 0.07962793356187849 0
0.7662434503873733 0.0965539640862374 0
0.7696691597835401 0.1137459626823318 0
0.7688727084934049 0.1309751800044947 0
0.7597656173635053 0.0112580089139425 0
0.7586059960799933 0.02805030002842439 0
0.7617092493134496 0.044901432499533 0
0.7661188465907713 0.06150831611908428 0
0.7708613209236108 0.07803365529694706 0
0.7752709177919528 0.09464053912716899 0
0.7783741713367763 0.1114916716474377 0
0.7772145509150357 0.1282839631045551 0
2 3 0 64
2224
2225
2226
2227
2228
2229
2230
2231
2232
2233
2234
2235
2236
2237
2238
2239
2240
2241
2242
2243
2244
2245
2246
2247
2248
2249
2250
2251
2252
2253
2254
2255
2256
2257
2258
2259
2260
2261
2262
2263
2264
2265
2266
2267
2268
2269
2270
2271
2272
2273
2274
2275
2276
2277
2278
2279
2280
2281
2282
2283
2284
2285
2286
2287
0.5247590523069724 0.007908992491384405 0
0.5237965479837532 0.03146453421741009 0
0.5278096387505156 0.05456986509256657 0
0.5333753336389839 0.07729722105456323 0
0.5393433610031884 0.09990846235553243 0
0.5449090552272762 0.1226358186072418 0
0.5489221465999707 0.1457411494682091 0
0.5479596428683112 0.169296691078836 0
0.5436659884934374 0.008165821191139825 0
0.543218833998601 0.03095955625261666 0
0.5476179155382261 0.05326827002405103 0
0.5535243905071283 0.07519380431796197 0
0.5598211093603709 0.09700235518173937 0
0.5657275837007909 0.118927889764947 0
0.5701266657847849 0.1412366035364825 0
0.5696795117264788 0.1640303385376602 0
0.5626576125635424 0.008926499700790323 0
0.5628163614674624 0.03149767541535994 0
0.5676920318737366 0.05355174000946877 0
0.5740297719981604 0.07521761032997623 0
0.580745632912174 0.09676565477985288 0
0.587083372444602 0.118431525392114 0
0.5919590433339836 0.1404855900037207 0
0.5921177925190954 0.163056765714458 0
0.581650545483605 0.009847419595902575 0
0.5824166441900606 0.03236589868789116 0
0.5877703281177363 0.05433605853300142 0
0.5945407485242142 0.07591307302492596 0
0.6016771640136399 0.09737142816286215 0
0.6084475838646238 0.1189484429498994 0
0.6138012682141392 0.1409186028308677 0
0.6145673670464171 0.1634370819758759 0
0.6006420180615466 0.01081026524349183 0
0.6020139134244075 0.0333201824057159 0
0.6078440457394214 0.05525080216010125 0
0.6150455793728612 0.07678334217656253 0
0.6226009819445436 0.09819639170649994 0
0.6298025150589831 0.1197289320216673 0
0.6356326477345586 0.1416595518305209 0
0.6370045430678637 0.1641694691027149 0
0.619634949072849 0.01173118507449321 0
0.621614194487016 0.03418840562564443 0
0.6279223405799905 0.05603512064411388 0
0.6355565547543689 0.07747880484532071 0
0.6435325121609564 0.09880216507668738 0
0.6511667258528364 0.1202458495799594 0
0.6574748722451044 0.1420925646712572 0
0.6594541174743458 0.1645497853892303 0
0.638626575167051 0.01249186376277031 0
0.6412117237405421 0.03472652494708863 0
0.6479964584520546 0.05631859076646915 0
0.6560619375311987 0.07750261097222519 0
0.6644570367471072 0.0985654647675962 0
0.6725225153802394 0.1197494852778744 0
0.6793072503297843 0.14134155118748 0
0.6818923985630114 0.163576212595087 0
0.6575335113800553 0.01274869256661552 0
0.6606340098019569 0.03422154707687665 0
0.6678047353058844 0.05501699578284156 0
0.6762109944848232 0.07539919431079314 0
0.6849347852090782 0.09565935765924952 0
0.6933410439779032 0.1160415564913072 0
0.7005117696582998 0.1368370053017876 0
0.7036122675849078 0.158309860090437 0
2 4 0 64
2288
2289
2290
2291
2292
2293
2294
2295
2296
2297
2298
2299
2300
2301
2302
2303
2304
2305
2306
2307
2308
2309
2310
2311
2312
2313
2314
2315
2316
2317
2318
2319
2320
2321
2322
2323
2324
2325
2326
2327
2328
2329
2330
2331
2332
2333
2334
2335
2336
2337
2338
2339
2340
2341
2342
2343
2344
2345
2346
2347
2348
2349
2350
2351
0.04788917432425348 0.03208389782691785 0
0.0445191423141238 0.05670062450133799 0
0.04188095447297862 0.08128884406228851 0
0.03953654373296425 0.1058382817979372 0
0.03727808374412823 0.1303752991035938 0
0.03493367292178464 0.154924736976722 0
0.03229548638410995 0.1795129391484294 0
0.02892545328846265 0.2041296835306452 0
0.1059318714741503 0.03007879798763 0
0.1036254277798893 0.05488445733376842 0
0.1026054260933823 0.0796136722667241 0
0.1020439058552506 0.1042619604535249 0
0.1016097970412951 0.1288848433416901 0
0.1010482766468155 0.1535331316864606 0
0.100028275947883 0.1782623314152435 0
0.09772183163954436 0.2030680062209083 0
0.1638557196397139 0.02592245230278429 0
0.1625268133100452 0.04996374693369317 0
0.1630395636934698 0.07387786182786225 0
0.1641757388442248 0.09766863681223197 0
0.1654808481640606 0.1214209712202668 0
0.1666170230839406 0.1452117463788589 0
0.1671297741720827 0.169125848621901 0
0.1658008676663998 0.1931671560896793 0
0.2216897379736714 0.02080563276555262 0
0.2212775394899021 0.04383296502351047 0
0.2232620948759451 0.0666816645413545 0
0.2260350221871693 0.08936455373162783 0
0.2290184087098872 0.1119959578662642 0
0.2317913357154287 0.1346788472458968 0
0.2337758915465967 0.1575275367613107 0
0.2333636933012247 0.1805548791361708 0
0.2794942080377559 0.01539514041052094 0
0.2799806702528451 0.0373490919831277 0
0.2834189399634786 0.0590727874354361 0
0.2878105273147559 0.08058818892294581 0
0.2924540989514177 0.1020390588113536 0
0.296845685922123 0.1235544605030939 0
0.3002839558251895 0.1452781486244172 0
0.3007704186860694 0.1672321075708164 0
0.3373282261519222 0.01027831998930456 0
0.3387313963134184 0.03121830942269007 0
0.3436414711278933 0.05187658973303303 0
0.3496698107410117 0.07228410566082268 0
0.3559916596819629 0.09261404551020576 0
0.3620199988397018 0.1130215616573631 0
0.3669300735870171 0.1336798372854176 0
0.3683332448087156 0.1546198313726286 0
0.3952520739792836 0.006121974419386718 0
0.3976327815171757 0.02629759868128044 0
0.4040756084134204 0.04614077849527162 0
0.4118016434272663 0.06569078076296823 0
0.4198627105138499 0.08515017167454435 0
0.427588744997789 0.1047001741778612 0
0.4340315715440171 0.12454335186261 0
0.436412280580175 0.1447189781556718 0
0.4532947709095174 0.004116874516277266 0
0.4567390668617986 0.02448143147528629 0
0.4648000800125946 0.04446560668665448 0
0.4743090056285884 0.06411445943079537 0
0.4841944239904044 0.08365971595014703 0
0.4937033490024728 0.1033085689503984 0
0.5017643614873559 0.1232927442175945 0
0.5052086594093428 0.1436573009595025 0
2 5 0 64
2352
2353
2354
2355
2356
2357
2358
2359
2360
2361
2362
2363
2364
2365
2366
2367
2368
2369
2370
2371
2372
2373
2374
2375
2376
2377
2378
2379
2380
2381
2382
2383
2384
2385
2386
2387
2388
2389
2390
2391
2392
2393
2394
2395
2396
2397
2398
2399
2400
2401
2402
2403
2404
2405
2406
2407
2408
2409
2410
2411
2412
2413
2414
2415
0.9934977566643632 0.1277959771750436 0
0.9662738062176396 0.1122319148223491 0
0.936052449572357 0.1030786385343656 0
0.9047672285964696 0.09789020806814952 0
0.8730105936271885 0.09586600466892481 0
0.8411155801261467 0.09698477539927772 0
0.8095559880724676 0.1020237335945523 0
0.7801152791529067 0.1134685569431717 0
0.9933687431832741 0.1340447820177063 0
0.9660605164358139 0.1205975751184644 0
0.9361943483820576 0.1133858152217112 0
0.9054436108236166 0.1098273318124647 0
0.8742944986568004 0.1090822248044976 0
0.8430109882873709 0.1110343117200918 0
0.8119756101164533 0.1162222347190471 0
0.7827306084519926 0.1263725272556939 0
0.9933277563278194 0.1402597573024076 0
0.9660228823959607 0.1288937993954621 0
0.9366002125846851 0.1235876691526669 0
0.9064724458076436 0.1216229880951412 0
0.876019407262578 0.1221205579015246 0
0.8454359462146248 0.1248691991487226 0
0.8150132170808061 0.1301688130337869 0
0.7860517062066321 0.1389863505026582 0
0.99331827805868 0.146460880540727 0
0.9660454150381751 0.1371612353676346 0
0.9370950418739998 0.1337457284294038 0
0.907619068862335 0.1333598160012473 0
0.8778909340138892 0.135085004398198 0
0.8480363501052459 0.1386151134424847 0
0.8182550778465632 0.1440112936377086 0
0.7896057140065728 0.1514809237439302 0
0.9933176050847067 0.1526581073632584 0
0.9660843245419011 0.1454205558259483 0
0.9376138545975353 0.1438914343795901 0
0.9087972875763917 0.1450800468819856 0
0.8798016701803807 0.1480286053231842 0
0.8506835765519043 0.1523359282534002 0
0.8215513694402832 0.1578244141383106 0
0.7932217223980176 0.1639418769018944 0
0.9933081268171846 0.1588592305871234 0
0.9661068571869135 0.1536879917884235 0
0.9381086838909576 0.1540494936513532 0
0.9099439106365518 0.1568168747877552 0
0.8816731969385417 0.160993051824059 0
0.8532839804507585 0.1660818425557752 0
0.824793230215631 0.1716668947550608 0
0.7967757302088078 0.1764364501597827 0
0.9932671399649952 0.165074205831322 0
0.966069223152526 0.1619842160311024 0
0.9385145481007371 0.1642513475544164 0
0.9109727456292045 0.1686125310493403 0
0.8833981055543318 0.1740313849072142 0
0.8557089383894068 0.1799167299782836 0
0.8278308371928629 0.1856134730722381 0
0.8000968279781927 0.1890502734194235 0
0.9931381264845739 0.1713230106768554 0
0.9658559333719785 0.1703498763338881 0
0.9386564469128815 0.1745585242520162 0
0.9116491278601865 0.1805496548071016 0
0.8846820105892623 0.1872476050589836 0
0.8576043465574384 0.1939662663174841 0
0.8302504592450343 0.1998119742164473 0
0.8027121572864256 0.2019542437511667 0
2 6 0 64
2416
2417
2418
2419
2420
2421
2422
2423
2424
2425
2426
2427
2428
2429
2430
2431
2432
2433
2434
2435
2436
2437
2438
2439
2440
2441
2442
2443
2444
2445
2446
2447
2448
2449
2450
2451
2452
2453
2454
2455
2456
2457
2458
2459
2460
2461
2462
2463
2464
2465
2466
2467
2468
2469
2470
2471
2472
2473
2474
2475
2476
2477
2478
2479
0.7480108714923831 0.2175518733362445 0
0.7541889019561282 0.214110555569849 0
0.7605640801174448 0.2111650015082382 0
0.7669363036189807 0.2082929703484729 0
0.7732398847705078 0.2053169735501117 0
0.7793989774165322 0.2020711329041409 0
0.785242148660183 0.1982784262856573 0
0.790063797242149 0.1932146940668467 0
0.7426145053947826 0.207304938340106 0
0.7490209564546091 0.2039717287888241 0
0.7556854362712522 0.2013957784633257 0
0.7623515545747824 0.1989893827672705 0
0.7689570995023001 0.1965191971629547 0
0.7754369836771676 0.1937861555502147 0
0.7816366006067921 0.1904699271026003 0
0.7868579361853926 0.1857188347242494 0
0.7352162226376708 0.1984596003401732 0
0.7420029575451701 0.1950989918146935 0
0.7491097781390788 0.1927575055934819 0
0.756222918560028 0.1906819782605936 0
0.7632835972717679 0.1885830123877843 0
0.7702375126373102 0.186228223683655 0
0.7769468778896202 0.1832538516662731 0
0.782720202309432 0.1786811163203235 0
0.7272742444429263 0.190152671990114 0
0.7344768646559231 0.1867138384356855 0
0.7420618595751585 0.1845557716043933 0
0.7496578730491616 0.1827600764615818 0
0.7572095405891719 0.1809813051204275 0
0.7646733447181659 0.1789537515645982 0
0.7719283044192483 0.1762702394016435 0
0.7782891962080332 0.1718252143979644 0
0.7191977417548795 0.1819920832353462 0
0.7268244554969489 0.1784613850033233 0
0.7348958847113758 0.1764730282892319 0
0.7429830350840358 0.174943454328646 0
0.7510339560062612 0.1734711677705653 0
0.7590159134769121 0.1717571413172693 0
0.7668247285046219 0.1693507881690396 0
0.7737813855077365 0.165019873401386 0
0.711255763587348 0.173685154905233 0
0.719298362633283 0.1700762316447827 0
0.7278479661712242 0.1682712943203846 0
0.736417989595112 0.1670215525493735 0
0.7449598993437581 0.1658694605223304 0
0.7534517455759571 0.1644826692166968 0
0.7618061550504337 0.1623671759223608 0
0.7693503794203991 0.1581639714969089 0
0.7038574808579366 0.1648398169175622 0
0.7122803637504165 0.1612034946854358 0
0.7212723080643109 0.1596330214670843 0
0.7302893536042916 0.158714148060715 0
0.7392863971358095 0.1579332757665335 0
0.7482522745572771 0.1569247373708446 0
0.7571164323529269 0.1551511005081814 0
0.7652126455624659 0.1511262531170367 0
0.6984611148145657 0.1545928819477471 0
0.7071124182979199 0.1510646679299188 0
0.7163936642616959 0.1498637984459512 0
0.7257046045982082 0.1494105605012288 0
0.7350036119002253 0.1491354993988898 0
0.7442902808449803 0.1486397600342045 0
0.7535108843209259 0.14734260134031 0
0.7620067845213064 0.1436303937880984 0
2 7 0 64
2480
2481
2482
2483
2484
2485
2486
2487
2488
2489
2490
2491
2492
2493
2494
2495
2496
2497
2498
2499
2500
2501
2502
2503
2504
2505
2506
2507
2508
2509
2510
2511
2512
2513
2514
2515
2516
2517
2518
2519
2520
2521
2522
2523
2524
2525
2526
2527
2528
2529
2530
2531
2532
2533
2534
2535
2536
2537
2538
2539
2540
2541
2542
2543
0.7332504109948049 0.2178085457672949 0
0.7283305926296397 0.2109246847690335 0
0.7212675573433437 0.2057076602632236 0
0.7136322975449534 0.2011105998827825 0
0.7058563204972993 0.1966810351300158 0
0.6982210630210611 0.192083971498506 0
0.6911580278186078 0.1868669469068657 0
0.6862382095483937 0.1799830858981131 0
0.7154630979622697 0.2189441392252889 0
0.7098901865434761 0.2125559154075848 0
0.7021370695159208 0.2079852452390898 0
0.6938094955059645 0.2040783613427858 0
0.6853411579980651 0.2003501502539798 0
0.6770135925631529 0.1964432659658458 0
0.6692604756873728 0.1918725956294834 0
0.6636875643387325 0.1854843716614769 0
0.6984796143024589 0.2241217057647783 0
0.6920515219831124 0.2171192791279494 0
0.6834047084689387 0.2120782927632578 0
0.6741811051611341 0.2077446223742827 0
0.6648166802700662 0.2036007903325087 0
0.6555930923119513 0.1992671251743738 0
0.6469462790191578 0.1942261385669204 0
0.6405181867370331 0.1872237115945086 0
0.682653128775052 0.2316692009752286 0
0.6752228882762857 0.2235650859118538 0
0.665534387082638 0.2175631082611972 0
0.655266695461983 0.2123117918443675 0
0.6448581155861941 0.2072614598842255 0
0.6345904464569905 0.2020101555294686 0
0.624901945555375 0.1960081775643939 0
0.6174717050549803 0.1879040619603893 0
0.6677421818194034 0.2405921839350826 0
0.6591965161923807 0.2311642526446046 0
0.6483522741289905 0.2239776815628556 0
0.6369263895015462 0.2175850267079386 0
0.6253595433321317 0.2114044919749865 0
0.6139336886190163 0.205011856563486 0
0.6030894469190913 0.1978252850971497 0
0.5945437812470266 0.1883973530520108 0
0.6534774422833305 0.2503895692332921 0
0.6437334426301284 0.239577319263711 0
0.6316499865816901 0.231145248289562 0
0.6189823983695303 0.2235503232295239 0
0.6061737704879631 0.2161786509279634 0
0.593506219818202 0.2085837528424555 0
0.581422764205227 0.2001516814139561 0
0.5716787644602299 0.1893394304732388 0
0.6396357587080184 0.2608307053954155 0
0.6286418910191095 0.2487430285202262 0
0.6152673434047307 0.2391750603918104 0
0.6013061511657114 0.2304875086261124 0
0.5872038381228347 0.2220343464833523 0
0.5732426911808102 0.2133468289532952 0
0.5598681440742292 0.2037788603000434 0
0.5488742762446968 0.1916911822416594 0
0.6260877544185099 0.2720015705455944 0
0.6139081782491065 0.2591488264683114 0
0.5993072401368129 0.2489583050780603 0
0.5841171801737627 0.2396915585761525 0
0.5687859220444975 0.2306703320490532 0
0.5535959149593042 0.2214036257687863 0
0.5389949774265022 0.2112131037800128 0
0.5268154010702255 0.1983603583285559 0
2 8 0 64
2544
2545
2546
2547
2548
2549
2550
2551
2552
2553
2554
2555
2556
2557
2558
2559
2560
2561
2562
2563
2564
2565
2566
2567
2568
2569
2570
2571
2572
2573
2574
2575
2576
2577
2578
2579
2580
2581
2582
2583
2584
2585
2586
2587
2588
2589
2590
2591
2592
2593
2594
2595
2596
2597
2598
2599
2600
2601
2602
2603
2604
2605
2606
2607
0.9930493863412948 0.1878599214602247 0
0.9650900838726342 0.1882200141515923 0
0.9374851698172663 0.1936585447283644 0
0.9101966756384582 0.2006173699554398 0
0.8830048745237326 0.2079688912497832 0
0.8557163802017969 0.2149277126983554 0
0.8281114657998605 0.2203662431940049 0
0.8001521642062176 0.2207263273454835 0
0.9931239519986745 0.1981900179875412 0
0.9645059317545542 0.1979032778022891 0
0.936108638478051 0.2027532376364009 0
0.9079872483014895 0.2091464999794317 0
0.879952070207855 0.215938936486156 0
0.8518306798145814 0.2223321918502923 0
0.8234333861511876 0.2271821534932722 0
0.7948153673601873 0.226895403892841 0
0.993101134690267 0.208408976307507 0
0.9637017866976256 0.2073471811294612 0
0.9343887563048975 0.2114799385634644 0
0.9053110052190213 0.2171790175477671 0
0.8763089611252549 0.2232837564157215 0
0.847231209749399 0.2289828252151879 0
0.8179181789288612 0.2331155863510641 0
0.7885188329746204 0.2320537808872733 0
0.9930475248342637 0.2185771163783754 0
0.9628265860678831 0.2166815388212742 0
0.9325573673831052 0.2200381373066919 0
0.9024827867707997 0.2249840656841239 0
0.8724734047300571 0.2303421387176963 0
0.842398823754642 0.2352880537039954 0
0.8121296046009558 0.2386446577843785 0
0.781908668460374 0.23674906907375 0
0.9929791770646926 0.2287179482209528 0
0.9619180404848623 0.2259570438815555 0
0.9306739451095946 0.2285058125029276 0
0.899583840235195 0.232666912309131 0
0.8685484244195689 0.2372466406698028 0
0.8374583191089962 0.2414077238785654 0
0.8062142232236402 0.2439564999879366 0
0.7751530898579633 0.2411955836287758 0
0.9929021045253555 0.2388448582878518 0
0.9609922544075238 0.2352026201057126 0
0.928764730068249 0.2369274871633026 0
0.8966505459692202 0.2402876829537373 0
0.8645805409710543 0.2440729907062787 0
0.832466356362819 0.2474331666929827 0
0.80023883147224 0.2491580431315618 0
0.7683289851573502 0.2455157920642141 0
0.9928208033144666 0.2489703656826426 0
0.9600619026879659 0.24444530959092 0
0.9268506109460648 0.2453447849922413 0
0.8937120090706967 0.2479025863147775 0
0.8606070763189364 0.2508919829580726 0
0.8274684738613307 0.2534497612705916 0
0.7942571815269066 0.254349247945887 0
0.7614982852921539 0.2498241781035845 0
0.9927473802782486 0.2591213515997874 0
0.9591568222055402 0.2537430972050331 0
0.9249792450967699 0.2538469133499643 0
0.8908337173859283 0.2556320569408744 0
0.8567113508742373 0.2578552793916301 0
0.8225658225080714 0.259640396766562 0
0.7883882447656394 0.2597442260783211 0
0.7547976916725383 0.2543659570662535 0
2 9 0 64
2608
2609
2610
2611
2612
2613
2614
2615
2616
2617
2618
2619
2620
2621
2622
2623
2624
2625
2626
2627
2628
2629
2630
2631
2632
2633
2634
2635
2636
2637
2638
2639
2640
2641
2642
2643
2644
2645
2646
2647
2648
2649
2650
2651
2652
2653
2654
2655
2656
2657
2658
2659
2660
2661
2662
2663
2664
2665
2666
2667
2668
2669
2670
2671
-0.0004483327756908614 0.6773030576330253 0
0.02226232593807924 0.6779327944594924 0
0.04487608700698169 0.672866531676074 0
0.06721450723454162 0.6660976282486932 0
0.08946439551145101 0.6588902136771639 0
0.1118028160199423 0.6521213109273014 0
0.1344165771560547 0.647055047948749 0
0.1571272357447958 0.64768478464349 0
0.002880611323653453 0.6203405645775542 0
0.03110655953865104 0.6197577138158857 0
0.0591464943054002 0.612966611768138 0
0.08687350603972965 0.6043161171637521 0
0.1145013339171538 0.5951858219903357 0
0.1422283459694461 0.5865353280962324 0
0.1702682807635872 0.5797442254312298 0
0.1984942289399837 0.5791613745678321 0
0.006899688829752594 0.5643615898449417 0
0.04219065186110735 0.5637189789964288 0
0.07721188337316752 0.5563584832124011 0
0.1118828403469403 0.5469815963482236 0
0.1464439737058529 0.5370835196767665 0
0.1811149310432805 0.5277066335621927 0
0.2161361625508259 0.5203461367434788 0
0.25142712563648 0.5197035258280063 0
0.01090791289697055 0.5087405926896968 0
0.05370149988999637 0.5084591067126154 0
0.09614323928059532 0.5009515559829579 0
0.1381974453433278 0.4912706790884899 0
0.1801311991434051 0.481027227169493 0
0.2221854056179254 0.4713463510663046 0
0.2646271449743858 0.4638387988866498 0
0.3074207321163936 0.4635573128790866 0
0.0148823454030778 0.4532166638036849 0
0.06529089070679694 0.4534098053107585 0
0.1152658865088622 0.4458691094169341 0
0.1648161150407655 0.435998174036437 0
0.2142352658057831 0.4255232807257346 0
0.2637854947982338 0.4156523461788272 0
0.3137604905371247 0.4081116484202785 0
0.3641690360849642 0.408304789933808 0
0.01889056809414869 0.3975956653720671 0
0.07680173557901424 0.3981499296115867 0
0.1341972374727123 0.3904621766262813 0
0.1911307133063406 0.3802872490694812 0
0.2479224827252567 0.3694669783652493 0
0.3048559590675654 0.3592920516837146 0
0.3622514608684653 0.3516042964183739 0
0.4201626286921339 0.3521585607008274 0
0.02290964794788378 0.3416166932927448 0
0.08788583299743608 0.3421112001440039 0
0.1522626343950147 0.3338540561311671 0
0.2161400582273016 0.3229527390239911 0
0.2798651358870086 0.3113646895312278 0
0.343742560273668 0.3004633733386382 0
0.4081193615465418 0.2922062266283348 0
0.4730955470277976 0.2927007335572978 0
0.02623858702942183 0.2846541975436007 0
0.09673005601611852 0.2839361135175047 0
0.166533025529502 0.2739541269514597 0
0.2357990352861921 0.2611712153815101 0
0.3049020469641444 0.2476602820020104 0
0.3741680573122385 0.2348773713794113 0
0.4439710266610991 0.2248953816937788 0
0.5144624961659271 0.2241772977753834 0
2 10 0 64
2672
2673
2674
2675
2676
2677
2678
2679
2680
2681
2682
2683
2684
2685
2686
2687
2688
2689
2690
2691
2692
2693
2694
2695
2696
2697
2698
2699
2700
2701
2702
2703
2704
2705
2706
2707
2708
2709
2710
2711
2712
2713
2714
2715
2716
2717
2718
2719
2720
2721
2722
2723
2724
2725
2726
2727
2728
2729
2730
2731
2732
2733
2734
2735
0.5734391835983077 0.3324909447241977 0
0.5701448651278173 0.3230288896205231 0
0.5646331501220229 0.3162694973460241 0
0.5585802850510166 0.3104353121606636 0
0.5523979444651859 0.3048465665931278 0
0.5463451091709829 0.2990124145517347 0
0.5408333946660493 0.2922530216816113 0
0.5375390762360752 0.2827909657301858 0
0.5277567335732647 0.3823783076211054 0
0.5246193267105836 0.3750728657900476 0
0.5194615738183456 0.3703557670657476 0
0.5138117130361319 0.3665209997886664 0
0.5080442689221969 0.3629203128259838 0
0.502394431618444 0.3590855706262964 0
0.4972366791557745 0.3543684713987719 0
0.4940992721315176 0.3470630293728768 0
0.4829664128620694 0.4332085928411697 0
0.4782515527242736 0.42667464412034 0
0.4717046870302273 0.4226068769962731 0
0.4647142888230669 0.4193779334894744 0
0.4576181550247887 0.4163716098379029 0
0.450627778255277 0.4131426867483053 0
0.4440809129336161 0.4090749192252032 0
0.4393660523477455 0.4025409708972844 0
0.4400591305770464 0.4854647518358044 0
0.4330972674415413 0.4790604031727161 0
0.4244881802777246 0.4749965971511401 0
0.4154839067247337 0.4717278682315291 0
0.4063857162649346 0.4686702660841685 0
0.3973814637583138 0.4654015545035718 0
0.3887723769152171 0.4613377481924759 0
0.3818105130127621 0.4549334004791651 0
0.3992963358733065 0.5392497242137558 0
0.3897101846437213 0.5326576149699028 0
0.3786595683738748 0.5282786992800486 0
0.367261978385864 0.5246509993441321 0
0.3557822727661847 0.5212229178019407 0
0.3443847043632784 0.5175952329092175 0
0.3333340883656012 0.5132163170419841 0
0.3237479360319666 0.5066242092894667 0
0.3608293089577148 0.5945996365512044 0
0.3484366608825952 0.5877472994018725 0
0.33476132246669 0.5829804200663625 0
0.320787156678246 0.5789208702483846 0
0.3067426676707378 0.5750494273029736 0
0.2927685244555057 0.5709898904110999 0
0.2790931862647258 0.5662230110109473 0
0.2667005367396635 0.5593706758909974 0
0.3248836576955921 0.6516303776165221 0
0.3097990917197227 0.6447682535301481 0
0.2936141864683216 0.6398652234902844 0
0.2771786312649424 0.635625735130417 0
0.2606845482485043 0.6315628562351572 0
0.2442490163251465 0.6273233780674019 0
0.2280641112508947 0.6224203480735411 0
0.2129795434847645 0.615558226566577 0
0.2923788753107866 0.7108486798884555 0
0.2757907701524069 0.7049674284948496 0
0.2582904524816443 0.7009246275598541 0
0.2405879340979946 0.6975020713064972 0
0.2228387021063586 0.6942447096168102 0
0.2051362047980961 0.690822158387714 0
0.1876358872469071 0.6867793576008371 0
0.1710477800159898 0.6808981093827909 0
2 11 0 64
2736
2737
2738
2739
2740
2741
2742
2743
2744
2745
2746
2747
2748
2749
2750
2751
2752
2753
2754
2755
2756
2757
2758
2759
2760
2761
2762
2763
2764
2765
2766
2767
2768
2769
2770
2771
2772
2773
2774
2775
2776
2777
2778
2779
2780
2781
2782
2783
2784
2785
2786
2787
2788
2789
2790
2791
2792
2793
2794
2795
2796
2797
2798
2799
0.9940661219786314 0.3303772948527041 0
0.9601150795032898 0.3267818453080911 0
0.9255706614835058 0.3299122903100584 0
0.8910984053446931 0.3350967873906216 0
0.8566629336135467 0.3408159184516869 0
0.8221906768199265 0.3460003896783441 0
0.7876462582852666 0.3491308479773364 0
0.7536952205128722 0.3455353848780967 0
0.9924324230302783 0.3908859620752863 0
0.954273180980812 0.3892486326578433 0
0.9156037122199067 0.3955341807726786 0
0.8770780226591963 0.404228348008576 0
0.8386110312283361 0.4135485960629162 0
0.8000853410917717 0.4222427403812952 0
0.7614158719689994 0.4285283004066387 0
0.7232566339921631 0.4268909592003386 0
0.989308478793111 0.4502529887788742 0
0.944520506001348 0.4492600337890765 0
0.8992957476953147 0.4573839091421195 0
0.8542859196066042 0.4682713384166948 0
0.8093566656113446 0.4798764315523162 0
0.7643468370367406 0.4907638408574826 0
0.7191220785246131 0.4988877267331262 0
0.6743341092271236 0.497894761752786 0
0.9855426058185509 0.5087411545747725 0
0.9329584051894634 0.5073807393994334 0
0.8800061571969627 0.5163278523654301 0
0.8273397504998218 0.5283934629650013 0
0.7747757710873839 0.5412683545707906 0
0.7221093639996068 0.5533339481558081 0
0.6691571159580877 0.5622810702564991 0
0.6165729182701289 0.5609206469125969 0
0.9814393848911044 0.5667115004105298 0
0.9205260819714099 0.5643867985477311 0
0.8593113119801867 0.5735581509524376 0
0.7984531766857701 0.5862028749982408 0
0.7377193089964198 0.5997484979644035 0
0.6768611734090348 0.6123932079538635 0
0.6156464035264461 0.6215645681056521 0
0.5547331030063244 0.6192398599098458 0
0.9770460566080378 0.6244484949589595 0
0.9076102651019848 0.6208895864588528 0
0.8379388020905165 0.6300142328863181 0
0.7686947233025544 0.6429670805407077 0
0.6995967474144145 0.656912442048793 0
0.6303526684320263 0.6698652786064603 0
0.5606812056870534 0.6789899313935782 0
0.4912454160432333 0.6754310184020929 0
0.9723267653105002 0.6821902357868881 0
0.8944143761396994 0.6774026671264974 0
0.8163322986221841 0.6864861742674594 0
0.7387483662625852 0.6997527128784125 0
0.6613323735924476 0.7141033802716914 0
0.5837484411367578 0.7273699107455124 0
0.5056663640435513 0.7364534228586951 0
0.427753976196634 0.7316658515484282 0
0.9672612237612689 0.7401779161292623 0
0.881163486105848 0.7344508967841649 0
0.7949632273868315 0.7437835655864717 0
0.7093319424952297 0.7576541415308128 0
0.6238904421545579 0.7727004638205961 0
0.5382591572638856 0.7865710345858651 0
0.4520588991266825 0.795903706972773 0
0.3659611622504276 0.7901766868127836 0
2 12 0 64
2800
2801
2802
2803
2804
2805
2806
2807
2808
2809
2810
2811
2812
2813
2814
2815
2816
2817
2818
2819
2820
2821
2822
2823
2824
2825
2826
2827
2828
2829
2830
2831
2832
2833
2834
2835
2836
2837
2838
2839
2840
2841
2842
2843
2844
2845
2846
2847
2848
2849
2850
2851
2852
2853
2854
2855
2856
2857
2858
2859
2860
2861
2862
2863
0.1415066431725641 0.9824427941209353 0
0.1442939656363295 0.9472809005475794 0
0.1532075723485828 0.9129695718770735 0
0.164031304749489 0.8792581417831113 0
0.1753459860857884 0.8457287020298565 0
0.1861697188646644 0.8120172719069085 0
0.1950833265281903 0.7777059433233253 0
0.1978706521199658 0.7425440495048028 0
0.1245183715595389 0.9808266187411567 0
0.1265763075933518 0.9458668476414189 0
0.1338725532679625 0.9116567778136436 0
0.1427724032686192 0.8779763192505858 0
0.1520800181819749 0.8444568683579817 0
0.160979868527183 0.8107764098024457 0
0.1682761150423435 0.7765663400906033 0
0.170334053787482 0.7416065687996777 0
0.1075361240524987 0.9798186556993028 0
0.1088628569896714 0.9456381706827399 0
0.1145369580075575 0.9121077595632691 0
0.1215071173779711 0.8790365689950671 0
0.1288015795604085 0.8461053520955889 0
0.1357717392418429 0.8130341615709109 0
0.1414458409891846 0.779503750595637 0
0.1427725762196083 0.7453232654446781 0
0.09057815708101415 0.9790563054182025 0
0.09120050519490011 0.9458190319375647 0
0.09527917137553443 0.9131326316026622 0
0.1003462932450289 0.880835084100509 0
0.1056542396510829 0.8486564773126561 0
0.1107213617980313 0.8163589298898584 0
0.1148000285969653 0.7836725297271842 0
0.115422378586065 0.7504352561697003 0
0.07362650114518483 0.9784447842027194 0
0.07355347557062082 0.9461818560863429 0
0.07604571939073015 0.9143706826790161 0
0.07921881025237319 0.8828779996461461 0
0.08254924548666991 0.8514832248385202 0
0.0857223365921892 0.819990541920804 0
0.08821458091942598 0.7881793687136921 0
0.08814155680206899 0.7559164405781642 0
0.05666446000520536 0.9779279097624255 0
0.0558875596999063 0.9465774431606132 0
0.05678488097510009 0.9155794466801315 0
0.05805544702381826 0.8848295659011391 0
0.05939987926217341 0.8541565594083871 0
0.06067044552120039 0.8234066787804137 0
0.06156776719236489 0.7924086825282227 0
0.06079086792623851 0.7610582159646693 0
0.03967536368993214 0.9774104681563545 0
0.03816811763361621 0.9467778413556043 0
0.03744415554706146 0.9163978897746625 0
0.03678589301266828 0.8861956492846808 0
0.03611803474627569 0.8560492471116647 0
0.03545977238865976 0.8258470068087702 0
0.03473581058698068 0.7954670554844736 0
0.03322856515176735 0.7648344287784929 0
0.02268005296183934 0.9765290152378515 0
0.02044430133767432 0.9460064741852428 0
0.01810386384821153 0.9156354937885478 0
0.01552260556830481 0.8853719163520318 0
0.01284856778476118 0.8551431916141659 0
0.01026730964821254 0.8248796144013453 0
0.007926872332901489 0.7945086342904388 0
0.005691120913159658 0.7639860933861585 0
2 13 0 64
2864
2865
2866
2867
2868
2869
2870
2871
2872
2873
2874
2875
2876
2877
2878
2879
2880
2881
2882
2883
2884
2885
2886
2887
2888
2889
2890
2891
2892
2893
2894
2895
2896
2897
2898
2899
2900
2901
2902
2903
2904
2905
2906
2907
2908
2909
2910
2911
2912
2913
2914
2915
2916
2917
2918
2919
2920
2921
2922
2923
2924
2925
2926
2927
0.2083541218350089 0.9774018590402688 0
0.2138885549257512 0.949383432866809 0
0.2257000994732942 0.9230515171031549 0
0.2394274638358983 0.8976157546527418 0
0.2536435636823233 0.8724396872077567 0
0.267370928219849 0.8470039247534366 0
0.2791824670552585 0.8206720069811879 0
0.2847168993250169 0.7926535838826216 0
0.201799149360786 0.9779687244310904 0
0.2068314805946231 0.9492694754973594 0
0.2182267284780909 0.9221640472949186 0
0.23157346320629 0.8959258671229602 0
0.2454190947519226 0.8699400972468425 0
0.258765829684642 0.843701917063118 0
0.2701610727089842 0.8165964871123066 0
0.2751934036699032 0.7878972408309715 0
0.1952448083320062 0.9791649140603451 0
0.1996881203501755 0.9499221184886103 0
0.21057983875643 0.9221810692652582 0
0.2234587504448677 0.8952783644003826 0
0.2368467377062617 0.8686207777111883 0
0.2497256496285164 0.8417180728272675 0
0.2606173640311566 0.8139770221154409 0
0.2650606763301517 0.7847342287654676 0
0.1887483236819683 0.980726732115912 0
0.1925761231986005 0.9509671569508362 0
0.2029376807262551 0.9226173935278978 0
0.2153221330147129 0.8950770774892478 0
0.2282258401242985 0.8677745876785492 0
0.2406102926757625 0.840234271613689 0
0.2509718470556758 0.8118845069620506 0
0.2547996474083616 0.7821249335866189 0
0.1822858289981829 0.9824350546090815 0
0.185489449098224 0.9521596823054591 0
0.1953121317002522 0.9232021885753202 0
0.2071934081310994 0.8950252443106557 0
0.2196041185685974 0.867078834030925 0
0.2314853952916044 0.8389018897328899 0
0.2413080756018642 0.8099443950338314 0
0.2445116970936608 0.7796690240876615 0
0.1758117466798384 0.9840757410844556 0
0.1783970445644784 0.9532736990097711 0
0.18768674130918 0.9236975406394408 0
0.1990707325858073 0.8948730295077889 0
0.2109943370986437 0.8662717596458356 0
0.2223783286966086 0.8374472484736055 0
0.231668024005447 0.8078710893941996 0
0.2342533238372243 0.7770690482453536 0
0.169293996079394 0.9854323056599096 0
0.171285685444714 0.9540666057890319 0
0.1800672387999165 0.9238345929514735 0
0.1909787919890522 0.8943253130813403 0
0.2024401371767791 0.8650319808207525 0
0.21335169071653 0.835522700902675 0
0.222133243491437 0.8052906876160768 0
0.2241249353578912 0.7739249882414309 0
0.1627740659087981 0.9862394111990918 0
0.1642592578512839 0.9541627626219364 0
0.1726200960389458 0.9231269290324016 0
0.1831466002583986 0.8927849075135362 0
0.1942330578892137 0.8626515466544914 0
0.2047595624888627 0.8323095250796928 0
0.2131204009492967 0.8012736913015521 0
0.2146055959412284 0.7691970427996706 0
2 14 0 64
2928
2929
2930
2931
2932
2933
2934
2935
2936
2937
2938
2939
2940
2941
2942
2943
2944
2945
2946
2947
2948
2949
2950
2951
2952
2953
2954
2955
2956
2957
2958
2959
2960
2961
2962
2963
2964
2965
2966
2967
2968
2969
2970
2971
2972
2973
2974
2975
2976
2977
2978
2979
2980
2981
2982
2983
2984
2985
2986
2987
2988
2989
2990
2991
0.9590402044475702 0.8193848825003825 0
0.8685299548122392 0.8135337266315895 0
0.7779951964798502 0.8222827206737116 0
0.6880319741438163 0.8354833576235721 0
0.5982584482873673 0.8498863276647334 0
0.5082971317791005 0.8632164831393557 0
0.4177656305983011 0.872226233082724 0
0.3272588224133243 0.8667705845638135 0
0.9549022235943098 0.84085075189445 0
0.8650838676820041 0.8358360225616372 0
0.7752439262105817 0.8437141935623201 0
0.6859043530015821 0.8555873257319627 0
0.5967317065107393 0.8685954817625062 0
0.507396010067811 0.8807322237249832 0
0.4175626927913881 0.8891411058329913 0
0.3277513341965599 0.8849313469408071 0
0.9509302571768946 0.8620371638937343 0
0.8610070023276336 0.8576712172810192 0
0.7710633487048071 0.8644827915273332 0
0.6815484662784362 0.8748305566679834 0
0.5921776233052184 0.8862457289122124 0
0.5026685968416335 0.8969918006168875 0
0.4127349483156183 0.9046052601747098 0
0.3228222605670513 0.9014555960238962 0
0.9472720764257978 0.8830236896200149 0
0.8569677710039408 0.8792155262757775 0
0.7666436501649037 0.8848686250090779 0
0.6766766378472744 0.8935989502680869 0
0.5868307635891823 0.9033290374081904 0
0.4968715869930709 0.912592419302124 0
0.4065608530264455 0.9193186848490379 0
0.3162706851626597 0.917138278724337 0
0.9437351603842392 0.9039420369412008 0
0.8529742525429694 0.900666701048111 0
0.7621939474819722 0.9051362099329301 0
0.6716990737440036 0.9122239498296362 0
0.5813024339020114 0.9202438018333878 0
0.4908173757033084 0.9279993565703873 0
0.4000538393675374 0.9338133301457262 0
0.3093106395552651 0.9325772510637521 0
0.9400769737783348 0.9249285618480861 0
0.8489350160770505 0.9222110093190982 0
0.7577742445139073 0.9255220428755568 0
0.6668272416025458 0.9309923430990265 0
0.5759555711947416 0.9373271102105581 0
0.4850203635812756 0.9435999753382519 0
0.3938797425187864 0.9485267550733064 0
0.3027590633036933 0.94825993409179 0
0.9361050151375887 0.9461149689144815 0
0.844858156653452 0.9440461994334511 0
0.7535936710888873 0.9462906366660058 0
0.662471357114136 0.9502355703182236 0
0.5714014883792627 0.9549773541052011 0
0.4802929488990023 0.9598595494248413 0
0.3890519947366992 0.9639909070240812 0
0.2978299845217538 0.9647841810873862 0
0.9319671104063333 0.9675808312778862 0
0.8414121359864123 0.9663484896675759 0
0.7508424576030269 0.9677221050165218 0
0.6603437830667224 0.9703395349984679 0
0.5698747840062937 0.9736865058777144 0
0.4793918549029835 0.9773752888092643 0
0.3888490749656083 0.9809057797593814 0
0.2983225046823497 0.9829449448272406 0
$EndNodes
$Elements
1850 3266 1 3266
0 1 15 1
1 1 
0 2 15 1
2 2 
0 3 15 1
3 3 
0 4 15 1
4 4 
0 5 15 1
5 5 
0 6 15 1
6 6 
0 7 15 1
7 7 
0 8 15 1
8 8 
0 9 15 1
9 9 
0 10 15 1
10 10 
0 11 15 1
11 11 
0 12 15 1
12 12 
0 13 15 1
13 13 
0 14 15 1
14 14 
0 15 15 1
15 15 
0 16 15 1
16 16 
0 17 15 1
17 17 
0 18 15 1
18 18 
0 19 15 1
19 19 
0 20 15 1
20 20 
0 21 15 1
21 21 
0 22 15 1
22 22 
0 23 15 1
23 23 
0 24 15 1
24 24 
0 25 15 1
25 25 
0 26 15 1
26 26 
0 27 15 1
27 27 
0 28 15 1
28 28 
0 29 15 1
29 29 
0 30 15 1
30 30 
0 31 15 1
31 31 
0 32 15 1
32 32 
0 33 15 1
33 33 
0 34 15 1
34 34 
0 35 15 1
35 35 
0 36 15 1
36 36 
0 37 15 1
37 37 
0 38 15 1
38 38 
0 39 15 1
39 39 
0 40 15 1
40 40 
0 41 15 1
41 41 
0 42 15 1
42 42 
0 43 15 1
43 43 
0 44 15 1
44 44 
0 45 15 1
45 45 
0 46 15 1
46 46 
0 47 15 1
47 47 
0 48 15 1
48 48 
0 49 15 1
49 49 
0 50 15 1
50 50 
0 51 15 1
51 51 
0 52 15 1
52 52 
0 53 15 1
53 53 
0 54 15 1
54 54 
0 55 15 1
55 55 
0 56 15 1
56 56 
0 57 15 1
57 57 
0 58 15 1
58 58 
0 59 15 1
59 59 
0 60 15 1
60 60 
0 61 15 1
61 61 
0 62 15 1
62 62 
0 63 15 1
63 63 
0 64 15 1
64 64 
0 65 15 1
65 65 
0 66 15 1
66 66 
0 67 15 1
67 67 
0 68 15 1
68 68 
0 69 15 1
69 69 
0 70 15 1
70 70 
0 71 15 1
71 71 
0 72 15 1
72 72 
0 73 15 1
73 73 
0 74 15 1
74 74 
0 75 15 1
75 75 
0 76 15 1
76 76 
0 77 15 1
77 77 
0 78 15 1
78 78 
0 79 15 1
79 79 
0 80 15 1
80 80 
0 81 15 1
81 81 
0 82 15 1
82 82 
0 83 15 1
83 83 
0 84 15 1
84 84 
0 85 15 1
85 85 
0 86 15 1
86 86 
0 87 15 1
87 87 
0 88 15 1
88 88 
0 89 15 1
89 89 
0 90 15 1
90 90 
0 91 15 1
91 91 
0 92 15 1
92 92 
0 93 15 1
93 93 
0 94 15 1
94 94 
0 95 15 1
95 95 
0 96 15 1
96 96 
0 97 15 1
97 97 
0 98 15 1
98 98 
0 99 15 1
99 99 
0 100 15 1
100 100 
0 101 15 1
101 101 
0 102 15 1
102 102 
0 103 15 1
103 103 
0 104 15 1
104 104 
0 105 15 1
105 105 
0 106 15 1
106 106 
0 107 15 1
107 107 
0 108 15 1
108 108 
0 109 15 1
109 109 
0 110 15 1
110 110 
0 111 15 1
111 111 
0 112 15 1
112 112 
0 113 15 1
113 113 
0 114 15 1
114 114 
0 115 15 1
115 115 
0 116 15 1
116 116 
0 117 15 1
117 117 
0 118 15 1
118 118 
0 119 15 1
119 119 
0 120 15 1
120 120 
0 121 15 1
121 121 
0 122 15 1
122 122 
0 123 15 1
123 123 
0 124 15 1
124 124 
0 125 15 1
125 125 
0 126 15 1
126 126 
0 127 15 1
127 127 
0 128 15 1
128 128 
0 129 15 1
129 129 
0 130 15 1
130 130 
0 131 15 1
131 131 
0 132 15 1
132 132 
0 133 15 1
133 133 
0 134 15 1
134 134 
0 135 15 1
135 135 
0 136 15 1
136 136 
0 137 15 1
137 137 
0 138 15 1
138 138 
0 139 15 1
139 139 
0 140 15 1
140 140 
0 141 15 1
141 141 
0 142 15 1
142 142 
0 143 15 1
143 143 
0 144 15 1
144 144 
0 145 15 1
145 145 
0 146 15 1
146 146 
0 147 15 1
147 147 
0 148 15 1
148 148 
0 149 15 1
149 149 
0 150 15 1
150 150 
0 151 15 1
151 151 
0 152 15 1
152 152 
0 153 15 1
153 153 
0 154 15 1
154 154 
0 155 15 1
155 155 
0 156 15 1
156 156 
0 157 15 1
157 157 
0 158 15 1
158 158 
0 159 15 1
159 159 
0 160 15 1
160 160 
0 161 15 1
161 161 
0 162 15 1
162 162 
0 163 15 1
163 163 
0 164 15 1
164 164 
0 165 15 1
165 165 
0 166 15 1
166 166 
0 167 15 1
167 167 
0 168 15 1
168 168 
0 169 15 1
169 169 
0 170 15 1
170 170 
0 171 15 1
171 171 
0 172 15 1
172 172 
0 173 15 1
173 173 
0 174 15 1
174 174 
0 175 15 1
175 175 
0 176 15 1
176 176 
0 177 15 1
177 177 
0 178 15 1
178 178 
0 179 15 1
179 179 
0 180 15 1
180 180 
0 181 15 1
181 181 
0 182 15 1
182 182 
0 183 15 1
183 183 
0 184 15 1
184 184 
0 185 15 1
185 185 
0 186 15 1
186 186 
0 187 15 1
187 187 
0 188 15 1
188 188 
0 189 15 1
189 189 
0 190 15 1
190 190 
0 191 15 1
191 191 
0 192 15 1
192 192 
0 193 15 1
193 193 
0 194 15 1
194 194 
0 195 15 1
195 195 
0 196 15 1
196 196 
0 197 15 1
197 197 
0 198 15 1
198 198 
0 199 15 1
199 199 
0 200 15 1
200 200 
0 201 15 1
201 201 
0 202 15 1
202 202 
0 203 15 1
203 203 
0 204 15 1
204 204 
0 205 15 1
205 205 
0 206 15 1
206 206 
0 207 15 1
207 207 
0 208 15 1
208 208 
0 209 15 1
209 209 
0 210 15 1
210 210 
0 211 15 1
211 211 
0 212 15 1
212 212 
0 213 15 1
213 213 
0 214 15 1
214 214 
0 215 15 1
215 215 
0 216 15 1
216 216 
0 217 15 1
217 217 
0 218 15 1
218 218 
0 219 15 1
219 219 
0 220 15 1
220 220 
0 221 15 1
221 221 
0 222 15 1
222 222 
0 223 15 1
223 223 
0 224 15 1
224 224 
0 225 15 1
225 225 
0 226 15 1
226 226 
0 227 15 1
227 227 
0 228 15 1
228 228 
0 229 15 1
229 229 
0 230 15 1
230 230 
0 231 15 1
231 231 
0 232 15 1
232 232 
0 233 15 1
233 233 
0 234 15 1
234 234 
0 235 15 1
235 235 
0 236 15 1
236 236 
0 237 15 1
237 237 
0 238 15 1
238 238 
0 239 15 1
239 239 
0 240 15 1
240 240 
0 241 15 1
241 241 
0 242 15 1
242 242 
0 243 15 1
243 243 
0 244 15 1
244 244 
0 245 15 1
245 245 
0 246 15 1
246 246 
0 247 15 1
247 247 
0 248 15 1
248 248 
0 249 15 1
249 249 
0 250 15 1
250 250 
0 251 15 1
251 251 
0 252 15 1
252 252 
0 253 15 1
253 253 
0 254 15 1
254 254 
0 255 15 1
255 255 
0 256 15 1
256 256 
0 257 15 1
257 257 
0 258 15 1
258 258 
0 259 15 1
259 259 
0 260 15 1
260 260 
0 261 15 1
261 261 
0 262 15 1
262 262 
0 263 15 1
263 263 
0 264 15 1
264 264 
0 265 15 1
265 265 
0 266 15 1
266 266 
0 267 15 1
267 267 
0 268 15 1
268 268 
0 269 15 1
269 269 
0 270 15 1
270 270 
0 271 15 1
271 271 
0 272 15 1
272 272 
0 273 15 1
273 273 
0 274 15 1
274 274 
0 275 15 1
275 275 
0 276 15 1
276 276 
0 277 15 1
277 277 
0 278 15 1
278 278 
0 279 15 1
279 279 
0 280 15 1
280 280 
0 281 15 1
281 281 
0 282 15 1
282 282 
0 283 15 1
283 283 
0 284 15 1
284 284 
0 285 15 1
285 285 
0 286 15 1
286 286 
0 287 15 1
287 287 
0 288 15 1
288 288 
0 289 15 1
289 289 
0 290 15 1
290 290 
0 291 15 1
291 291 
0 292 15 1
292 292 
0 293 15 1
293 293 
0 294 15 1
294 294 
0 295 15 1
295 295 
0 296 15 1
296 296 
0 297 15 1
297 297 
0 298 15 1
298 298 
0 299 15 1
299 299 
0 300 15 1
300 300 
0 301 15 1
301 301 
0 302 15 1
302 302 
0 303 15 1
303 303 
0 304 15 1
304 304 
0 305 15 1
305 305 
0 306 15 1
306 306 
0 307 15 1
307 307 
0 308 15 1
308 308 
0 309 15 1
309 309 
0 310 15 1
310 310 
0 311 15 1
311 311 
0 312 15 1
312 312 
0 313 15 1
313 313 
0 314 15 1
314 314 
0 315 15 1
315 315 
0 316 15 1
316 316 
0 317 15 1
317 317 
0 318 15 1
318 318 
0 319 15 1
319 319 
0 320 15 1
320 320 
0 321 15 1
321 321 
0 322 15 1
322 322 
0 323 15 1
323 323 
0 324 15 1
324 324 
0 325 15 1
325 325 
0 326 15 1
326 326 
0 327 15 1
327 327 
0 328 15 1
328 328 
0 329 15 1
329 329 
0 330 15 1
330 330 
0 331 15 1
331 331 
0 332 15 1
332 332 
0 333 15 1
333 333 
0 334 15 1
334 334 
0 335 15 1
335 335 
0 336 15 1
336 336 
0 337 15 1
337 337 
0 338 15 1
338 338 
0 339 15 1
339 339 
0 340 15 1
340 340 
0 341 15 1
341 341 
0 342 15 1
342 342 
0 343 15 1
343 343 
0 344 15 1
344 344 
0 345 15 1
345 345 
0 346 15 1
346 346 
0 347 15 1
347 347 
0 348 15 1
348 348 
0 349 15 1
349 349 
0 350 15 1
350 350 
0 351 15 1
351 351 
0 352 15 1
352 352 
0 353 15 1
353 353 
0 354 15 1
354 354 
0 355 15 1
355 355 
0 356 15 1
356 356 
0 357 15 1
357 357 
0 358 15 1
358 358 
0 359 15 1
359 359 
0 360 15 1
360 360 
0 361 15 1
361 361 
0 362 15 1
362 362 
0 363 15 1
363 363 
0 364 15 1
364 364 
0 365 15 1
365 365 
0 366 15 1
366 366 
0 367 15 1
367 367 
0 368 15 1
368 368 
0 369 15 1
369 369 
0 370 15 1
370 370 
0 371 15 1
371 371 
0 372 15 1
372 372 
0 373 15 1
373 373 
0 374 15 1
374 374 
0 375 15 1
375 375 
0 376 15 1
376 376 
0 377 15 1
377 377 
0 378 15 1
378 378 
0 379 15 1
379 379 
0 380 15 1
380 380 
0 381 15 1
381 381 
0 382 15 1
382 382 
0 383 15 1
383 383 
0 384 15 1
384 384 
0 385 15 1
385 385 
0 386 15 1
386 386 
0 387 15 1
387 387 
0 388 15 1
388 388 
0 389 15 1
389 389 
0 390 15 1
390 390 
0 391 15 1
391 391 
0 392 15 1
392 392 
0 393 15 1
393 393 
0 394 15 1
394 394 
0 395 15 1
395 395 
0 396 15 1
396 396 
0 397 15 1
397 397 
0 398 15 1
398 398 
0 399 15 1
399 399 
0 400 15 1
400 400 
0 401 15 1
401 401 
0 402 15 1
402 402 
0 403 15 1
403 403 
0 404 15 1
404 404 
0 405 15 1
405 405 
0 406 15 1
406 406 
0 407 15 1
407 407 
0 408 15 1
408 408 
0 409 15 1
409 409 
0 410 15 1
410 410 
0 411 15 1
411 411 
0 412 15 1
412 412 
0 413 15 1
413 413 
0 414 15 1
414 414 
0 415 15 1
415 415 
0 416 15 1
416 416 
0 417 15 1
417 417 
0 418 15 1
418 418 
0 419 15 1
419 419 
0 420 15 1
420 420 
0 421 15 1
421 421 
0 422 15 1
422 422 
0 423 15 1
423 423 
0 424 15 1
424 424 
0 425 15 1
425 425 
0 426 15 1
426 426 
0 427 15 1
427 427 
0 428 15 1
428 428 
0 429 15 1
429 429 
0 430 15 1
430 430 
0 431 15 1
431 431 
0 432 15 1
432 432 
0 433 15 1
433 433 
0 434 15 1
434 434 
0 435 15 1
435 435 
0 436 15 1
436 436 
0 437 15 1
437 437 
0 438 15 1
438 438 
0 439 15 1
439 439 
0 440 15 1
440 440 
0 441 15 1
441 441 
0 442 15 1
442 442 
0 443 15 1
443 443 
0 444 15 1
444 444 
0 445 15 1
445 445 
0 446 15 1
446 446 
0 447 15 1
447 447 
0 448 15 1
448 448 
0 449 15 1
449 449 
0 450 15 1
450 450 
0 451 15 1
451 451 
0 452 15 1
452 452 
0 453 15 1
453 453 
0 454 15 1
454 454 
0 455 15 1
455 455 
0 456 15 1
456 456 
0 457 15 1
457 457 
0 458 15 1
458 458 
0 459 15 1
459 459 
0 460 15 1
460 460 
0 461 15 1
461 461 
0 462 15 1
462 462 
0 463 15 1
463 463 
0 464 15 1
464 464 
0 465 15 1
465 465 
0 466 15 1
466 466 
0 467 15 1
467 467 
0 468 15 1
468 468 
0 469 15 1
469 469 
0 470 15 1
470 470 
0 471 15 1
471 471 
0 472 15 1
472 472 
0 473 15 1
473 473 
0 474 15 1
474 474 
0 475 15 1
475 475 
0 476 15 1
476 476 
0 477 15 1
477 477 
0 478 15 1
478 478 
0 479 15 1
479 479 
0 480 15 1
480 480 
0 481 15 1
481 481 
0 482 15 1
482 482 
0 483 15 1
483 483 
0 484 15 1
484 484 
0 485 15 1
485 485 
0 486 15 1
486 486 
0 487 15 1
487 487 
0 488 15 1
488 488 
0 489 15 1
489 489 
0 490 15 1
490 490 
0 491 15 1
491 491 
0 492 15 1
492 492 
0 493 15 1
493 493 
0 494 15 1
494 494 
0 495 15 1
495 495 
0 496 15 1
496 496 
0 497 15 1
497 497 
0 498 15 1
498 498 
0 499 15 1
499 499 
0 500 15 1
500 500 
0 501 15 1
501 501 
0 502 15 1
502 502 
0 503 15 1
503 503 
0 504 15 1
504 504 
0 505 15 1
505 505 
0 506 15 1
506 506 
0 507 15 1
507 507 
0 508 15 1
508 508 
0 509 15 1
509 509 
0 510 15 1
510 510 
0 511 15 1
511 511 
0 512 15 1
512 512 
0 513 15 1
513 513 
0 514 15 1
514 514 
0 515 15 1
515 515 
0 516 15 1
516 516 
0 517 15 1
517 517 
0 518 15 1
518 518 
0 519 15 1
519 519 
0 520 15 1
520 520 
0 521 15 1
521 521 
0 522 15 1
522 522 
0 523 15 1
523 523 
0 524 15 1
524 524 
0 525 15 1
525 525 
0 526 15 1
526 526 
0 527 15 1
527 527 
0 528 15 1
528 528 
0 529 15 1
529 529 
0 530 15 1
530 530 
0 531 15 1
531 531 
0 532 15 1
532 532 
0 533 15 1
533 533 
0 534 15 1
534 534 
0 535 15 1
535 535 
0 536 15 1
536 536 
0 537 15 1
537 537 
0 538 15 1
538 538 
0 539 15 1
539 539 
0 540 15 1
540 540 
0 541 15 1
541 541 
0 542 15 1
542 542 
0 543 15 1
543 543 
0 544 15 1
544 544 
0 545 15 1
545 545 
0 546 15 1
546 546 
0 547 15 1
547 547 
0 548 15 1
548 548 
0 549 15 1
549 549 
0 550 15 1
550 550 
0 551 15 1
551 551 
0 552 15 1
552 552 
0 553 15 1
553 553 
0 554 15 1
554 554 
0 555 15 1
555 555 
0 556 15 1
556 556 
0 557 15 1
557 557 
0 558 15 1
558 558 
0 559 15 1
559 559 
0 560 15 1
560 560 
0 561 15 1
561 561 
0 562 15 1
562 562 
0 563 15 1
563 563 
0 564 15 1
564 564 
0 565 15 1
565 565 
0 566 15 1
566 566 
0 567 15 1
567 567 
0 568 15 1
568 568 
0 569 15 1
569 569 
0 570 15 1
570 570 
0 571 15 1
571 571 
0 572 15 1
572 572 
0 573 15 1
573 573 
0 574 15 1
574 574 
0 575 15 1
575 575 
0 576 15 1
576 576 
0 577 15 1
577 577 
0 578 15 1
578 578 
0 579 15 1
579 579 
0 580 15 1
580 580 
0 581 15 1
581 581 
0 582 15 1
582 582 
0 583 15 1
583 583 
0 584 15 1
584 584 
0 585 15 1
585 585 
0 586 15 1
586 586 
0 587 15 1
587 587 
0 588 15 1
588 588 
0 589 15 1
589 589 
0 590 15 1
590 590 
0 591 15 1
591 591 
0 592 15 1
592 592 
0 593 15 1
593 593 
0 594 15 1
594 594 
0 595 15 1
595 595 
0 596 15 1
596 596 
0 597 15 1
597 597 
0 598 15 1
598 598 
0 599 15 1
599 599 
0 600 15 1
600 600 
0 601 15 1
601 601 
0 602 15 1
602 602 
0 603 15 1
603 603 
0 604 15 1
604 604 
0 605 15 1
605 605 
0 606 15 1
606 606 
0 607 15 1
607 607 
0 608 15 1
608 608 
0 609 15 1
609 609 
0 610 15 1
610 610 
0 611 15 1
611 611 
0 612 15 1
612 612 
0 613 15 1
613 613 
0 614 15 1
614 614 
0 615 15 1
615 615 
0 616 15 1
616 616 
0 617 15 1
617 617 
0 618 15 1
618 618 
0 619 15 1
619 619 
0 620 15 1
620 620 
0 621 15 1
621 621 
0 622 15 1
622 622 
0 623 15 1
623 623 
0 624 15 1
624 624 
0 625 15 1
625 625 
0 626 15 1
626 626 
0 627 15 1
627 627 
0 628 15 1
628 628 
0 629 15 1
629 629 
0 630 15 1
630 630 
0 631 15 1
631 631 
0 632 15 1
632 632 
0 633 15 1
633 633 
0 634 15 1
634 634 
0 635 15 1
635 635 
0 636 15 1
636 636 
0 637 15 1
637 637 
0 638 15 1
638 638 
0 639 15 1
639 639 
0 640 15 1
640 640 
0 641 15 1
641 641 
0 642 15 1
642 642 
0 643 15 1
643 643 
0 644 15 1
644 644 
0 645 15 1
645 645 
0 646 15 1
646 646 
0 647 15 1
647 647 
0 648 15 1
648 648 
0 649 15 1
649 649 
0 650 15 1
650 650 
0 651 15 1
651 651 
0 652 15 1
652 652 
0 653 15 1
653 653 
0 654 15 1
654 654 
0 655 15 1
655 655 
0 656 15 1
656 656 
0 657 15 1
657 657 
0 658 15 1
658 658 
0 659 15 1
659 659 
0 660 15 1
660 660 
0 661 15 1
661 661 
0 662 15 1
662 662 
0 663 15 1
663 663 
0 664 15 1
664 664 
0 665 15 1
665 665 
0 666 15 1
666 666 
0 667 15 1
667 667 
0 668 15 1
668 668 
0 669 15 1
669 669 
0 670 15 1
670 670 
0 671 15 1
671 671 
0 672 15 1
672 672 
0 673 15 1
673 673 
0 674 15 1
674 674 
0 675 15 1
675 675 
0 676 15 1
676 676 
0 677 15 1
677 677 
0 678 15 1
678 678 
0 679 15 1
679 679 
0 680 15 1
680 680 
0 681 15 1
681 681 
0 682 15 1
682 682 
0 683 15 1
683 683 
0 684 15 1
684 684 
0 685 15 1
685 685 
0 686 15 1
686 686 
0 687 15 1
687 687 
0 688 15 1
688 688 
0 689 15 1
689 689 
0 690 15 1
690 690 
0 691 15 1
691 691 
0 692 15 1
692 692 
0 693 15 1
693 693 
0 694 15 1
694 694 
0 695 15 1
695 695 
0 696 15 1
696 696 
0 697 15 1
697 697 
0 698 15 1
698 698 
0 699 15 1
699 699 
0 700 15 1
700 700 
0 701 15 1
701 701 
0 702 15 1
702 702 
0 703 15 1
703 703 
0 704 15 1
704 704 
0 705 15 1
705 705 
0 706 15 1
706 706 
0 707 15 1
707 707 
0 708 15 1
708 708 
0 709 15 1
709 709 
0 710 15 1
710 710 
0 711 15 1
711 711 
0 712 15 1
712 712 
0 713 15 1
713 713 
0 714 15 1
714 714 
0 715 15 1
715 715 
0 716 15 1
716 716 
0 717 15 1
717 717 
0 718 15 1
718 718 
0 719 15 1
719 719 
0 720 15 1
720 720 
0 721 15 1
721 721 
0 722 15 1
722 722 
0 723 15 1
723 723 
0 724 15 1
724 724 
0 725 15 1
725 725 
0 726 15 1
726 726 
0 727 15 1
727 727 
0 728 15 1
728 728 
0 729 15 1
729 729 
0 730 15 1
730 730 
0 731 15 1
731 731 
0 732 15 1
732 732 
0 733 15 1
733 733 
0 734 15 1
734 734 
0 735 15 1
735 735 
0 736 15 1
736 736 
0 737 15 1
737 737 
0 738 15 1
738 738 
0 739 15 1
739 739 
0 740 15 1
740 740 
0 741 15 1
741 741 
0 742 15 1
742 742 
0 743 15 1
743 743 
0 744 15 1
744 744 
0 745 15 1
745 745 
0 746 15 1
746 746 
0 747 15 1
747 747 
0 748 15 1
748 748 
0 749 15 1
749 749 
0 750 15 1
750 750 
0 751 15 1
751 751 
0 752 15 1
752 752 
0 753 15 1
753 753 
0 754 15 1
754 754 
0 755 15 1
755 755 
0 756 15 1
756 756 
0 757 15 1
757 757 
0 758 15 1
758 758 
0 759 15 1
759 759 
0 760 15 1
760 760 
0 761 15 1
761 761 
0 762 15 1
762 762 
0 763 15 1
763 763 
0 764 15 1
764 764 
0 765 15 1
765 765 
0 766 15 1
766 766 
0 767 15 1
767 767 
0 768 15 1
768 768 
0 769 15 1
769 769 
0 770 15 1
770 770 
0 771 15 1
771 771 
0 772 15 1
772 772 
0 773 15 1
773 773 
0 774 15 1
774 774 
0 775 15 1
775 775 
0 776 15 1
776 776 
0 777 15 1
777 777 
0 778 15 1
778 778 
0 779 15 1
779 779 
0 780 15 1
780 780 
0 781 15 1
781 781 
0 782 15 1
782 782 
0 783 15 1
783 783 
0 784 15 1
784 784 
0 785 15 1
785 785 
0 786 15 1
786 786 
0 787 15 1
787 787 
0 788 15 1
788 788 
0 789 15 1
789 789 
0 790 15 1
790 790 
0 791 15 1
791 791 
0 792 15 1
792 792 
0 793 15 1
793 793 
0 794 15 1
794 794 
0 795 15 1
795 795 
0 796 15 1
796 796 
0 797 15 1
797 797 
0 798 15 1
798 798 
0 799 15 1
799 799 
0 800 15 1
800 800 
0 801 15 1
801 801 
0 802 15 1
802 802 
0 803 15 1
803 803 
0 804 15 1
804 804 
0 805 15 1
805 805 
0 806 15 1
806 806 
0 807 15 1
807 807 
0 808 15 1
808 808 
0 809 15 1
809 809 
0 810 15 1
810 810 
0 811 15 1
811 811 
0 812 15 1
812 812 
0 813 15 1
813 813 
0 814 15 1
814 814 
0 815 15 1
815 815 
0 816 15 1
816 816 
0 817 15 1
817 817 
0 818 15 1
818 818 
0 819 15 1
819 819 
0 820 15 1
820 820 
0 821 15 1
821 821 
0 822 15 1
822 822 
0 823 15 1
823 823 
0 824 15 1
824 824 
0 825 15 1
825 825 
0 826 15 1
826 826 
0 827 15 1
827 827 
0 828 15 1
828 828 
0 829 15 1
829 829 
0 830 15 1
830 830 
0 831 15 1
831 831 
0 832 15 1
832 832 
0 833 15 1
833 833 
0 834 15 1
834 834 
0 835 15 1
835 835 
0 836 15 1
836 836 
0 837 15 1
837 837 
0 838 15 1
838 838 
0 839 15 1
839 839 
0 840 15 1
840 840 
0 841 15 1
841 841 
0 842 15 1
842 842 
0 843 15 1
843 843 
0 844 15 1
844 844 
0 845 15 1
845 845 
0 846 15 1
846 846 
0 847 15 1
847 847 
0 848 15 1
848 848 
0 849 15 1
849 849 
0 850 15 1
850 850 
0 851 15 1
851 851 
0 852 15 1
852 852 
0 853 15 1
853 853 
0 854 15 1
854 854 
0 855 15 1
855 855 
0 856 15 1
856 856 
0 857 15 1
857 857 
0 858 15 1
858 858 
0 859 15 1
859 859 
0 860 15 1
860 860 
0 861 15 1
861 861 
0 862 15 1
862 862 
0 863 15 1
863 863 
0 864 15 1
864 864 
0 865 15 1
865 865 
0 866 15 1
866 866 
0 867 15 1
867 867 
0 868 15 1
868 868 
0 869 15 1
869 869 
0 870 15 1
870 870 
0 871 15 1
871 871 
0 872 15 1
872 872 
0 873 15 1
873 873 
0 874 15 1
874 874 
0 875 15 1
875 875 
0 876 15 1
876 876 
0 877 15 1
877 877 
0 878 15 1
878 878 
0 879 15 1
879 879 
0 880 15 1
880 880 
0 881 15 1
881 881 
0 882 15 1
882 882 
0 883 15 1
883 883 
0 884 15 1
884 884 
0 885 15 1
885 885 
0 886 15 1
886 886 
0 887 15 1
887 887 
0 888 15 1
888 888 
0 889 15 1
889 889 
0 890 15 1
890 890 
0 891 15 1
891 891 
0 892 15 1
892 892 
0 893 15 1
893 893 
0 894 15 1
894 894 
0 895 15 1
895 895 
0 896 15 1
896 896 
0 897 15 1
897 897 
0 898 15 1
898 898 
0 899 15 1
899 899 
0 900 15 1
900 900 
0 901 15 1
901 901 
0 902 15 1
902 902 
0 903 15 1
903 903 
0 904 15 1
904 904 
0 905 15 1
905 905 
0 906 15 1
906 906 
0 907 15 1
907 907 
0 908 15 1
908 908 
0 909 15 1
909 909 
0 910 15 1
910 910 
0 911 15 1
911 911 
0 912 15 1
912 912 
0 913 15 1
913 913 
0 914 15 1
914 914 
0 915 15 1
915 915 
0 916 15 1
916 916 
0 917 15 1
917 917 
0 918 15 1
918 918 
0 919 15 1
919 919 
0 920 15 1
920 920 
0 921 15 1
921 921 
0 922 15 1
922 922 
0 923 15 1
923 923 
0 924 15 1
924 924 
0 925 15 1
925 925 
0 926 15 1
926 926 
0 927 15 1
927 927 
0 928 15 1
928 928 
0 929 15 1
929 929 
0 930 15 1
930 930 
0 931 15 1
931 931 
0 932 15 1
932 932 
0 933 15 1
933 933 
0 934 15 1
934 934 
0 935 15 1
935 935 
0 936 15 1
936 936 
0 937 15 1
937 937 
0 938 15 1
938 938 
0 939 15 1
939 939 
0 940 15 1
940 940 
0 941 15 1
941 941 
0 942 15 1
942 942 
0 943 15 1
943 943 
0 944 15 1
944 944 
0 945 15 1
945 945 
0 946 15 1
946 946 
0 947 15 1
947 947 
0 948 15 1
948 948 
0 949 15 1
949 949 
0 950 15 1
950 950 
0 951 15 1
951 951 
0 952 15 1
952 952 
0 953 15 1
953 953 
0 954 15 1
954 954 
0 955 15 1
955 955 
0 956 15 1
956 956 
0 957 15 1
957 957 
0 958 15 1
958 958 
0 959 15 1
959 959 
0 960 15 1
960 960 
0 961 15 1
961 961 
0 962 15 1
962 962 
0 963 15 1
963 963 
0 964 15 1
964 964 
0 965 15 1
965 965 
0 966 15 1
966 966 
0 967 15 1
967 967 
0 968 15 1
968 968 
0 969 15 1
969 969 
0 970 15 1
970 970 
0 971 15 1
971 971 
0 972 15 1
972 972 
0 973 15 1
973 973 
0 974 15 1
974 974 
0 975 15 1
975 975 
0 976 15 1
976 976 
0 977 15 1
977 977 
0 978 15 1
978 978 
0 979 15 1
979 979 
0 980 15 1
980 980 
0 981 15 1
981 981 
0 982 15 1
982 982 
0 983 15 1
983 983 
0 984 15 1
984 984 
0 985 15 1
985 985 
0 986 15 1
986 986 
0 987 15 1
987 987 
0 988 15 1
988 988 
0 989 15 1
989 989 
0 990 15 1
990 990 
0 991 15 1
991 991 
0 992 15 1
992 992 
0 993 15 1
993 993 
0 994 15 1
994 994 
0 995 15 1
995 995 
0 996 15 1
996 996 
0 997 15 1
997 997 
0 998 15 1
998 998 
0 999 15 1
999 999 
0 1000 15 1
1000 1000 
0 1001 15 1
1001 1001 
0 1002 15 1
1002 1002 
0 1003 15 1
1003 1003 
0 1004 15 1
1004 1004 
0 1005 15 1
1005 1005 
0 1006 15 1
1006 1006 
0 1007 15 1
1007 1007 
0 1008 15 1
1008 1008 
0 1009 15 1
1009 1009 
0 1010 15 1
1010 1010 
0 1011 15 1
1011 1011 
0 1012 15 1
1012 1012 
0 1013 15 1
1013 1013 
0 1014 15 1
1014 1014 
0 1015 15 1
1015 1015 
0 1016 15 1
1016 1016 
0 1017 15 1
1017 1017 
0 1018 15 1
1018 1018 
0 1019 15 1
1019 1019 
0 1020 15 1
1020 1020 
0 1021 15 1
1021 1021 
0 1022 15 1
1022 1022 
0 1023 15 1
1023 1023 
0 1024 15 1
1024 1024 
0 1025 15 1
1025 1025 
0 1026 15 1
1026 1026 
0 1027 15 1
1027 1027 
0 1028 15 1
1028 1028 
0 1029 15 1
1029 1029 
0 1030 15 1
1030 1030 
0 1031 15 1
1031 1031 
0 1032 15 1
1032 1032 
0 1033 15 1
1033 1033 
0 1034 15 1
1034 1034 
0 1035 15 1
1035 1035 
0 1036 15 1
1036 1036 
0 1037 15 1
1037 1037 
0 1038 15 1
1038 1038 
0 1039 15 1
1039 1039 
0 1040 15 1
1040 1040 
0 1041 15 1
1041 1041 
0 1042 15 1
1042 1042 
0 1043 15 1
1043 1043 
0 1044 15 1
1044 1044 
0 1045 15 1
1045 1045 
0 1046 15 1
1046 1046 
0 1047 15 1
1047 1047 
0 1048 15 1
1048 1048 
0 1049 15 1
1049 1049 
0 1050 15 1
1050 1050 
0 1051 15 1
1051 1051 
0 1052 15 1
1052 1052 
0 1053 15 1
1053 1053 
0 1054 15 1
1054 1054 
0 1055 15 1
1055 1055 
0 1056 15 1
1056 1056 
0 1057 15 1
1057 1057 
0 1058 15 1
1058 1058 
0 1059 15 1
1059 1059 
0 1060 15 1
1060 1060 
0 1061 15 1
1061 1061 
0 1062 15 1
1062 1062 
0 1063 15 1
1063 1063 
0 1064 15 1
1064 1064 
0 1065 15 1
1065 1065 
0 1066 15 1
1066 1066 
0 1067 15 1
1067 1067 
0 1068 15 1
1068 1068 
0 1069 15 1
1069 1069 
0 1070 15 1
1070 1070 
0 1071 15 1
1071 1071 
0 1072 15 1
1072 1072 
0 1073 15 1
1073 1073 
0 1074 15 1
1074 1074 
0 1075 15 1
1075 1075 
0 1076 15 1
1076 1076 
0 1077 15 1
1077 1077 
0 1078 15 1
1078 1078 
0 1079 15 1
1079 1079 
0 1080 15 1
1080 1080 
0 1081 15 1
1081 1081 
0 1082 15 1
1082 1082 
0 1083 15 1
1083 1083 
0 1084 15 1
1084 1084 
0 1085 15 1
1085 1085 
0 1086 15 1
1086 1086 
0 1087 15 1
1087 1087 
0 1088 15 1
1088 1088 
0 1089 15 1
1089 1089 
0 1090 15 1
1090 1090 
0 1091 15 1
1091 1091 
0 1092 15 1
1092 1092 
0 1093 15 1
1093 1093 
0 1094 15 1
1094 1094 
0 1095 15 1
1095 1095 
0 1096 15 1
1096 1096 
0 1097 15 1
1097 1097 
0 1098 15 1
1098 1098 
0 1099 15 1
1099 1099 
0 1100 15 1
1100 1100 
0 1101 15 1
1101 1101 
0 1102 15 1
1102 1102 
0 1103 15 1
1103 1103 
0 1104 15 1
1104 1104 
0 1105 15 1
1105 1105 
0 1106 15 1
1106 1106 
0 1107 15 1
1107 1107 
0 1108 15 1
1108 1108 
0 1109 15 1
1109 1109 
0 1110 15 1
1110 1110 
0 1111 15 1
1111 1111 
0 1112 15 1
1112 1112 
0 1113 15 1
1113 1113 
0 1114 15 1
1114 1114 
0 1115 15 1
1115 1115 
0 1116 15 1
1116 1116 
0 1117 15 1
1117 1117 
0 1118 15 1
1118 1118 
0 1119 15 1
1119 1119 
0 1120 15 1
1120 1120 
0 1121 15 1
1121 1121 
0 1122 15 1
1122 1122 
0 1123 15 1
1123 1123 
0 1124 15 1
1124 1124 
0 1125 15 1
1125 1125 
0 1126 15 1
1126 1126 
0 1127 15 1
1127 1127 
0 1128 15 1
1128 1128 
0 1129 15 1
1129 1129 
0 1130 15 1
1130 1130 
0 1131 15 1
1131 1131 
0 1132 15 1
1132 1132 
0 1133 15 1
1133 1133 
0 1134 15 1
1134 1134 
0 1135 15 1
1135 1135 
0 1136 15 1
1136 1136 
0 1137 15 1
1137 1137 
0 1138 15 1
1138 1138 
0 1139 15 1
1139 1139 
0 1140 15 1
1140 1140 
0 1141 15 1
1141 1141 
0 1142 15 1
1142 1142 
0 1143 15 1
1143 1143 
0 1144 15 1
1144 1144 
0 1145 15 1
1145 1145 
0 1146 15 1
1146 1146 
0 1147 15 1
1147 1147 
0 1148 15 1
1148 1148 
0 1149 15 1
1149 1149 
0 1150 15 1
1150 1150 
0 1151 15 1
1151 1151 
0 1152 15 1
1152 1152 
0 1153 15 1
1153 1153 
0 1154 15 1
1154 1154 
0 1155 15 1
1155 1155 
0 1156 15 1
1156 1156 
0 1157 15 1
1157 1157 
0 1158 15 1
1158 1158 
0 1159 15 1
1159 1159 
0 1160 15 1
1160 1160 
0 1161 15 1
1161 1161 
0 1162 15 1
1162 1162 
0 1163 15 1
1163 1163 
0 1164 15 1
1164 1164 
0 1165 15 1
1165 1165 
0 1166 15 1
1166 1166 
0 1167 15 1
1167 1167 
0 1168 15 1
1168 1168 
0 1169 15 1
1169 1169 
0 1170 15 1
1170 1170 
0 1171 15 1
1171 1171 
0 1172 15 1
1172 1172 
0 1173 15 1
1173 1173 
0 1174 15 1
1174 1174 
0 1175 15 1
1175 1175 
0 1176 15 1
1176 1176 
0 1177 15 1
1177 1177 
0 1178 15 1
1178 1178 
0 1179 15 1
1179 1179 
0 1180 15 1
1180 1180 
0 1181 15 1
1181 1181 
0 1182 15 1
1182 1182 
0 1183 15 1
1183 1183 
0 1184 15 1
1184 1184 
0 1185 15 1
1185 1185 
0 1186 15 1
1186 1186 
0 1187 15 1
1187 1187 
0 1188 15 1
1188 1188 
0 1189 15 1
1189 1189 
0 1190 15 1
1190 1190 
0 1191 15 1
1191 1191 
0 1192 15 1
1192 1192 
0 1193 15 1
1193 1193 
0 1194 15 1
1194 1194 
0 1195 15 1
1195 1195 
0 1196 15 1
1196 1196 
0 1197 15 1
1197 1197 
0 1198 15 1
1198 1198 
0 1199 15 1
1199 1199 
0 1200 15 1
1200 1200 
0 1201 15 1
1201 1201 
0 1202 15 1
1202 1202 
0 1203 15 1
1203 1203 
0 1204 15 1
1204 1204 
0 1205 15 1
1205 1205 
0 1206 15 1
1206 1206 
0 1207 15 1
1207 1207 
0 1208 15 1
1208 1208 
0 1209 15 1
1209 1209 
0 1210 15 1
1210 1210 
0 1211 15 1
1211 1211 
0 1212 15 1
1212 1212 
0 1213 15 1
1213 1213 
0 1214 15 1
1214 1214 
0 1215 15 1
1215 1215 
0 1216 15 1
1216 1216 
0 1217 15 1
1217 1217 
0 1218 15 1
1218 1218 
0 1219 15 1
1219 1219 
0 1220 15 1
1220 1220 
0 1221 15 1
1221 1221 
0 1222 15 1
1222 1222 
0 1223 15 1
1223 1223 
0 1224 15 1
1224 1224 
0 1225 15 1
1225 1225 
0 1226 15 1
1226 1226 
0 1227 15 1
1227 1227 
0 1228 15 1
1228 1228 
0 1229 15 1
1229 1229 
0 1230 15 1
1230 1230 
0 1231 15 1
1231 1231 
0 1232 15 1
1232 1232 
0 1233 15 1
1233 1233 
0 1234 15 1
1234 1234 
0 1235 15 1
1235 1235 
0 1236 15 1
1236 1236 
0 1237 15 1
1237 1237 
0 1238 15 1
1238 1238 
0 1239 15 1
1239 1239 
0 1240 15 1
1240 1240 
0 1241 15 1
1241 1241 
0 1242 15 1
1242 1242 
0 1243 15 1
1243 1243 
0 1244 15 1
1244 1244 
0 1245 15 1
1245 1245 
0 1246 15 1
1246 1246 
0 1247 15 1
1247 1247 
0 1248 15 1
1248 1248 
0 1249 15 1
1249 1249 
0 1250 15 1
1250 1250 
0 1251 15 1
1251 1251 
0 1252 15 1
1252 1252 
0 1253 15 1
1253 1253 
0 1254 15 1
1254 1254 
0 1255 15 1
1255 1255 
0 1256 15 1
1256 1256 
0 1257 15 1
1257 1257 
0 1258 15 1
1258 1258 
0 1259 15 1
1259 1259 
0 1260 15 1
1260 1260 
0 1261 15 1
1261 1261 
0 1262 15 1
1262 1262 
0 1263 15 1
1263 1263 
0 1264 15 1
1264 1264 
0 1265 15 1
1265 1265 
0 1266 15 1
1266 1266 
0 1267 15 1
1267 1267 
0 1268 15 1
1268 1268 
0 1269 15 1
1269 1269 
0 1270 15 1
1270 1270 
0 1271 15 1
1271 1271 
0 1272 15 1
1272 1272 
0 1273 15 1
1273 1273 
0 1274 15 1
1274 1274 
0 1275 15 1
1275 1275 
0 1276 15 1
1276 1276 
0 1277 15 1
1277 1277 
0 1278 15 1
1278 1278 
0 1279 15 1
1279 1279 
0 1280 15 1
1280 1280 
0 1281 15 1
1281 1281 
0 1282 15 1
1282 1282 
0 1283 15 1
1283 1283 
0 1284 15 1
1284 1284 
0 1285 15 1
1285 1285 
0 1286 15 1
1286 1286 
0 1287 15 1
1287 1287 
0 1288 15 1
1288 1288 
0 1289 15 1
1289 1289 
0 1290 15 1
1290 1290 
0 1291 15 1
1291 1291 
0 1292 15 1
1292 1292 
0 1293 15 1
1293 1293 
0 1294 15 1
1294 1294 
0 1295 15 1
1295 1295 
0 1296 15 1
1296 1296 
0 1297 15 1
1297 1297 
0 1298 15 1
1298 1298 
0 1299 15 1
1299 1299 
0 1300 15 1
1300 1300 
0 1301 15 1
1301 1301 
0 1302 15 1
1302 1302 
0 1303 15 1
1303 1303 
0 1304 15 1
1304 1304 
0 1305 15 1
1305 1305 
0 1306 15 1
1306 1306 
0 1307 15 1
1307 1307 
0 1308 15 1
1308 1308 
0 1309 15 1
1309 1309 
0 1310 15 1
1310 1310 
0 1311 15 1
1311 1311 
0 1312 15 1
1312 1312 
0 1313 15 1
1313 1313 
0 1314 15 1
1314 1314 
0 1315 15 1
1315 1315 
0 1316 15 1
1316 1316 
0 1317 15 1
1317 1317 
0 1318 15 1
1318 1318 
0 1319 15 1
1319 1319 
0 1320 15 1
1320 1320 
0 1321 15 1
1321 1321 
0 1322 15 1
1322 1322 
0 1323 15 1
1323 1323 
0 1324 15 1
1324 1324 
0 1325 15 1
1325 1325 
0 1326 15 1
1326 1326 
0 1327 15 1
1327 1327 
0 1328 15 1
1328 1328 
0 1329 15 1
1329 1329 
0 1330 15 1
1330 1330 
0 1331 15 1
1331 1331 
0 1332 15 1
1332 1332 
0 1333 15 1
1333 1333 
0 1334 15 1
1334 1334 
0 1335 15 1
1335 1335 
0 1336 15 1
1336 1336 
0 1337 15 1
1337 1337 
0 1338 15 1
1338 1338 
0 1339 15 1
1339 1339 
0 1340 15 1
1340 1340 
0 1341 15 1
1341 1341 
0 1342 15 1
1342 1342 
0 1343 15 1
1343 1343 
0 1344 15 1
1344 1344 
0 1345 15 1
1345 1345 
0 1346 15 1
1346 1346 
0 1347 15 1
1347 1347 
0 1348 15 1
1348 1348 
0 1349 15 1
1349 1349 
0 1350 15 1
1350 1350 
0 1351 15 1
1351 1351 
0 1352 15 1
1352 1352 
0 1353 15 1
1353 1353 
0 1354 15 1
1354 1354 
0 1355 15 1
1355 1355 
0 1356 15 1
1356 1356 
0 1357 15 1
1357 1357 
0 1358 15 1
1358 1358 
0 1359 15 1
1359 1359 
0 1360 15 1
1360 1360 
0 1361 15 1
1361 1361 
0 1362 15 1
1362 1362 
0 1363 15 1
1363 1363 
0 1364 15 1
1364 1364 
0 1365 15 1
1365 1365 
0 1366 15 1
1366 1366 
0 1367 15 1
1367 1367 
0 1368 15 1
1368 1368 
0 1369 15 1
1369 1369 
0 1370 15 1
1370 1370 
0 1371 15 1
1371 1371 
0 1372 15 1
1372 1372 
0 1373 15 1
1373 1373 
0 1374 15 1
1374 1374 
0 1375 15 1
1375 1375 
0 1376 15 1
1376 1376 
0 1377 15 1
1377 1377 
0 1378 15 1
1378 1378 
0 1379 15 1
1379 1379 
0 1380 15 1
1380 1380 
0 1381 15 1
1381 1381 
0 1382 15 1
1382 1382 
0 1383 15 1
1383 1383 
0 1384 15 1
1384 1384 
0 1385 15 1
1385 1385 
0 1386 15 1
1386 1386 
0 1387 15 1
1387 1387 
0 1388 15 1
1388 1388 
0 1389 15 1
1389 1389 
0 1390 15 1
1390 1390 
0 1391 15 1
1391 1391 
0 1392 15 1
1392 1392 
0 1393 15 1
1393 1393 
0 1394 15 1
1394 1394 
0 1395 15 1
1395 1395 
0 1396 15 1
1396 1396 
0 1397 15 1
1397 1397 
0 1398 15 1
1398 1398 
0 1399 15 1
1399 1399 
0 1400 15 1
1400 1400 
0 1401 15 1
1401 1401 
0 1402 15 1
1402 1402 
0 1403 15 1
1403 1403 
0 1404 15 1
1404 1404 
0 1405 15 1
1405 1405 
0 1406 15 1
1406 1406 
0 1407 15 1
1407 1407 
0 1408 15 1
1408 1408 
0 1409 15 1
1409 1409 
0 1410 15 1
1410 1410 
0 1411 15 1
1411 1411 
0 1412 15 1
1412 1412 
0 1413 15 1
1413 1413 
0 1414 15 1
1414 1414 
0 1415 15 1
1415 1415 
0 1416 15 1
1416 1416 
0 1417 15 1
1417 1417 
0 1418 15 1
1418 1418 
0 1419 15 1
1419 1419 
0 1420 15 1
1420 1420 
0 1421 15 1
1421 1421 
0 1422 15 1
1422 1422 
0 1423 15 1
1423 1423 
0 1424 15 1
1424 1424 
0 1425 15 1
1425 1425 
0 1426 15 1
1426 1426 
0 1427 15 1
1427 1427 
0 1428 15 1
1428 1428 
0 1429 15 1
1429 1429 
0 1430 15 1
1430 1430 
0 1431 15 1
1431 1431 
0 1432 15 1
1432 1432 
0 1433 15 1
1433 1433 
0 1434 15 1
1434 1434 
0 1435 15 1
1435 1435 
0 1436 15 1
1436 1436 
0 1437 15 1
1437 1437 
0 1438 15 1
1438 1438 
0 1439 15 1
1439 1439 
0 1440 15 1
1440 1440 
0 1441 15 1
1441 1441 
0 1442 15 1
1442 1442 
0 1443 15 1
1443 1443 
0 1444 15 1
1444 1444 
0 1445 15 1
1445 1445 
0 1446 15 1
1446 1446 
0 1447 15 1
1447 1447 
0 1448 15 1
1448 1448 
0 1449 15 1
1449 1449 
0 1450 15 1
1450 1450 
0 1451 15 1
1451 1451 
0 1452 15 1
1452 1452 
0 1453 15 1
1453 1453 
0 1454 15 1
1454 1454 
0 1455 15 1
1455 1455 
0 1456 15 1
1456 1456 
0 1457 15 1
1457 1457 
0 1458 15 1
1458 1458 
0 1459 15 1
1459 1459 
0 1460 15 1
1460 1460 
0 1461 15 1
1461 1461 
0 1462 15 1
1462 1462 
0 1463 15 1
1463 1463 
0 1464 15 1
1464 1464 
0 1465 15 1
1465 1465 
0 1466 15 1
1466 1466 
0 1467 15 1
1467 1467 
0 1468 15 1
1468 1468 
0 1469 15 1
1469 1469 
0 1470 15 1
1470 1470 
0 1471 15 1
1471 1471 
0 1472 15 1
1472 1472 
0 1473 15 1
1473 1473 
0 1474 15 1
1474 1474 
0 1475 15 1
1475 1475 
0 1476 15 1
1476 1476 
0 1477 15 1
1477 1477 
0 1478 15 1
1478 1478 
0 1479 15 1
1479 1479 
0 1480 15 1
1480 1480 
0 1481 15 1
1481 1481 
0 1482 15 1
1482 1482 
0 1483 15 1
1483 1483 
0 1484 15 1
1484 1484 
0 1485 15 1
1485 1485 
0 1486 15 1
1486 1486 
0 1487 15 1
1487 1487 
0 1488 15 1
1488 1488 
0 1489 15 1
1489 1489 
0 1490 15 1
1490 1490 
0 1491 15 1
1491 1491 
0 1492 15 1
1492 1492 
0 1493 15 1
1493 1493 
0 1494 15 1
1494 1494 
0 1495 15 1
1495 1495 
0 1496 15 1
1496 1496 
0 1497 15 1
1497 1497 
0 1498 15 1
1498 1498 
0 1499 15 1
1499 1499 
0 1500 15 1
1500 1500 
0 1501 15 1
1501 1501 
0 1502 15 1
1502 1502 
0 1503 15 1
1503 1503 
0 1504 15 1
1504 1504 
0 1505 15 1
1505 1505 
0 1506 15 1
1506 1506 
0 1507 15 1
1507 1507 
0 1508 15 1
1508 1508 
0 1509 15 1
1509 1509 
0 1510 15 1
1510 1510 
0 1511 15 1
1511 1511 
0 1512 15 1
1512 1512 
0 1513 15 1
1513 1513 
0 1514 15 1
1514 1514 
0 1515 15 1
1515 1515 
0 1516 15 1
1516 1516 
0 1517 15 1
1517 1517 
0 1518 15 1
1518 1518 
0 1519 15 1
1519 1519 
0 1520 15 1
1520 1520 
0 1521 15 1
1521 1521 
0 1522 15 1
1522 1522 
0 1523 15 1
1523 1523 
0 1524 15 1
1524 1524 
0 1525 15 1
1525 1525 
0 1526 15 1
1526 1526 
0 1527 15 1
1527 1527 
0 1528 15 1
1528 1528 
0 1529 15 1
1529 1529 
0 1530 15 1
1530 1530 
0 1531 15 1
1531 1531 
0 1532 15 1
1532 1532 
0 1533 15 1
1533 1533 
0 1534 15 1
1534 1534 
0 1535 15 1
1535 1535 
0 1536 15 1
1536 1536 
0 1537 15 1
1537 1537 
0 1538 15 1
1538 1538 
0 1539 15 1
1539 1539 
0 1540 15 1
1540 1540 
0 1541 15 1
1541 1541 
0 1542 15 1
1542 1542 
0 1543 15 1
1543 1543 
0 1544 15 1
1544 1544 
0 1545 15 1
1545 1545 
0 1546 15 1
1546 1546 
0 1547 15 1
1547 1547 
0 1548 15 1
1548 1548 
0 1549 15 1
1549 1549 
0 1550 15 1
1550 1550 
0 1551 15 1
1551 1551 
0 1552 15 1
1552 1552 
0 1553 15 1
1553 1553 
0 1554 15 1
1554 1554 
0 1555 15 1
1555 1555 
0 1556 15 1
1556 1556 
0 1557 15 1
1557 1557 
0 1558 15 1
1558 1558 
0 1559 15 1
1559 1559 
0 1560 15 1
1560 1560 
0 1561 15 1
1561 1561 
0 1562 15 1
1562 1562 
0 1563 15 1
1563 1563 
0 1564 15 1
1564 1564 
0 1565 15 1
1565 1565 
0 1566 15 1
1566 1566 
0 1567 15 1
1567 1567 
0 1568 15 1
1568 1568 
0 1569 15 1
1569 1569 
0 1570 15 1
1570 1570 
0 1571 15 1
1571 1571 
0 1572 15 1
1572 1572 
0 1573 15 1
1573 1573 
0 1574 15 1
1574 1574 
0 1575 15 1
1575 1575 
0 1576 15 1
1576 1576 
0 1577 15 1
1577 1577 
0 1578 15 1
1578 1578 
0 1579 15 1
1579 1579 
0 1580 15 1
1580 1580 
0 1581 15 1
1581 1581 
0 1582 15 1
1582 1582 
0 1583 15 1
1583 1583 
0 1584 15 1
1584 1584 
0 1585 15 1
1585 1585 
0 1586 15 1
1586 1586 
0 1587 15 1
1587 1587 
0 1588 15 1
1588 1588 
0 1589 15 1
1589 1589 
0 1590 15 1
1590 1590 
0 1591 15 1
1591 1591 
0 1592 15 1
1592 1592 
0 1593 15 1
1593 1593 
0 1594 15 1
1594 1594 
0 1595 15 1
1595 1595 
0 1596 15 1
1596 1596 
0 1597 15 1
1597 1597 
0 1598 15 1
1598 1598 
0 1599 15 1
1599 1599 
0 1600 15 1
1600 1600 
0 1601 15 1
1601 1601 
0 1602 15 1
1602 1602 
0 1603 15 1
1603 1603 
0 1604 15 1
1604 1604 
0 1605 15 1
1605 1605 
0 1606 15 1
1606 1606 
0 1607 15 1
1607 1607 
0 1608 15 1
1608 1608 
0 1609 15 1
1609 1609 
0 1610 15 1
1610 1610 
0 1611 15 1
1611 1611 
0 1612 15 1
1612 1612 
0 1613 15 1
1613 1613 
0 1614 15 1
1614 1614 
0 1615 15 1
1615 1615 
0 1616 15 1
1616 1616 
0 1617 15 1
1617 1617 
0 1618 15 1
1618 1618 
0 1619 15 1
1619 1619 
0 1620 15 1
1620 1620 
0 1621 15 1
1621 1621 
0 1622 15 1
1622 1622 
0 1623 15 1
1623 1623 
0 1624 15 1
1624 1624 
0 1625 15 1
1625 1625 
0 1626 15 1
1626 1626 
0 1627 15 1
1627 1627 
0 1628 15 1
1628 1628 
0 1629 15 1
1629 1629 
0 1630 15 1
1630 1630 
0 1631 15 1
1631 1631 
0 1632 15 1
1632 1632 
0 1633 15 1
1633 1633 
0 1634 15 1
1634 1634 
0 1635 15 1
1635 1635 
0 1636 15 1
1636 1636 
0 1637 15 1
1637 1637 
0 1638 15 1
1638 1638 
0 1639 15 1
1639 1639 
0 1640 15 1
1640 1640 
0 1641 15 1
1641 1641 
0 1642 15 1
1642 1642 
0 1643 15 1
1643 1643 
0 1644 15 1
1644 1644 
0 1645 15 1
1645 1645 
0 1646 15 1
1646 1646 
0 1647 15 1
1647 1647 
0 1648 15 1
1648 1648 
0 1649 15 1
1649 1649 
0 1650 15 1
1650 1650 
0 1651 15 1
1651 1651 
0 1652 15 1
1652 1652 
0 1653 15 1
1653 1653 
0 1654 15 1
1654 1654 
0 1655 15 1
1655 1655 
0 1656 15 1
1656 1656 
0 1657 15 1
1657 1657 
0 1658 15 1
1658 1658 
0 1659 15 1
1659 1659 
0 1660 15 1
1660 1660 
0 1661 15 1
1661 1661 
0 1662 15 1
1662 1662 
0 1663 15 1
1663 1663 
0 1664 15 1
1664 1664 
0 1665 15 1
1665 1665 
0 1666 15 1
1666 1666 
0 1667 15 1
1667 1667 
0 1668 15 1
1668 1668 
0 1669 15 1
1669 1669 
0 1670 15 1
1670 1670 
0 1671 15 1
1671 1671 
0 1672 15 1
1672 1672 
0 1673 15 1
1673 1673 
0 1674 15 1
1674 1674 
0 1675 15 1
1675 1675 
0 1676 15 1
1676 1676 
0 1677 15 1
1677 1677 
0 1678 15 1
1678 1678 
0 1679 15 1
1679 1679 
0 1680 15 1
1680 1680 
0 1681 15 1
1681 1681 
0 1682 15 1
1682 1682 
0 1683 15 1
1683 1683 
0 1684 15 1
1684 1684 
0 1685 15 1
1685 1685 
0 1686 15 1
1686 1686 
0 1687 15 1
1687 1687 
0 1688 15 1
1688 1688 
0 1689 15 1
1689 1689 
0 1690 15 1
1690 1690 
0 1691 15 1
1691 1691 
0 1692 15 1
1692 1692 
0 1693 15 1
1693 1693 
0 1694 15 1
1694 1694 
0 1695 15 1
1695 1695 
0 1696 15 1
1696 1696 
0 1697 15 1
1697 1697 
0 1698 15 1
1698 1698 
0 1699 15 1
1699 1699 
0 1700 15 1
1700 1700 
0 1701 15 1
1701 1701 
0 1702 15 1
1702 1702 
0 1703 15 1
1703 1703 
0 1704 15 1
1704 1704 
0 1705 15 1
1705 1705 
0 1706 15 1
1706 1706 
0 1707 15 1
1707 1707 
0 1708 15 1
1708 1708 
0 1709 15 1
1709 1709 
0 1710 15 1
1710 1710 
0 1711 15 1
1711 1711 
0 1712 15 1
1712 1712 
0 1713 15 1
1713 1713 
0 1714 15 1
1714 1714 
0 1715 15 1
1715 1715 
0 1716 15 1
1716 1716 
0 1717 15 1
1717 1717 
0 1718 15 1
1718 1718 
0 1719 15 1
1719 1719 
0 1720 15 1
1720 1720 
0 1721 15 1
1721 1721 
0 1722 15 1
1722 1722 
0 1723 15 1
1723 1723 
0 1724 15 1
1724 1724 
0 1725 15 1
1725 1725 
0 1726 15 1
1726 1726 
0 1727 15 1
1727 1727 
0 1728 15 1
1728 1728 
0 1729 15 1
1729 1729 
0 1730 15 1
1730 1730 
0 1731 15 1
1731 1731 
0 1732 15 1
1732 1732 
0 1733 15 1
1733 1733 
0 1734 15 1
1734 1734 
0 1735 15 1
1735 1735 
0 1736 15 1
1736 1736 
0 1737 15 1
1737 1737 
0 1738 15 1
1738 1738 
0 1739 15 1
1739 1739 
0 1740 15 1
1740 1740 
0 1741 15 1
1741 1741 
0 1742 15 1
1742 1742 
0 1743 15 1
1743 1743 
0 1744 15 1
1744 1744 
0 1745 15 1
1745 1745 
0 1746 15 1
1746 1746 
0 1747 15 1
1747 1747 
0 1748 15 1
1748 1748 
0 1749 15 1
1749 1749 
0 1750 15 1
1750 1750 
0 1751 15 1
1751 1751 
0 1752 15 1
1752 1752 
0 1753 15 1
1753 1753 
0 1754 15 1
1754 1754 
0 1755 15 1
1755 1755 
0 1756 15 1
1756 1756 
0 1757 15 1
1757 1757 
0 1758 15 1
1758 1758 
0 1759 15 1
1759 1759 
0 1760 15 1
1760 1760 
0 1761 15 1
1761 1761 
0 1762 15 1
1762 1762 
0 1763 15 1
1763 1763 
0 1764 15 1
1764 1764 
0 1765 15 1
1765 1765 
0 1766 15 1
1766 1766 
0 1767 15 1
1767 1767 
0 1768 15 1
1768 1768 
0 1769 15 1
1769 1769 
0 1770 15 1
1770 1770 
0 1771 15 1
1771 1771 
0 1772 15 1
1772 1772 
0 1773 15 1
1773 1773 
0 1774 15 1
1774 1774 
0 1775 15 1
1775 1775 
0 1776 15 1
1776 1776 
0 1777 15 1
1777 1777 
0 1778 15 1
1778 1778 
0 1779 15 1
1779 1779 
0 1780 15 1
1780 1780 
0 1781 15 1
1781 1781 
0 1782 15 1
1782 1782 
0 1783 15 1
1783 1783 
0 1784 15 1
1784 1784 
0 1785 15 1
1785 1785 
0 1786 15 1
1786 1786 
0 1787 15 1
1787 1787 
0 1788 15 1
1788 1788 
0 1789 15 1
1789 1789 
0 1790 15 1
1790 1790 
0 1791 15 1
1791 1791 
0 1792 15 1
1792 1792 
0 1793 15 1
1793 1793 
0 1794 15 1
1794 1794 
0 1795 15 1
1795 1795 
0 1796 15 1
1796 1796 
0 1797 15 1
1797 1797 
0 1798 15 1
1798 1798 
0 1799 15 1
1799 1799 
1 1 1 9
1800 1 1800 
1801 1800 1801 
1802 1801 1802 
1803 1802 1803 
1804 1803 1804 
1805 1804 1805 
1806 1805 1806 
1807 1806 1807 
1808 1807 2 
1 2 1 9
1809 4 1808 
1810 1808 1809 
1811 1809 1810 
1812 1810 1811 
1813 1811 1812 
1814 1812 1813 
1815 1813 1814 
1816 1814 1815 
1817 1815 1 
1 3 1 9
1818 5 1816 
1819 1816 1817 
1820 1817 1818 
1821 1818 1819 
1822 1819 1820 
1823 1820 1821 
1824 1821 1822 
1825 1822 1823 
1826 1823 1 
1 4 1 9
1827 2 1824 
1828 1824 1825 
1829 1825 1826 
1830 1826 1827 
1831 1827 1828 
1832 1828 1829 
1833 1829 1830 
1834 1830 1831 
1835 1831 3 
1 5 1 9
1836 3 1832 
1837 1832 1833 
1838 1833 1834 
1839 1834 1835 
1840 1835 1836 
1841 1836 1837 
1842 1837 1838 
1843 1838 1839 
1844 1839 4 
1 6 1 9
1845 3 1840 
1846 1840 1841 
1847 1841 1842 
1848 1842 1843 
1849 1843 1844 
1850 1844 1845 
1851 1845 1846 
1852 1846 1847 
1853 1847 11 
1 7 1 9
1854 4 1848 
1855 1848 1849 
1856 1849 1850 
1857 1850 1851 
1858 1851 1852 
1859 1852 1853 
1860 1853 1854 
1861 1854 1855 
1862 1855 6 
1 8 1 9
1863 12 1856 
1864 1856 1857 
1865 1857 1858 
1866 1858 1859 
1867 1859 1860 
1868 1860 1861 
1869 1861 1862 
1870 1862 1863 
1871 1863 4 
1 9 1 9
1872 6 1864 
1873 1864 1865 
1874 1865 1866 
1875 1866 1867 
1876 1867 1868 
1877 1868 1869 
1878 1869 1870 
1879 1870 1871 
1880 1871 5 
1 10 1 9
1881 7 1872 
1882 1872 1873 
1883 1873 1874 
1884 1874 1875 
1885 1875 1876 
1886 1876 1877 
1887 1877 1878 
1888 1878 1879 
1889 1879 5 
1 11 1 9
1890 6 1880 
1891 1880 1881 
1892 1881 1882 
1893 1882 1883 
1894 1883 1884 
1895 1884 1885 
1896 1885 1886 
1897 1886 1887 
1898 1887 8 
1 12 1 9
1899 13 1888 
1900 1888 1889 
1901 1889 1890 
1902 1890 1891 
1903 1891 1892 
1904 1892 1893 
1905 1893 1894 
1906 1894 1895 
1907 1895 6 
1 13 1 9
1908 8 1896 
1909 1896 1897 
1910 1897 1898 
1911 1898 1899 
1912 1899 1900 
1913 1900 1901 
1914 1901 1902 
1915 1902 1903 
1916 1903 7 
1 14 1 9
1917 9 1904 
1918 1904 1905 
1919 1905 1906 
1920 1906 1907 
1921 1907 1908 
1922 1908 1909 
1923 1909 1910 
1924 1910 1911 
1925 1911 7 
1 15 1 9
1926 8 1912 
1927 1912 1913 
1928 1913 1914 
1929 1914 1915 
1930 1915 1916 
1931 1916 1917 
1932 1917 1918 
1933 1918 1919 
1934 1919 10 
1 16 1 9
1935 14 1920 
1936 1920 1921 
1937 1921 1922 
1938 1922 1923 
1939 1923 1924 
1940 1924 1925 
1941 1925 1926 
1942 1926 1927 
1943 1927 8 
1 17 1 9
1944 8 1928 
1945 1928 1929 
1946 1929 1930 
1947 1930 1931 
1948 1931 1932 
1949 1932 1933 
1950 1933 1934 
1951 1934 1935 
1952 1935 17 
1 18 1 9
1953 10 1936 
1954 1936 1937 
1955 1937 1938 
1956 1938 1939 
1957 1939 1940 
1958 1940 1941 
1959 1941 1942 
1960 1942 1943 
1961 1943 9 
1 19 1 9
1962 16 1944 
1963 1944 1945 
1964 1945 1946 
1965 1946 1947 
1966 1947 1948 
1967 1948 1949 
1968 1949 1950 
1969 1950 1951 
1970 1951 10 
1 20 1 9
1971 11 1952 
1972 1952 1953 
1973 1953 1954 
1974 1954 1955 
1975 1955 1956 
1976 1956 1957 
1977 1957 1958 
1978 1958 1959 
1979 1959 12 
1 21 1 9
1980 11 1960 
1981 1960 1961 
1982 1961 1962 
1983 1962 1963 
1984 1963 1964 
1985 1964 1965 
1986 1965 1966 
1987 1966 1967 
1988 1967 15 
1 22 1 9
1989 12 1968 
1990 1968 1969 
1991 1969 1970 
1992 1970 1971 
1993 1971 1972 
1994 1972 1973 
1995 1973 1974 
1996 1974 1975 
1997 1975 13 
1 23 1 9
1998 13 1976 
1999 1976 1977 
2000 1977 1978 
2001 1978 1979 
2002 1979 1980 
2003 1980 1981 
2004 1981 1982 
2005 1982 1983 
2006 1983 14 
1 24 1 9
2007 15 1984 
2008 1984 1985 
2009 1985 1986 
2010 1986 1987 
2011 1987 1988 
2012 1988 1989 
2013 1989 1990 
2014 1990 1991 
2015 1991 13 
1 25 1 9
2016 18 1992 
2017 1992 1993 
2018 1993 1994 
2019 1994 1995 
2020 1995 1996 
2021 1996 1997 
2022 1997 1998 
2023 1998 1999 
2024 1999 13 
1 26 1 9
2025 14 2000 
2026 2000 2001 
2027 2001 2002 
2028 2002 2003 
2029 2003 2004 
2030 2004 2005 
2031 2005 2006 
2032 2006 2007 
2033 2007 18 
1 27 1 9
2034 15 2008 
2035 2008 2009 
2036 2009 2010 
2037 2010 2011 
2038 2011 2012 
2039 2012 2013 
2040 2013 2014 
2041 2014 2015 
2042 2015 19 
1 28 1 9
2043 17 2016 
2044 2016 2017 
2045 2017 2018 
2046 2018 2019 
2047 2019 2020 
2048 2020 2021 
2049 2021 2022 
2050 2022 2023 
2051 2023 16 
1 29 1 9
2052 21 2024 
2053 2024 2025 
2054 2025 2026 
2055 2026 2027 
2056 2027 2028 
2057 2028 2029 
2058 2029 2030 
2059 2030 2031 
2060 2031 16 
1 30 1 9
2061 18 2032 
2062 2032 2033 
2063 2033 2034 
2064 2034 2035 
2065 2035 2036 
2066 2036 2037 
2067 2037 2038 
2068 2038 2039 
2069 2039 17 
1 31 1 9
2070 17 2040 
2071 2040 2041 
2072 2041 2042 
2073 2042 2043 
2074 2043 2044 
2075 2044 2045 
2076 2045 2046 
2077 2046 2047 
2078 2047 20 
1 32 1 9
2079 19 2048 
2080 2048 2049 
2081 2049 2050 
2082 2050 2051 
2083 2051 2052 
2084 2052 2053 
2085 2053 2054 
2086 2054 2055 
2087 2055 18 
1 33 1 9
2088 18 2056 
2089 2056 2057 
2090 2057 2058 
2091 2058 2059 
2092 2059 2060 
2093 2060 2061 
2094 2061 2062 
2095 2062 2063 
2096 2063 22 
1 34 1 9
2097 19 2064 
2098 2064 2065 
2099 2065 2066 
2100 2066 2067 
2101 2067 2068 
2102 2068 2069 
2103 2069 2070 
2104 2070 2071 
2105 2071 23 
1 35 1 9
2106 20 2072 
2107 2072 2073 
2108 2073 2074 
2109 2074 2075 
2110 2075 2076 
2111 2076 2077 
2112 2077 2078 
2113 2078 2079 
2114 2079 21 
1 36 1 9
2115 22 2080 
2116 2080 2081 
2117 2081 2082 
2118 2082 2083 
2119 2083 2084 
2120 2084 2085 
2121 2085 2086 
2122 2086 2087 
2123 2087 20 
1 37 1 9
2124 23 2088 
2125 2088 2089 
2126 2089 2090 
2127 2090 2091 
2128 2091 2092 
2129 2092 2093 
2130 2093 2094 
2131 2094 2095 
2132 2095 22 
2 1 3 81
2133 1 1800 2096 1815 
2134 1815 2096 2097 1814 
2135 1814 2097 2098 1813 
2136 1813 2098 2099 1812 
2137 1812 2099 2100 1811 
2138 1811 2100 2101 1810 
2139 1810 2101 2102 1809 
2140 1809 2102 2103 1808 
2141 1808 2103 1839 4 
2142 1800 1801 2104 2096 
2143 2096 2104 2105 2097 
2144 2097 2105 2106 2098 
2145 2098 2106 2107 2099 
2146 2099 2107 2108 2100 
2147 2100 2108 2109 2101 
2148 2101 2109 2110 2102 
2149 2102 2110 2111 2103 
2150 2103 2111 1838 1839 
2151 1801 1802 2112 2104 
2152 2104 2112 2113 2105 
2153 2105 2113 2114 2106 
2154 2106 2114 2115 2107 
2155 2107 2115 2116 2108 
2156 2108 2116 2117 2109 
2157 2109 2117 2118 2110 
2158 2110 2118 2119 2111 
2159 2111 2119 1837 1838 
2160 1802 1803 2120 2112 
2161 2112 2120 2121 2113 
2162 2113 2121 2122 2114 
2163 2114 2122 2123 2115 
2164 2115 2123 2124 2116 
2165 2116 2124 2125 2117 
2166 2117 2125 2126 2118 
2167 2118 2126 2127 2119 
2168 2119 2127 1836 1837 
2169 1803 1804 2128 2120 
2170 2120 2128 2129 2121 
2171 2121 2129 2130 2122 
2172 2122 2130 2131 2123 
2173 2123 2131 2132 2124 
2174 2124 2132 2133 2125 
2175 2125 2133 2134 2126 
2176 2126 2134 2135 2127 
2177 2127 2135 1835 1836 
2178 1804 1805 2136 2128 
2179 2128 2136 2137 2129 
2180 2129 2137 2138 2130 
2181 2130 2138 2139 2131 
2182 2131 2139 2140 2132 
2183 2132 2140 2141 2133 
2184 2133 2141 2142 2134 
2185 2134 2142 2143 2135 
2186 2135 2143 1834 1835 
2187 1805 1806 2144 2136 
2188 2136 2144 2145 2137 
2189 2137 2145 2146 2138 
2190 2138 2146 2147 2139 
2191 2139 2147 2148 2140 
2192 2140 2148 2149 2141 
2193 2141 2149 2150 2142 
2194 2142 2150 2151 2143 
2195 2143 2151 1833 1834 
2196 1806 1807 2152 2144 
2197 2144 2152 2153 2145 
2198 2145 2153 2154 2146 
2199 2146 2154 2155 2147 
2200 2147 2155 2156 2148 
2201 2148 2156 2157 2149 
2202 2149 2157 2158 2150 
2203 2150 2158 2159 2151 
2204 2151 2159 1832 1833 
2205 1807 2 1824 2152 
2206 2152 1824 1825 2153 
2207 2153 1825 1826 2154 
2208 2154 1826 1827 2155 
2209 2155 1827 1828 2156 
2210 2156 1828 1829 2157 
2211 2157 1829 1830 2158 
2212 2158 1830 1831 2159 
2213 2159 1831 3 1832 
2 2 3 81
2214 5 1816 2160 1871 
2215 1871 2160 2161 1870 
2216 1870 2161 2162 1869 
2217 1869 2162 2163 1868 
2218 1868 2163 2164 1867 
2219 1867 2164 2165 1866 
2220 1866 2165 2166 1865 
2221 1865 2166 2167 1864 
2222 1864 2167 1855 6 
2223 1816 1817 2168 2160 
2224 2160 2168 2169 2161 
2225 2161 2169 2170 2162 
2226 2162 2170 2171 2163 
2227 2163 2171 2172 2164 
2228 2164 2172 2173 2165 
2229 2165 2173 2174 2166 
2230 2166 2174 2175 2167 
2231 2167 2175 1854 1855 
2232 1817 1818 2176 2168 
2233 2168 2176 2177 2169 
2234 2169 2177 2178 2170 
2235 2170 2178 2179 2171 
2236 2171 2179 2180 2172 
2237 2172 2180 2181 2173 
2238 2173 2181 2182 2174 
2239 2174 2182 2183 2175 
2240 2175 2183 1853 1854 
2241 1818 1819 2184 2176 
2242 2176 2184 2185 2177 
2243 2177 2185 2186 2178 
2244 2178 2186 2187 2179 
2245 2179 2187 2188 2180 
2246 2180 2188 2189 2181 
2247 2181 2189 2190 2182 
2248 2182 2190 2191 2183 
2249 2183 2191 1852 1853 
2250 1819 1820 2192 2184 
2251 2184 2192 2193 2185 
2252 2185 2193 2194 2186 
2253 2186 2194 2195 2187 
2254 2187 2195 2196 2188 
2255 2188 2196 2197 2189 
2256 2189 2197 2198 2190 
2257 2190 2198 2199 2191 
2258 2191 2199 1851 1852 
2259 1820 1821 2200 2192 
2260 2192 2200 2201 2193 
2261 2193 2201 2202 2194 
2262 2194 2202 2203 2195 
2263 2195 2203 2204 2196 
2264 2196 2204 2205 2197 
2265 2197 2205 2206 2198 
2266 2198 2206 2207 2199 
2267 2199 2207 1850 1851 
2268 1821 1822 2208 2200 
2269 2200 2208 2209 2201 
2270 2201 2209 2210 2202 
2271 2202 2210 2211 2203 
2272 2203 2211 2212 2204 
2273 2204 2212 2213 2205 
2274 2205 2213 2214 2206 
2275 2206 2214 2215 2207 
2276 2207 2215 1849 1850 
2277 1822 1823 2216 2208 
2278 2208 2216 2217 2209 
2279 2209 2217 2218 2210 
2280 2210 2218 2219 2211 
2281 2211 2219 2220 2212 
2282 2212 2220 2221 2213 
2283 2213 2221 2222 2214 
2284 2214 2222 2223 2215 
2285 2215 2223 1848 1849 
2286 1823 1 1815 2216 
2287 2216 1815 1814 2217 
2288 2217 1814 1813 2218 
2289 2218 1813 1812 2219 
2290 2219 1812 1811 2220 
2291 2220 1811 1810 2221 
2292 2221 1810 1809 2222 
2293 2222 1809 1808 2223 
2294 2223 1808 4 1848 
2 3 3 81
2295 7 1872 2224 1903 
2296 1903 2224 2225 1902 
2297 1902 2225 2226 1901 
2298 1901 2226 2227 1900 
2299 1900 2227 2228 1899 
2300 1899 2228 2229 1898 
2301 1898 2229 2230 1897 
2302 1897 2230 2231 1896 
2303 1896 2231 1887 8 
2304 1872 1873 2232 2224 
2305 2224 2232 2233 2225 
2306 2225 2233 2234 2226 
2307 2226 2234 2235 2227 
2308 2227 2235 2236 2228 
2309 2228 2236 2237 2229 
2310 2229 2237 2238 2230 
2311 2230 2238 2239 2231 
2312 2231 2239 1886 1887 
2313 1873 1874 2240 2232 
2314 2232 2240 2241 2233 
2315 2233 2241 2242 2234 
2316 2234 2242 2243 2235 
2317 2235 2243 2244 2236 
2318 2236 2244 2245 2237 
2319 2237 2245 2246 2238 
2320 2238 2246 2247 2239 
2321 2239 2247 1885 1886 
2322 1874 1875 2248 2240 
2323 2240 2248 2249 2241 
2324 2241 2249 2250 2242 
2325 2242 2250 2251 2243 
2326 2243 2251 2252 2244 
2327 2244 2252 2253 2245 
2328 2245 2253 2254 2246 
2329 2246 2254 2255 2247 
2330 2247 2255 1884 1885 
2331 1875 1876 2256 2248 
2332 2248 2256 2257 2249 
2333 2249 2257 2258 2250 
2334 2250 2258 2259 2251 
2335 2251 2259 2260 2252 
2336 2252 2260 2261 2253 
2337 2253 2261 2262 2254 
2338 2254 2262 2263 2255 
2339 2255 2263 1883 1884 
2340 1876 1877 2264 2256 
2341 2256 2264 2265 2257 
2342 2257 2265 2266 2258 
2343 2258 2266 2267 2259 
2344 2259 2267 2268 2260 
2345 2260 2268 2269 2261 
2346 2261 2269 2270 2262 
2347 2262 2270 2271 2263 
2348 2263 2271 1882 1883 
2349 1877 1878 2272 2264 
2350 2264 2272 2273 2265 
2351 2265 2273 2274 2266 
2352 2266 2274 2275 2267 
2353 2267 2275 2276 2268 
2354 2268 2276 2277 2269 
2355 2269 2277 2278 2270 
2356 2270 2278 2279 2271 
2357 2271 2279 1881 1882 
2358 1878 1879 2280 2272 
2359 2272 2280 2281 2273 
2360 2273 2281 2282 2274 
2361 2274 2282 2283 2275 
2362 2275 2283 2284 2276 
2363 2276 2284 2285 2277 
2364 2277 2285 2286 2278 
2365 2278 2286 2287 2279 
2366 2279 2287 1880 1881 
2367 1879 5 1871 2280 
2368 2280 1871 1870 2281 
2369 2281 1870 1869 2282 
2370 2282 1869 1868 2283 
2371 2283 1868 1867 2284 
2372 2284 1867 1866 2285 
2373 2285 1866 1865 2286 
2374 2286 1865 1864 2287 
2375 2287 1864 6 1880 
2 4 3 81
2376 9 1904 2288 1943 
2377 1943 2288 2289 1942 
2378 1942 2289 2290 1941 
2379 1941 2290 2291 1940 
2380 1940 2291 2292 1939 
2381 1939 2292 2293 1938 
2382 1938 2293 2294 1937 
2383 1937 2294 2295 1936 
2384 1936 2295 1919 10 
2385 1904 1905 2296 2288 
2386 2288 2296 2297 2289 
2387 2289 2297 2298 2290 
2388 2290 2298 2299 2291 
2389 2291 2299 2300 2292 
2390 2292 2300 2301 2293 
2391 2293 2301 2302 2294 
2392 2294 2302 2303 2295 
2393 2295 2303 1918 1919 
2394 1905 1906 2304 2296 
2395 2296 2304 2305 2297 
2396 2297 2305 2306 2298 
2397 2298 2306 2307 2299 
2398 2299 2307 2308 2300 
2399 2300 2308 2309 2301 
2400 2301 2309 2310 2302 
2401 2302 2310 2311 2303 
2402 2303 2311 1917 1918 
2403 1906 1907 2312 2304 
2404 2304 2312 2313 2305 
2405 2305 2313 2314 2306 
2406 2306 2314 2315 2307 
2407 2307 2315 2316 2308 
2408 2308 2316 2317 2309 
2409 2309 2317 2318 2310 
2410 2310 2318 2319 2311 
2411 2311 2319 1916 1917 
2412 1907 1908 2320 2312 
2413 2312 2320 2321 2313 
2414 2313 2321 2322 2314 
2415 2314 2322 2323 2315 
2416 2315 2323 2324 2316 
2417 2316 2324 2325 2317 
2418 2317 2325 2326 2318 
2419 2318 2326 2327 2319 
2420 2319 2327 1915 1916 
2421 1908 1909 2328 2320 
2422 2320 2328 2329 2321 
2423 2321 2329 2330 2322 
2424 2322 2330 2331 2323 
2425 2323 2331 2332 2324 
2426 2324 2332 2333 2325 
2427 2325 2333 2334 2326 
2428 2326 2334 2335 2327 
2429 2327 2335 1914 1915 
2430 1909 1910 2336 2328 
2431 2328 2336 2337 2329 
2432 2329 2337 2338 2330 
2433 2330 2338 2339 2331 
2434 2331 2339 2340 2332 
2435 2332 2340 2341 2333 
2436 2333 2341 2342 2334 
2437 2334 2342 2343 2335 
2438 2335 2343 1913 1914 
2439 1910 1911 2344 2336 
2440 2336 2344 2345 2337 
2441 2337 2345 2346 2338 
2442 2338 2346 2347 2339 
2443 2339 2347 2348 2340 
2444 2340 2348 2349 2341 
2445 2341 2349 2350 2342 
2446 2342 2350 2351 2343 
2447 2343 2351 1912 1913 
2448 1911 7 1903 2344 
2449 2344 1903 1902 2345 
2450 2345 1902 1901 2346 
2451 2346 1901 1900 2347 
2452 2347 1900 1899 2348 
2453 2348 1899 1898 2349 
2454 2349 1898 1897 2350 
2455 2350 1897 1896 2351 
2456 2351 1896 8 1912 
2 5 3 81
2457 3 1840 2352 1832 
2458 1832 2352 2353 1833 
2459 1833 2353 2354 1834 
2460 1834 2354 2355 1835 
2461 1835 2355 2356 1836 
2462 1836 2356 2357 1837 
2463 1837 2357 2358 1838 
2464 1838 2358 2359 1839 
2465 1839 2359 1863 4 
2466 1840 1841 2360 2352 
2467 2352 2360 2361 2353 
2468 2353 2361 2362 2354 
2469 2354 2362 2363 2355 
2470 2355 2363 2364 2356 
2471 2356 2364 2365 2357 
2472 2357 2365 2366 2358 
2473 2358 2366 2367 2359 
2474 2359 2367 1862 1863 
2475 1841 1842 2368 2360 
2476 2360 2368 2369 2361 
2477 2361 2369 2370 2362 
2478 2362 2370 2371 2363 
2479 2363 2371 2372 2364 
2480 2364 2372 2373 2365 
2481 2365 2373 2374 2366 
2482 2366 2374 2375 2367 
2483 2367 2375 1861 1862 
2484 1842 1843 2376 2368 
2485 2368 2376 2377 2369 
2486 2369 2377 2378 2370 
2487 2370 2378 2379 2371 
2488 2371 2379 2380 2372 
2489 2372 2380 2381 2373 
2490 2373 2381 2382 2374 
2491 2374 2382 2383 2375 
2492 2375 2383 1860 1861 
2493 1843 1844 2384 2376 
2494 2376 2384 2385 2377 
2495 2377 2385 2386 2378 
2496 2378 2386 2387 2379 
2497 2379 2387 2388 2380 
2498 2380 2388 2389 2381 
2499 2381 2389 2390 2382 
2500 2382 2390 2391 2383 
2501 2383 2391 1859 1860 
2502 1844 1845 2392 2384 
2503 2384 2392 2393 2385 
2504 2385 2393 2394 2386 
2505 2386 2394 2395 2387 
2506 2387 2395 2396 2388 
2507 2388 2396 2397 2389 
2508 2389 2397 2398 2390 
2509 2390 2398 2399 2391 
2510 2391 2399 1858 1859 
2511 1845 1846 2400 2392 
2512 2392 2400 2401 2393 
2513 2393 2401 2402 2394 
2514 2394 2402 2403 2395 
2515 2395 2403 2404 2396 
2516 2396 2404 2405 2397 
2517 2397 2405 2406 2398 
2518 2398 2406 2407 2399 
2519 2399 2407 1857 1858 
2520 1846 1847 2408 2400 
2521 2400 2408 2409 2401 
2522 2401 2409 2410 2402 
2523 2402 2410 2411 2403 
2524 2403 2411 2412 2404 
2525 2404 2412 2413 2405 
2526 2405 2413 2414 2406 
2527 2406 2414 2415 2407 
2528 2407 2415 1856 1857 
2529 1847 11 1952 2408 
2530 2408 1952 1953 2409 
2531 2409 1953 1954 2410 
2532 2410 1954 1955 2411 
2533 2411 1955 1956 2412 
2534 2412 1956 1957 2413 
2535 2413 1957 1958 2414 
2536 2414 1958 1959 2415 
2537 2415 1959 12 1856 
2 6 3 81
2538 13 1975 2416 1888 
2539 1975 1974 2417 2416 
2540 1974 1973 2418 2417 
2541 1973 1972 2419 2418 
2542 1972 1971 2420 2419 
2543 1971 1970 2421 2420 
2544 1970 1969 2422 2421 
2545 1969 1968 2423 2422 
2546 1968 12 1856 2423 
2547 1888 2416 2424 1889 
2548 2416 2417 2425 2424 
2549 2417 2418 2426 2425 
2550 2418 2419 2427 2426 
2551 2419 2420 2428 2427 
2552 2420 2421 2429 2428 
2553 2421 2422 2430 2429 
2554 2422 2423 2431 2430 
2555 2423 1856 1857 2431 
2556 1889 2424 2432 1890 
2557 2424 2425 2433 2432 
2558 2425 2426 2434 2433 
2559 2426 2427 2435 2434 
2560 2427 2428 2436 2435 
2561 2428 2429 2437 2436 
2562 2429 2430 2438 2437 
2563 2430 2431 2439 2438 
2564 2431 1857 1858 2439 
2565 1890 2432 2440 1891 
2566 2432 2433 2441 2440 
2567 2433 2434 2442 2441 
2568 2434 2435 2443 2442 
2569 2435 2436 2444 2443 
2570 2436 2437 2445 2444 
2571 2437 2438 2446 2445 
2572 2438 2439 2447 2446 
2573 2439 1858 1859 2447 
2574 1891 2440 2448 1892 
2575 2440 2441 2449 2448 
2576 2441 2442 2450 2449 
2577 2442 2443 2451 2450 
2578 2443 2444 2452 2451 
2579 2444 2445 2453 2452 
2580 2445 2446 2454 2453 
2581 2446 2447 2455 2454 
2582 2447 1859 1860 2455 
2583 1892 2448 2456 1893 
2584 2448 2449 2457 2456 
2585 2449 2450 2458 2457 
2586 2450 2451 2459 2458 
2587 2451 2452 2460 2459 
2588 2452 2453 2461 2460 
2589 2453 2454 2462 2461 
2590 2454 2455 2463 2462 
2591 2455 1860 1861 2463 
2592 1893 2456 2464 1894 
2593 2456 2457 2465 2464 
2594 2457 2458 2466 2465 
2595 2458 2459 2467 2466 
2596 2459 2460 2468 2467 
2597 2460 2461 2469 2468 
2598 2461 2462 2470 2469 
2599 2462 2463 2471 2470 
2600 2463 1861 1862 2471 
2601 1894 2464 2472 1895 
2602 2464 2465 2473 2472 
2603 2465 2466 2474 2473 
2604 2466 2467 2475 2474 
2605 2467 2468 2476 2475 
2606 2468 2469 2477 2476 
2607 2469 2470 2478 2477 
2608 2470 2471 2479 2478 
2609 2471 1862 1863 2479 
2610 1895 2472 1855 6 
2611 2472 2473 1854 1855 
2612 2473 2474 1853 1854 
2613 2474 2475 1852 1853 
2614 2475 2476 1851 1852 
2615 2476 2477 1850 1851 
2616 2477 2478 1849 1850 
2617 2478 2479 1848 1849 
2618 2479 1863 4 1848 
2 7 3 81
2619 13 1976 2480 1888 
2620 1888 2480 2481 1889 
2621 1889 2481 2482 1890 
2622 1890 2482 2483 1891 
2623 1891 2483 2484 1892 
2624 1892 2484 2485 1893 
2625 1893 2485 2486 1894 
2626 1894 2486 2487 1895 
2627 1895 2487 1880 6 
2628 1976 1977 2488 2480 
2629 2480 2488 2489 2481 
2630 2481 2489 2490 2482 
2631 2482 2490 2491 2483 
2632 2483 2491 2492 2484 
2633 2484 2492 2493 2485 
2634 2485 2493 2494 2486 
2635 2486 2494 2495 2487 
2636 2487 2495 1881 1880 
2637 1977 1978 2496 2488 
2638 2488 2496 2497 2489 
2639 2489 2497 2498 2490 
2640 2490 2498 2499 2491 
2641 2491 2499 2500 2492 
2642 2492 2500 2501 2493 
2643 2493 2501 2502 2494 
2644 2494 2502 2503 2495 
2645 2495 2503 1882 1881 
2646 1978 1979 2504 2496 
2647 2496 2504 2505 2497 
2648 2497 2505 2506 2498 
2649 2498 2506 2507 2499 
2650 2499 2507 2508 2500 
2651 2500 2508 2509 2501 
2652 2501 2509 2510 2502 
2653 2502 2510 2511 2503 
2654 2503 2511 1883 1882 
2655 1979 1980 2512 2504 
2656 2504 2512 2513 2505 
2657 2505 2513 2514 2506 
2658 2506 2514 2515 2507 
2659 2507 2515 2516 2508 
2660 2508 2516 2517 2509 
2661 2509 2517 2518 2510 
2662 2510 2518 2519 2511 
2663 2511 2519 1884 1883 
2664 1980 1981 2520 2512 
2665 2512 2520 2521 2513 
2666 2513 2521 2522 2514 
2667 2514 2522 2523 2515 
2668 2515 2523 2524 2516 
2669 2516 2524 2525 2517 
2670 2517 2525 2526 2518 
2671 2518 2526 2527 2519 
2672 2519 2527 1885 1884 
2673 1981 1982 2528 2520 
2674 2520 2528 2529 2521 
2675 2521 2529 2530 2522 
2676 2522 2530 2531 2523 
2677 2523 2531 2532 2524 
2678 2524 2532 2533 2525 
2679 2525 2533 2534 2526 
2680 2526 2534 2535 2527 
2681 2527 2535 1886 1885 
2682 1982 1983 2536 2528 
2683 2528 2536 2537 2529 
2684 2529 2537 2538 2530 
2685 2530 2538 2539 2531 
2686 2531 2539 2540 2532 
2687 2532 2540 2541 2533 
2688 2533 2541 2542 2534 
2689 2534 2542 2543 2535 
2690 2535 2543 1887 1886 
2691 1983 14 1920 2536 
2692 2536 1920 1921 2537 
2693 2537 1921 1922 2538 
2694 2538 1922 1923 2539 
2695 2539 1923 1924 2540 
2696 2540 1924 1925 2541 
2697 2541 1925 1926 2542 
2698 2542 1926 1927 2543 
2699 2543 1927 8 1887 
2 8 3 81
2700 11 1960 2544 1952 
2701 1952 2544 2545 1953 
2702 1953 2545 2546 1954 
2703 1954 2546 2547 1955 
2704 1955 2547 2548 1956 
2705 1956 2548 2549 1957 
2706 1957 2549 2550 1958 
2707 1958 2550 2551 1959 
2708 1959 2551 1968 12 
2709 1960 1961 2552 2544 
2710 2544 2552 2553 2545 
2711 2545 2553 2554 2546 
2712 2546 2554 2555 2547 
2713 2547 2555 2556 2548 
2714 2548 2556 2557 2549 
2715 2549 2557 2558 2550 
2716 2550 2558 2559 2551 
2717 2551 2559 1969 1968 
2718 1961 1962 2560 2552 
2719 2552 2560 2561 2553 
2720 2553 2561 2562 2554 
2721 2554 2562 2563 2555 
2722 2555 2563 2564 2556 
2723 2556 2564 2565 2557 
2724 2557 2565 2566 2558 
2725 2558 2566 2567 2559 
2726 2559 2567 1970 1969 
2727 1962 1963 2568 2560 
2728 2560 2568 2569 2561 
2729 2561 2569 2570 2562 
2730 2562 2570 2571 2563 
2731 2563 2571 2572 2564 
2732 2564 2572 2573 2565 
2733 2565 2573 2574 2566 
2734 2566 2574 2575 2567 
2735 2567 2575 1971 1970 
2736 1963 1964 2576 2568 
2737 2568 2576 2577 2569 
2738 2569 2577 2578 2570 
2739 2570 2578 2579 2571 
2740 2571 2579 2580 2572 
2741 2572 2580 2581 2573 
2742 2573 2581 2582 2574 
2743 2574 2582 2583 2575 
2744 2575 2583 1972 1971 
2745 1964 1965 2584 2576 
2746 2576 2584 2585 2577 
2747 2577 2585 2586 2578 
2748 2578 2586 2587 2579 
2749 2579 2587 2588 2580 
2750 2580 2588 2589 2581 
2751 2581 2589 2590 2582 
2752 2582 2590 2591 2583 
2753 2583 2591 1973 1972 
2754 1965 1966 2592 2584 
2755 2584 2592 2593 2585 
2756 2585 2593 2594 2586 
2757 2586 2594 2595 2587 
2758 2587 2595 2596 2588 
2759 2588 2596 2597 2589 
2760 2589 2597 2598 2590 
2761 2590 2598 2599 2591 
2762 2591 2599 1974 1973 
2763 1966 1967 2600 2592 
2764 2592 2600 2601 2593 
2765 2593 2601 2602 2594 
2766 2594 2602 2603 2595 
2767 2595 2603 2604 2596 
2768 2596 2604 2605 2597 
2769 2597 2605 2606 2598 
2770 2598 2606 2607 2599 
2771 2599 2607 1975 1974 
2772 1967 15 1984 2600 
2773 2600 1984 1985 2601 
2774 2601 1985 1986 2602 
2775 2602 1986 1987 2603 
2776 2603 1987 1988 2604 
2777 2604 1988 1989 2605 
2778 2605 1989 1990 2606 
2779 2606 1990 1991 2607 
2780 2607 1991 13 1975 
2 9 3 81
2781 16 1944 2608 2023 
2782 2023 2608 2609 2022 
2783 2022 2609 2610 2021 
2784 2021 2610 2611 2020 
2785 2020 2611 2612 2019 
2786 2019 2612 2613 2018 
2787 2018 2613 2614 2017 
2788 2017 2614 2615 2016 
2789 2016 2615 1935 17 
2790 1944 1945 2616 2608 
2791 2608 2616 2617 2609 
2792 2609 2617 2618 2610 
2793 2610 2618 2619 2611 
2794 2611 2619 2620 2612 
2795 2612 2620 2621 2613 
2796 2613 2621 2622 2614 
2797 2614 2622 2623 2615 
2798 2615 2623 1934 1935 
2799 1945 1946 2624 2616 
2800 2616 2624 2625 2617 
2801 2617 2625 2626 2618 
2802 2618 2626 2627 2619 
2803 2619 2627 2628 2620 
2804 2620 2628 2629 2621 
2805 2621 2629 2630 2622 
2806 2622 2630 2631 2623 
2807 2623 2631 1933 1934 
2808 1946 1947 2632 2624 
2809 2624 2632 2633 2625 
2810 2625 2633 2634 2626 
2811 2626 2634 2635 2627 
2812 2627 2635 2636 2628 
2813 2628 2636 2637 2629 
2814 2629 2637 2638 2630 
2815 2630 2638 2639 2631 
2816 2631 2639 1932 1933 
2817 1947 1948 2640 2632 
2818 2632 2640 2641 2633 
2819 2633 2641 2642 2634 
2820 2634 2642 2643 2635 
2821 2635 2643 2644 2636 
2822 2636 2644 2645 2637 
2823 2637 2645 2646 2638 
2824 2638 2646 2647 2639 
2825 2639 2647 1931 1932 
2826 1948 1949 2648 2640 
2827 2640 2648 2649 2641 
2828 2641 2649 2650 2642 
2829 2642 2650 2651 2643 
2830 2643 2651 2652 2644 
2831 2644 2652 2653 2645 
2832 2645 2653 2654 2646 
2833 2646 2654 2655 2647 
2834 2647 2655 1930 1931 
2835 1949 1950 2656 2648 
2836 2648 2656 2657 2649 
2837 2649 2657 2658 2650 
2838 2650 2658 2659 2651 
2839 2651 2659 2660 2652 
2840 2652 2660 2661 2653 
2841 2653 2661 2662 2654 
2842 2654 2662 2663 2655 
2843 2655 2663 1929 1930 
2844 1950 1951 2664 2656 
2845 2656 2664 2665 2657 
2846 2657 2665 2666 2658 
2847 2658 2666 2667 2659 
2848 2659 2667 2668 2660 
2849 2660 2668 2669 2661 
2850 2661 2669 2670 2662 
2851 2662 2670 2671 2663 
2852 2663 2671 1928 1929 
2853 1951 10 1919 2664 
2854 2664 1919 1918 2665 
2855 2665 1918 1917 2666 
2856 2666 1917 1916 2667 
2857 2667 1916 1915 2668 
2858 2668 1915 1914 2669 
2859 2669 1914 1913 2670 
2860 2670 1913 1912 2671 
2861 2671 1912 8 1928 
2 10 3 81
2862 14 2000 2672 1920 
2863 1920 2672 2673 1921 
2864 1921 2673 2674 1922 
2865 1922 2674 2675 1923 
2866 1923 2675 2676 1924 
2867 1924 2676 2677 1925 
2868 1925 2677 2678 1926 
2869 1926 2678 2679 1927 
2870 1927 2679 1928 8 
2871 2000 2001 2680 2672 
2872 2672 2680 2681 2673 
2873 2673 2681 2682 2674 
2874 2674 2682 2683 2675 
2875 2675 2683 2684 2676 
2876 2676 2684 2685 2677 
2877 2677 2685 2686 2678 
2878 2678 2686 2687 2679 
2879 2679 2687 1929 1928 
2880 2001 2002 2688 2680 
2881 2680 2688 2689 2681 
2882 2681 2689 2690 2682 
2883 2682 2690 2691 2683 
2884 2683 2691 2692 2684 
2885 2684 2692 2693 2685 
2886 2685 2693 2694 2686 
2887 2686 2694 2695 2687 
2888 2687 2695 1930 1929 
2889 2002 2003 2696 2688 
2890 2688 2696 2697 2689 
2891 2689 2697 2698 2690 
2892 2690 2698 2699 2691 
2893 2691 2699 2700 2692 
2894 2692 2700 2701 2693 
2895 2693 2701 2702 2694 
2896 2694 2702 2703 2695 
2897 2695 2703 1931 1930 
2898 2003 2004 2704 2696 
2899 2696 2704 2705 2697 
2900 2697 2705 2706 2698 
2901 2698 2706 2707 2699 
2902 2699 2707 2708 2700 
2903 2700 2708 2709 2701 
2904 2701 2709 2710 2702 
2905 2702 2710 2711 2703 
2906 2703 2711 1932 1931 
2907 2004 2005 2712 2704 
2908 2704 2712 2713 2705 
2909 2705 2713 2714 2706 
2910 2706 2714 2715 2707 
2911 2707 2715 2716 2708 
2912 2708 2716 2717 2709 
2913 2709 2717 2718 2710 
2914 2710 2718 2719 2711 
2915 2711 2719 1933 1932 
2916 2005 2006 2720 2712 
2917 2712 2720 2721 2713 
2918 2713 2721 2722 2714 
2919 2714 2722 2723 2715 
2920 2715 2723 2724 2716 
2921 2716 2724 2725 2717 
2922 2717 2725 2726 2718 
2923 2718 2726 2727 2719 
2924 2719 2727 1934 1933 
2925 2006 2007 2728 2720 
2926 2720 2728 2729 2721 
2927 2721 2729 2730 2722 
2928 2722 2730 2731 2723 
2929 2723 2731 2732 2724 
2930 2724 2732 2733 2725 
2931 2725 2733 2734 2726 
2932 2726 2734 2735 2727 
2933 2727 2735 1935 1934 
2934 2007 18 2032 2728 
2935 2728 2032 2033 2729 
2936 2729 2033 2034 2730 
2937 2730 2034 2035 2731 
2938 2731 2035 2036 2732 
2939 2732 2036 2037 2733 
2940 2733 2037 2038 2734 
2941 2734 2038 2039 2735 
2942 2735 2039 17 1935 
2 11 3 81
2943 15 2008 2736 1984 
2944 1984 2736 2737 1985 
2945 1985 2737 2738 1986 
2946 1986 2738 2739 1987 
2947 1987 2739 2740 1988 
2948 1988 2740 2741 1989 
2949 1989 2741 2742 1990 
2950 1990 2742 2743 1991 
2951 1991 2743 1999 13 
2952 2008 2009 2744 2736 
2953 2736 2744 2745 2737 
2954 2737 2745 2746 2738 
2955 2738 2746 2747 2739 
2956 2739 2747 2748 2740 
2957 2740 2748 2749 2741 
2958 2741 2749 2750 2742 
2959 2742 2750 2751 2743 
2960 2743 2751 1998 1999 
2961 2009 2010 2752 2744 
2962 2744 2752 2753 2745 
2963 2745 2753 2754 2746 
2964 2746 2754 2755 2747 
2965 2747 2755 2756 2748 
2966 2748 2756 2757 2749 
2967 2749 2757 2758 2750 
2968 2750 2758 2759 2751 
2969 2751 2759 1997 1998 
2970 2010 2011 2760 2752 
2971 2752 2760 2761 2753 
2972 2753 2761 2762 2754 
2973 2754 2762 2763 2755 
2974 2755 2763 2764 2756 
2975 2756 2764 2765 2757 
2976 2757 2765 2766 2758 
2977 2758 2766 2767 2759 
2978 2759 2767 1996 1997 
2979 2011 2012 2768 2760 
2980 2760 2768 2769 2761 
2981 2761 2769 2770 2762 
2982 2762 2770 2771 2763 
2983 2763 2771 2772 2764 
2984 2764 2772 2773 2765 
2985 2765 2773 2774 2766 
2986 2766 2774 2775 2767 
2987 2767 2775 1995 1996 
2988 2012 2013 2776 2768 
2989 2768 2776 2777 2769 
2990 2769 2777 2778 2770 
2991 2770 2778 2779 2771 
2992 2771 2779 2780 2772 
2993 2772 2780 2781 2773 
2994 2773 2781 2782 2774 
2995 2774 2782 2783 2775 
2996 2775 2783 1994 1995 
2997 2013 2014 2784 2776 
2998 2776 2784 2785 2777 
2999 2777 2785 2786 2778 
3000 2778 2786 2787 2779 
3001 2779 2787 2788 2780 
3002 2780 2788 2789 2781 
3003 2781 2789 2790 2782 
3004 2782 2790 2791 2783 
3005 2783 2791 1993 1994 
3006 2014 2015 2792 2784 
3007 2784 2792 2793 2785 
3008 2785 2793 2794 2786 
3009 2786 2794 2795 2787 
3010 2787 2795 2796 2788 
3011 2788 2796 2797 2789 
3012 2789 2797 2798 2790 
3013 2790 2798 2799 2791 
3014 2791 2799 1992 1993 
3015 2015 19 2048 2792 
3016 2792 2048 2049 2793 
3017 2793 2049 2050 2794 
3018 2794 2050 2051 2795 
3019 2795 2051 2052 2796 
3020 2796 2052 2053 2797 
3021 2797 2053 2054 2798 
3022 2798 2054 2055 2799 
3023 2799 2055 18 1992 
2 12 3 81
3024 20 2072 2800 2047 
3025 2047 2800 2801 2046 
3026 2046 2801 2802 2045 
3027 2045 2802 2803 2044 
3028 2044 2803 2804 2043 
3029 2043 2804 2805 2042 
3030 2042 2805 2806 2041 
3031 2041 2806 2807 2040 
3032 2040 2807 2016 17 
3033 2072 2073 2808 2800 
3034 2800 2808 2809 2801 
3035 2801 2809 2810 2802 
3036 2802 2810 2811 2803 
3037 2803 2811 2812 2804 
3038 2804 2812 2813 2805 
3039 2805 2813 2814 2806 
3040 2806 2814 2815 2807 
3041 2807 2815 2017 2016 
3042 2073 2074 2816 2808 
3043 2808 2816 2817 2809 
3044 2809 2817 2818 2810 
3045 2810 2818 2819 2811 
3046 2811 2819 2820 2812 
3047 2812 2820 2821 2813 
3048 2813 2821 2822 2814 
3049 2814 2822 2823 2815 
3050 2815 2823 2018 2017 
3051 2074 2075 2824 2816 
3052 2816 2824 2825 2817 
3053 2817 2825 2826 2818 
3054 2818 2826 2827 2819 
3055 2819 2827 2828 2820 
3056 2820 2828 2829 2821 
3057 2821 2829 2830 2822 
3058 2822 2830 2831 2823 
3059 2823 2831 2019 2018 
3060 2075 2076 2832 2824 
3061 2824 2832 2833 2825 
3062 2825 2833 2834 2826 
3063 2826 2834 2835 2827 
3064 2827 2835 2836 2828 
3065 2828 2836 2837 2829 
3066 2829 2837 2838 2830 
3067 2830 2838 2839 2831 
3068 2831 2839 2020 2019 
3069 2076 2077 2840 2832 
3070 2832 2840 2841 2833 
3071 2833 2841 2842 2834 
3072 2834 2842 2843 2835 
3073 2835 2843 2844 2836 
3074 2836 2844 2845 2837 
3075 2837 2845 2846 2838 
3076 2838 2846 2847 2839 
3077 2839 2847 2021 2020 
3078 2077 2078 2848 2840 
3079 2840 2848 2849 2841 
3080 2841 2849 2850 2842 
3081 2842 2850 2851 2843 
3082 2843 2851 2852 2844 
3083 2844 2852 2853 2845 
3084 2845 2853 2854 2846 
3085 2846 2854 2855 2847 
3086 2847 2855 2022 2021 
3087 2078 2079 2856 2848 
3088 2848 2856 2857 2849 
3089 2849 2857 2858 2850 
3090 2850 2858 2859 2851 
3091 2851 2859 2860 2852 
3092 2852 2860 2861 2853 
3093 2853 2861 2862 2854 
3094 2854 2862 2863 2855 
3095 2855 2863 2023 2022 
3096 2079 21 2024 2856 
3097 2856 2024 2025 2857 
3098 2857 2025 2026 2858 
3099 2858 2026 2027 2859 
3100 2859 2027 2028 2860 
3101 2860 2028 2029 2861 
3102 2861 2029 2030 2862 
3103 2862 2030 2031 2863 
3104 2863 2031 16 2023 
2 13 3 81
3105 22 2080 2864 2063 
3106 2063 2864 2865 2062 
3107 2062 2865 2866 2061 
3108 2061 2866 2867 2060 
3109 2060 2867 2868 2059 
3110 2059 2868 2869 2058 
3111 2058 2869 2870 2057 
3112 2057 2870 2871 2056 
3113 2056 2871 2032 18 
3114 2080 2081 2872 2864 
3115 2864 2872 2873 2865 
3116 2865 2873 2874 2866 
3117 2866 2874 2875 2867 
3118 2867 2875 2876 2868 
3119 2868 2876 2877 2869 
3120 2869 2877 2878 2870 
3121 2870 2878 2879 2871 
3122 2871 2879 2033 2032 
3123 2081 2082 2880 2872 
3124 2872 2880 2881 2873 
3125 2873 2881 2882 2874 
3126 2874 2882 2883 2875 
3127 2875 2883 2884 2876 
3128 2876 2884 2885 2877 
3129 2877 2885 2886 2878 
3130 2878 2886 2887 2879 
3131 2879 2887 2034 2033 
3132 2082 2083 2888 2880 
3133 2880 2888 2889 2881 
3134 2881 2889 2890 2882 
3135 2882 2890 2891 2883 
3136 2883 2891 2892 2884 
3137 2884 2892 2893 2885 
3138 2885 2893 2894 2886 
3139 2886 2894 2895 2887 
3140 2887 2895 2035 2034 
3141 2083 2084 2896 2888 
3142 2888 2896 2897 2889 
3143 2889 2897 2898 2890 
3144 2890 2898 2899 2891 
3145 2891 2899 2900 2892 
3146 2892 2900 2901 2893 
3147 2893 2901 2902 2894 
3148 2894 2902 2903 2895 
3149 2895 2903 2036 2035 
3150 2084 2085 2904 2896 
3151 2896 2904 2905 2897 
3152 2897 2905 2906 2898 
3153 2898 2906 2907 2899 
3154 2899 2907 2908 2900 
3155 2900 2908 2909 2901 
3156 2901 2909 2910 2902 
3157 2902 2910 2911 2903 
3158 2903 2911 2037 2036 
3159 2085 2086 2912 2904 
3160 2904 2912 2913 2905 
3161 2905 2913 2914 2906 
3162 2906 2914 2915 2907 
3163 2907 2915 2916 2908 
3164 2908 2916 2917 2909 
3165 2909 2917 2918 2910 
3166 2910 2918 2919 2911 
3167 2911 2919 2038 2037 
3168 2086 2087 2920 2912 
3169 2912 2920 2921 2913 
3170 2913 2921 2922 2914 
3171 2914 2922 2923 2915 
3172 2915 2923 2924 2916 
3173 2916 2924 2925 2917 
3174 2917 2925 2926 2918 
3175 2918 2926 2927 2919 
3176 2919 2927 2039 2038 
3177 2087 20 2047 2920 
3178 2920 2047 2046 2921 
3179 2921 2046 2045 2922 
3180 2922 2045 2044 2923 
3181 2923 2044 2043 2924 
3182 2924 2043 2042 2925 
3183 2925 2042 2041 2926 
3184 2926 2041 2040 2927 
3185 2927 2040 17 2039 
2 14 3 81
3186 19 2064 2928 2048 
3187 2048 2928 2929 2049 
3188 2049 2929 2930 2050 
3189 2050 2930 2931 2051 
3190 2051 2931 2932 2052 
3191 2052 2932 2933 2053 
3192 2053 2933 2934 2054 
3193 2054 2934 2935 2055 
3194 2055 2935 2056 18 
3195 2064 2065 2936 2928 
3196 2928 2936 2937 2929 
3197 2929 2937 2938 2930 
3198 2930 2938 2939 2931 
3199 2931 2939 2940 2932 
3200 2932 2940 2941 2933 
3201 2933 2941 2942 2934 
3202 2934 2942 2943 2935 
3203 2935 2943 2057 2056 
3204 2065 2066 2944 2936 
3205 2936 2944 2945 2937 
3206 2937 2945 2946 2938 
3207 2938 2946 2947 2939 
3208 2939 2947 2948 2940 
3209 2940 2948 2949 2941 
3210 2941 2949 2950 2942 
3211 2942 2950 2951 2943 
3212 2943 2951 2058 2057 
3213 2066 2067 2952 2944 
3214 2944 2952 2953 2945 
3215 2945 2953 2954 2946 
3216 2946 2954 2955 2947 
3217 2947 2955 2956 2948 
3218 2948 2956 2957 2949 
3219 2949 2957 2958 2950 
3220 2950 2958 2959 2951 
3221 2951 2959 2059 2058 
3222 2067 2068 2960 2952 
3223 2952 2960 2961 2953 
3224 2953 2961 2962 2954 
3225 2954 2962 2963 2955 
3226 2955 2963 2964 2956 
3227 2956 2964 2965 2957 
3228 2957 2965 2966 2958 
3229 2958 2966 2967 2959 
3230 2959 2967 2060 2059 
3231 2068 2069 2968 2960 
3232 2960 2968 2969 2961 
3233 2961 2969 2970 2962 
3234 2962 2970 2971 2963 
3235 2963 2971 2972 2964 
3236 2964 2972 2973 2965 
3237 2965 2973 2974 2966 
3238 2966 2974 2975 2967 
3239 2967 2975 2061 2060 
3240 2069 2070 2976 2968 
3241 2968 2976 2977 2969 
3242 2969 2977 2978 2970 
3243 2970 2978 2979 2971 
3244 2971 2979 2980 2972 
3245 2972 2980 2981 2973 
3246 2973 2981 2982 2974 
3247 2974 2982 2983 2975 
3248 2975 2983 2062 2061 
3249 2070 2071 2984 2976 
3250 2976 2984 2985 2977 
3251 2977 2985 2986 2978 
3252 2978 2986 2987 2979 
3253 2979 2987 2988 2980 
3254 2980 2988 2989 2981 
3255 2981 2989 2990 2982 
3256 2982 2990 2991 2983 
3257 2983 2991 2063 2062 
3258 2071 23 2088 2984 
3259 2984 2088 2089 2985 
3260 2985 2089 2090 2986 
3261 2986 2090 2091 2987 
3262 2987 2091 2092 2988 
3263 2988 2092 2093 2989 
3264 2989 2093 2094 2990 
3265 2990 2094 2095 2991 
3266 2991 2095 22 2063 
$EndElements
